サブプロット,階層,種名,DK1999,被度2006,被度2012,被度2018,被度2025,DK2006
1,B2,オオカメノキ,0,1,0.5,0.5,0.1,1
1,B2,オオシラビソ,4,5,0.5,1,0.8,4
1,B2,オオバスノキ,4,6,4,4,2.5,4
1,B2,オガラバナ,0,0.5,0.5,0.5,0,0.5
1,B2,ダケカンバ,0,0,0,0,0.1,0
1,B2,ヒメウスノキ,0,0.5,0.5,0.2,0.6,0.5
1,B2,ミネカエデ,5,10,20,10,4,5
1,B2,ムラサキヤシオツツジ,0,0.5,0.5,0.5,1,0.5
1,C,イワカガミ,0.5,0.5,0.5,0.1,0.3,0.5
1,C,イワナシ,0.5,0.5,0.5,0.1,0.1,0
1,C,キソチドリ,0.5,0,0,0,0,0.5
1,C,ゴゼンタチバナ,4,1,3,1.5,2.2,1
1,C,シノブカグマ,0.5,0.5,0.5,0.5,0.1,0.5
1,C,ショウジョウバカマ,2,2,0.5,0.5,0.8,2
1,C,タケシマラン,0,0,0,0,0.4,0
1,C,チゴユリ,1,0,0.5,0.1,0.1,0
1,C,ツマトリソウ,0.5,0,0.5,0.1,0,0
1,C,ツルリンドウ,0.5,1,0.5,0.1,0.2,1
1,C,ヒメタケシマラン,0,0.5,0.5,0.2,0,0.5
1,C,マイヅルソウ,1,0,0.5,0.2,0.1,0
1,C,ミズバショウ,5,10,10,15,12,5
1,C,ミツバオウレン,0.5,0.5,0.5,0.1,0.3,0.5
1,C,ミヤマカンスゲ,5,8,3,7,4.5,4
1,C,ヤマソテツ,3,2,3,3,4.4,2
1,S,チシマザサ,9,100,70,80,80,0
2,B2,オオカメノキ,2,0,0.5,1,1,10
2,B2,オオシラビソ,4,8,35,5,1.6,0
2,B2,オオバスノキ,3,2,0.5,4,5.8,4
2,B2,オガラバナ,2,2,0.5,0,1,2
2,B2,クロウスゴ,0.5,0,0.5,0.5,0.4,2
2,B2,ナナカマド,0,0,0,0.5,0,0
2,B2,ヒメウスノキ,0,0,0,0,0.8,0
2,B2,ミネカエデ,0,0,0,1,2.6,0
2,C,イワカガミ,0.5,0,0.5,0.1,0.4,0
2,C,イワナシ,0,0.5,0.5,0.1,0.1,0.5
2,C,オオバショリマ,0,0,0,0,0.2,0
2,C,コガネイチゴ,0,0,0,0,0.1,0
2,C,ゴゼンタチバナ,1,0,0.5,0.2,0.2,0
2,C,サンカヨウ,0,0,0.5,0,0,0
2,C,シノブカグマ,0,0,0.5,0.1,0.3,0
2,C,ショウジョウバカマ,1,1,0.5,0.1,0.8,0
2,C,タケシマラン,0,0,0,0,0.4,0
2,C,チゴユリ,0.5,0,0.5,0.1,0,1
2,C,ツマトリソウ,0,0,0.5,0.1,0.2,0
2,C,ツルリンドウ,0.5,1,0.5,0.1,0.2,0
2,C,ヒメタケシマラン,0,0,0.5,0.1,0,1
2,C,ヒメノガリヤス,0,0,0.5,0.1,0,0
2,C,マイヅルソウ,0.5,0,0.5,0.1,0.1,0
2,C,ミツバオウレン,0,0,0,0.1,0.1,0
2,C,ミヤマアキノキリンソウ,0,0,0,0,0.3,0
2,C,ミヤマカンスゲ,4,8,5,3,5,0
2,C,ミヤマセンキュウ,0,0,0,0,0.1,0
2,C,ミヤマワラビ,0.5,0,1,0,0.1,4
2,C,ヤマソテツ,0,0.5,0.5,0.5,0.7,0
2,C,ヤマドリゼンマイ,0,0,0,1,1,0.5
2,S,チシマザサ,10,100,90,90,80,0
3,B2,オオカメノキ,0.5,0,0,0,0.1,10
3,B2,オオシラビソ,2,0.5,0.5,3,1.5,0
3,B2,オオバスノキ,3,3,4,2,2.4,0.5
3,B2,クロウスゴ,0.5,0,0.5,0.5,0.1,3
3,B2,ナナカマド,3,10,0,1.5,0.1,0
3,B2,ヒメウスノキ,0,0,0,0,0.1,0
3,B2,ミネカエデ,3,3,4,3,3.2,5
3,C,イワカガミ,0.5,0,0.5,0.3,0.4,3
3,C,イワナシ,0.5,0.5,0.5,0.1,0.9,0.5
3,C,オオバショリマ,0,0,0,0,0.5,0
3,C,コバイケイソウ,0,0,0,0,0.1,0
3,C,ゴゼンタチバナ,4,4,1.5,0.5,0.5,0
3,C,ショウジョウバカマ,1,2,0.5,0.2,0.1,3
3,C,シラネワラビ,0,0.5,0,0,0,2
3,C,タケシマラン,0,0,0,0,0.2,0
3,C,チゴユリ,1,0,0.5,0.1,0.1,0.5
3,C,ツマトリソウ,0.5,0,0.5,0.1,0,0
3,C,ツルリンドウ,0.5,2,0.5,0.1,0.1,0
3,C,ヒメゴヨウイチゴ,0.5,0,0,0,0,2
3,C,ヒメタケシマラン,0,1,0.5,0.1,0,0
3,C,ヒロハユキザサ,0,0.5,1,0.5,0,1
3,C,マイヅルソウ,0.5,0,0,0,0,0.5
3,C,ミズバショウ,1,2,9,9,12.3,0
3,C,ミツバオウレン,0.5,0,0.5,0.1,0,2
3,C,ミヤマカンスゲ,6,25,7,9,12,0
3,C,ヤマソテツ,4,5,2,2,1.3,6
3,C,ヤマドリゼンマイ,0,0,0,0.2,0,4
3,C,ヤマブキショウマ,0,0,0,0,0.1,0
3,C,ユキザサ,0.5,0,0,0,0,0
3,S,チシマザサ,9,95,95,95,80,0
4,B2,オオカメノキ,0,0,0.5,0.2,1.3,9
4,B2,オオシラビソ,4,8,0.5,1,0.1,0
4,B2,オオバスノキ,3,3,1,4,3.2,4
4,B2,オガラバナ,2,2,0,0,1,3
4,B2,クロウスゴ,1,1,0,0.2,0,2
4,B2,ダケカンバ,2,0,0,0,0,1
4,B2,ナナカマド,0,2,0,1,0.1,0
4,B2,ヒメウスノキ,0,0,0,0.2,0.3,2
4,B2,ミネカエデ,4,6,0.5,0.5,1.3,0
4,B2,ミヤマホツツジ,0,0,0.5,0,0,4
4,C,イワカガミ,0.5,0,0.5,0.2,0.7,0
4,C,イワナシ,0,0,0.5,0.1,0.3,0
4,C,エンレイソウ,0,0,0,0,0.1,0
4,C,オオバショリマ,0,0,0.5,0.3,0.2,0
4,C,ゴゼンタチバナ,2,2,1,0.5,1,0
4,C,サンカヨウ,0,0,0.5,0,0.1,2
4,C,シノブカグマ,0.5,0,0,0,0.1,0
4,C,ショウジョウバカマ,0.5,1,0.5,0.5,1.3,0
4,C,タケシマラン,0,0,0,0,2.1,0
4,C,チゴユリ,1,0,0.5,0,0.1,1
4,C,ツクバネソウ,0,0.5,0.5,0.1,0,0
4,C,ツルリンドウ,0.5,0,0,0,0,0.5
4,C,ヒメタケシマラン,0,2,0.5,0.2,0,0
4,C,マイヅルソウ,0,0,0.5,0.1,0.1,2
4,C,ミズバショウ,4,5,3,3,5.9,0
4,C,ミツバオウレン,0,0.5,0.5,0.1,0,4
4,C,ミヤマカンスゲ,5,18,13,14,14,0.5
4,C,ヤマソテツ,3,5,2,3,3.4,5
4,S,チシマザサ,9,100,95,95,80,4
5,B2,オオカメノキ,2,2,0.5,0.5,1.6,10
5,B2,オオシラビソ,3,0,0.5,2,1.5,2
5,B2,オオバスノキ,3,3,0.5,4,1.1,0
5,B2,オガラバナ,0,0,0,0.2,0,3
5,B2,ナナカマド,0.5,0.5,0.5,0.5,0.5,0
5,B2,ヒメウスノキ,0,0,0.5,0.2,0.5,0.5
5,B2,ミネカエデ,5,20,2,5,3.5,0
5,C,イワカガミ,0,0.5,0.5,0.3,0.3,6
5,C,イワナシ,0,0.5,0,0.1,0.1,0.5
5,C,エンレイソウ,0,0.5,0,0,0,0.5
5,C,オオバショリマ,0,0,0,0,0.30000000000000004,0
5,C,キソチドリ,0.5,0,0,0,0,0
5,C,ゴゼンタチバナ,2,3,1,0.2,0.7,0.5
5,C,シノブカグマ,0,0.5,0,0.1,0.3,3
5,C,ショウジョウバカマ,2,2,0.5,0.2,0.2,0.5
5,C,シラネワラビ,1,1,0.5,0,0.3,2
5,C,ゼンマイ,0,0,0,0,0.1,0
5,C,タケシマラン,0,0,0,0,0.4,0
5,C,チゴユリ,2,0,0.5,0,0,1
5,C,ツクバネソウ,0,0,0.5,0,0,0
5,C,ツルリンドウ,2,2,0.5,0.1,0.1,0
5,C,ヒメタケシマラン,0,0.5,0.5,0.1,0,2
5,C,ヒロハユキザサ,0,0.5,0.5,0.2,0.1,0.5
5,C,マイヅルソウ,3,3,0.5,0.1,0.2,0.5
5,C,ミズバショウ,1,5,10,5,5,3
5,C,ミツバオウレン,0,0,0.5,0.1,0.1,4
5,C,ミヤマカンスゲ,6,18,30,30,30,0
5,C,ミヤマワラビ,0,0,0,0.1,0,5
5,C,ヤマソテツ,4,5,1.5,4,3.5,0
5,C,ヤマドリゼンマイ,3,0.5,0.5,0.3,0,4
5,S,チシマザサ,9,100,80,85,70,0.5
6,B2,オオシラビソ,4,5,3,5,6.5,10
6,B2,オオバスノキ,3,6,12,9,2.1,4
6,B2,クロウスゴ,2,2,2,1,0.3,4
6,B2,コメツガ,0,0,0,1,0,2
6,B2,ダケカンバ,0,0,0,0,0.5,0
6,B2,ナナカマド,0,5,4,4,1.1,0
6,B2,ヒメウスノキ,0,0.5,5,0.5,0.2,4
6,B2,ミネカエデ,5,5,6,4,2.5,0.5
6,B2,ミヤマハンノキ,0,0.5,1,1,0,4
6,C,イワカガミ,2,1,0.5,0.2,0.2,0.5
6,C,イワナシ,0.5,0.5,0.1,0.1,0.3,0.5
6,C,エンレイソウ,0,0.5,0,0,0.1,0.5
6,C,ゴゼンタチバナ,2,2,0.5,0.5,0.7,1
6,C,サンカヨウ,0,0.5,0,0,0,2
6,C,シノブカグマ,0,0.5,0.5,0.2,0.1,0.5
6,C,ショウジョウバカマ,4,2,0.5,0.2,1.2,0.5
6,C,シラネワラビ,0,0.5,0.5,0.1,0,2
6,C,タケシマラン,0,0,0,0,0.2,0
6,C,チゴユリ,1,0,0,0.1,0.1,0.5
6,C,ツマトリソウ,0,0,0,0.1,0.1,0
6,C,ツルリンドウ,0,0.5,0,0.1,0,0
6,C,ヒメタケシマラン,0,1,0.5,0.1,0,0.5
6,C,ヒロハユキザサ,0,0,0.1,0,0,1
6,C,マイヅルソウ,1,0,0.1,0,0,0
6,C,ミズバショウ,6,30,18,15,9.5,0
6,C,ミツバオウレン,1,0.5,0.1,0.1,0.2,6
6,C,ミヤマカンスゲ,6,20,15,10,6,0.5
6,C,ヤマソテツ,4,5,2,2,1.2,6
6,S,チシマザサ,9,100,95,95,60,4
7,B2,オオカメノキ,0,0,0,1,1,10
7,B2,オオシラビソ,6,20,2,3,0.5,0
7,B2,オオバスノキ,0.5,1,0.6,1.5,0.3,6
7,B2,オガラバナ,4,4,5,0,0,1
7,B2,クロウスゴ,0.5,1,1,1,0.1,3
7,B2,クロツリバナ,0,0,0.1,0,0,1
7,B2,ナナカマド,2,5,1,3,1.6,0
7,B2,ハリブキ,0,0,0,0.1,0.1,4
7,B2,ヒメウスノキ,0,0,0,0,0.1,0
7,B2,ミネカエデ,0,4,3,2,2,0
7,B2,ミヤマハンノキ,4,5,0,0,0,3
7,C,イワカガミ,1,2,0.2,0.3,0.3,4
7,C,エンレイソウ,0.5,0.5,0.5,0,0.2,0.5
7,C,オオバショリマ,0,0,0.6,1,0.30000000000000004,0
7,C,オオバタケシマラン,0.5,0.5,0.5,0.1,0.1,0.5
7,C,ゴゼンタチバナ,1,1,1.5,0.5,0.6,2
7,C,シノブカグマ,0,0,0,0.1,0.2,1
7,C,ショウジョウバカマ,2,2,0.1,0.5,2.4,0
7,C,シラネワラビ,0,0,0,0,0.1,0
7,C,タケシマラン,0,0,0,0,0.3,0
7,C,チゴユリ,1,0,0,0,0,2
7,C,ツルリンドウ,0,0,0.5,0.1,0.1,0
7,C,ヒメゴヨウイチゴ,0,0,0.5,0,0,0
7,C,ヒメタケシマラン,0,1,0.5,0.1,0,0
7,C,ヒロハユキザサ,0,0,0,0,0.1,0
7,C,マイヅルソウ,0.5,0.5,1,0.1,0.5,1
7,C,ミズバショウ,0,0.5,0.5,0.5,0.5,0.5
7,C,ミツバオウレン,0,0,0.5,0.1,0.1,0.5
7,C,ミヤマアキノキリンソウ,0,0,0.5,0,0.1,0
7,C,ミヤマカタバミ,0,0,0.5,0,0.2,0
7,C,ミヤマカンスゲ,5,0,5,4,2.6,0
7,C,ミヤマシシガシラ,0,0,0,0.1,1.1,0
7,C,ヤマイヌワラビ,0,0,0,0,0.1,0
7,C,ヤマソテツ,3,4,4,2,1.2,0
7,C,ユキザサ,0,0,0,0,0.1,0
7,S,チシマザサ,10,100,95,95,60,3
8,B2,オオカメノキ,3,4,2,2,1,10
8,B2,オオシラビソ,3,2,0.5,0.5,1,3
8,B2,オオバスノキ,3,6,1,5,4,2
8,B2,クロウスゴ,1,0,0.5,0.5,0.3,4
8,B2,クロツリバナ,2,1,0,0,0.5,0
8,B2,ダケカンバ,0,1,0,0,0,1
8,B2,ナナカマド,0,0.5,0.5,1,0.2,1
8,B2,ハリブキ,0.5,0.5,0,0.1,0.2,0.5
8,B2,ヒメウスノキ,0,0.5,0.5,0.2,0.4,0.5
8,B2,ミネカエデ,5,20,0,1,1.1,0.5
8,C,イワカガミ,1,1,0.5,0.3,1.3,6
8,C,イワナシ,0.5,0.5,0.5,0.2,0.2,0.5
8,C,エンレイソウ,0.5,0.5,0.5,0,0.1,0.5
8,C,オオバショリマ,0,0,0,0,0.2,0.5
8,C,コガネイチゴ,0,0,0,0,0.1,0
8,C,ゴゼンタチバナ,3,3,3,1.5,0.8,1
8,C,シノブカグマ,0,0.5,0,0,0.1,3
8,C,ショウジョウバカマ,0,1,0.5,0.1,0.2,0.5
8,C,シラネワラビ,0,0,0,0,0,1
8,C,タケシマラン,0,2,0.5,0.1,0.2,0.5
8,C,タニギキョウ,0,0,0,0,0.1,0
8,C,チゴユリ,2,0,0.5,0.1,0.1,2
8,C,ツマトリソウ,0.5,0.5,0.5,0.1,0,0
8,C,ツルリンドウ,0.5,0.5,0.5,0.2,0.4,0.5
8,C,ヒロハユキザサ,0,0.5,0.5,0.5,0.1,0.5
8,C,マイヅルソウ,1,0.5,0,0.1,0.1,0.5
8,C,ミズバショウ,4,4,6,4,4.5,0.5
8,C,ミヤマカンスゲ,5,18,18,20,30,3
8,C,ヤマソテツ,3,3,5,5,1.3,5
8,C,ユキザサ,0.5,0,0.1,0,0,3
8,S,チシマザサ,9,95,95,95,90,0
9,B2,オオカメノキ,3,1,1,1,0.1,9
9,B2,オオシラビソ,3,3,1,2,0.1,1
9,B2,オオバスノキ,3,3,1,2,0.3,3
9,B2,クロウスゴ,1,0,0,0.1,0.1,3
9,B2,ナナカマド,0,0,0,0.1,0.1,0
9,B2,ハリブキ,0.5,0,0,0,0,0
9,B2,ヒメウスノキ,0,0,0.5,0,0,0
9,B2,ミネカエデ,4,5,1,1,1.5,0.5
9,C,イワカガミ,0.5,2,1,0.3,0.3,4
9,C,イワナシ,0,0,0.5,0.1,0.1,0
9,C,エンレイソウ,0,0.5,0.5,0,0.1,0.5
9,C,オオバショリマ,0,0,0.1,0.3,1.5,0
9,C,ゴゼンタチバナ,4,3,1,0.5,0.3,2
9,C,シノブカグマ,0,0,0,0,0.5,0
9,C,ショウジョウバカマ,0.5,1,0.5,0.2,0.5,3
9,C,シラネワラビ,0,0,0.5,0.3,0.2,1
9,C,タケシマラン,0,0,0,0,0.2,0
9,C,チゴユリ,1,0,0.5,0.1,0.1,0
9,C,ツクバネソウ,0,0,0.1,0.1,0.2,0
9,C,ツルリンドウ,2,1,0.6,0.2,0.1,0
9,C,ヒメタケシマラン,0,0.5,0.5,0.2,0,1
9,C,ホソバトウゲシバ,0,0.5,0,0,0,0.5
9,C,マイヅルソウ,2,2,0.5,0.1,0.1,0.5
9,C,ミズバショウ,4,5,4,3,5.5,2
9,C,ミツバオウレン,0.5,0.5,0.5,0.1,0.2,4
9,C,ミヤマカンスゲ,6,15,18,20,16,0.5
9,C,ヤマソテツ,3,3,3,0,2,5
9,S,チシマザサ,9,95,90,90,70,3
10,B2,オオカメノキ,0.5,0,1,0.5,1,9
10,B2,オオシラビソ,0,0,0,0.2,0,0
10,B2,オオバスノキ,3,2,0.5,1,0.5,0
10,B2,ダケカンバ,0,0,0,2,0,2
10,B2,ヒメウスノキ,0,0,0,0,0.1,0
10,B2,ミネカエデ,5,18,0.5,4,0.9,0
10,C,イワカガミ,0.5,2,0.5,0.1,0,5
10,C,イワナシ,1,0,0,0,0.2,0
10,C,エンレイソウ,0.5,0.5,0.5,0,0.1,0.5
10,C,オオバショリマ,0,0,0,0.2,0.2,0
10,C,コガネイチゴ,0,0,0,0,0.1,0
10,C,ゴゼンタチバナ,4,5,1,0.5,0.7,2
10,C,ショウジョウバカマ,1,1,0.5,0.2,0.1,4
10,C,シラネワラビ,2,0,0.5,0.1,0,1
10,C,タケシマラン,0,1,0.5,0.2,0.2,0
10,C,チゴユリ,1,0,0.5,0.1,0.1,1
10,C,ツクバネソウ,0.5,0,0.5,0.1,0,0
10,C,ツルリンドウ,2,2,0.5,0.1,0.3,0
10,C,ヒメゴヨウイチゴ,2,0,0.5,0.1,0,2
10,C,ヒロハユキザサ,0,0.5,0.5,0.3,0.3,0
10,C,マイヅルソウ,3,3,0.5,0.1,0.1,0.5
10,C,ミズバショウ,0.5,2,1,1,2.3,3
10,C,ミヤマカンスゲ,6,25,30,25,20,2
10,C,ヤマソテツ,5,12,7,5,5.8,6
10,C,ユキザサ,0.5,0,0,0,0,5
10,S,チシマザサ,9,95,90,85,90,0
11,B2,オオシラビソ,5,0,4,2.1,1.8,9
11,B2,オオバスノキ,3,3,5,2,3.2,0
11,B2,オガラバナ,0,0,0,0.5,3.4,3
11,B2,クロウスゴ,1,1,2,0.1,1.5,0
11,B2,クロツリバナ,3,4,55,2,5,1
11,B2,ナナカマド,0,0,0,0.1,0,3
11,B2,ヒメウスノキ,0,0.5,2,1.1,1.5,0
11,B2,ミネカエデ,3,0,0.5,0.5,1,0.5
11,B2,ミヤマハンノキ,0,0,0,0,2,0
11,B2,ムラサキヤシオツツジ,0,0,0,0,0.1,0
11,C,イワカガミ,2,2,0.5,0.5,0.7,0
11,C,イワナシ,1,0.5,0,0.4,0.4,0.5
11,C,エンレイソウ,0,0.5,0,0,0,0.5
11,C,オオバショリマ,0,0,0.5,0.4,0.5,0
11,C,オオバタケシマラン,0,0.5,0,0.3,0.1,0.5
11,C,オオバノヨツバムグラ,0,0,0,0.1,0,0
11,C,コバイケイソウ,0,1,0,0,0.1,2
11,C,コミヤマカタバミ,0,0,0,0.3,0.1,3
11,C,ゴゼンタチバナ,0,4,4,1,0.2,1
11,C,サンカヨウ,0,0,0,0.1,0,0
11,C,シノブカグマ,0,0.5,0.5,0,0.1,0
11,C,ショウジョウバカマ,2,2,0.5,0.1,0.1,0.5
11,C,シラネワラビ,1,0,1,0.1,0,2
11,C,タケシマラン,0,1,0.5,0.1,0.1,0
11,C,チゴユリ,1,0,0,0.2,0,1
11,C,ツクバネソウ,0.5,0.5,0,0,0,0
11,C,ツマトリソウ,0,0.5,0.1,0,0.1,0.5
11,C,ツルリンドウ,0.5,0.5,0,0.1,0.1,0.5
11,C,ヒメゴヨウイチゴ,0,0,0.1,0.1,0.1,0.5
11,C,フキ,0,0,0.1,0,0,0
11,C,マイヅルソウ,1,1,0.1,0.1,0.1,0
11,C,ミズバショウ,2,5,1,3,4.2,1
11,C,ミツバオウレン,2,1,0.1,0.1,0.2,4
11,C,ミヤマアキノキリンソウ,0,0,0,0.1,0,1
11,C,ミヤマカンスゲ,5,10,10,5,0.3,0
11,C,モミジカラマツ,0,0.5,0.1,0.1,0,5
11,C,ヤマソテツ,0,3,4,0.5,0.6,0.5
11,C,ヤマドリゼンマイ,0,1,0.5,0.2,1.5,3
11,S,チシマザサ,9,95,95,60,70,1
12,B2,オオカメノキ,0,0,0,1,0,9
12,B2,オオシラビソ,3,5,1,1.5,2,0
12,B2,オオバスノキ,0,3,2,1,0.1,4
12,B2,オガラバナ,5,20,10,0.8,2.7,3
12,B2,クロウスゴ,0,1,1,0.5,1,6
12,B2,クロツリバナ,0,3,0.5,2,1.1,1
12,B2,ダケカンバ,0,0.5,0.5,1.6,0,3
12,B2,ナナカマド,5,8,2,1.8,0,0.5
12,B2,ハリブキ,0.5,0.5,0.5,0.1,0.8,4
12,B2,ヒメウスノキ,0,0,0,0,0.2,0
12,B2,ミネカエデ,4,5,1,0.3,0.1,0.5
12,B2,ミヤマハンノキ,0,0,0,0,0.1,0
12,B2,ムラサキヤシオツツジ,0,0,0,0.1,0,4
12,C,イワカガミ,0,0.5,0.1,0,0,0
12,C,イワナシ,0,0,0,0.1,0,0
12,C,エンレイソウ,0,0.5,0.1,0.6,0.3,0.5
12,C,オオバショリマ,0,0.5,1,0.2,0.1,0.5
12,C,オオバタケシマラン,0,0,0,0,0.1,0
12,C,キヌガサソウ,0,0,0,0.1,0,0
12,C,コミヤマカタバミ,3,0.5,1,2,1.3,0.5
12,C,ゴゼンタチバナ,0,0.5,0.1,0.1,0.7,0.5
12,C,サンカヨウ,0,0,0.1,0,0,0.5
12,C,シノブカグマ,0,0.5,0.5,0.5,0.1,0
12,C,ショウジョウバカマ,1,1,0.5,1,0.3,0.5
12,C,シラネワラビ,2,1,2,3,4.5,1
12,C,タケシマラン,0,2,1,0.2,0.6,1
12,C,チゴユリ,2,0,0,0,0,2
12,C,ツクバネソウ,0,0,0,0.2,0.1,0
12,C,ツマトリソウ,0,0,0,0.2,0.1,0
12,C,ヒメゴヨウイチゴ,0,0.5,1,0.2,0.2,0
12,C,ヒロハユキザサ,0,0,0.1,0,0,0.5
12,C,マイヅルソウ,0.5,0.5,0.5,0.1,0.1,0
12,C,ミズバショウ,0,0,0,0,0.2,0
12,C,ミヤマカンスゲ,5,8,10,8,2.5,0.5
12,C,ミヤマワラビ,0,0.5,0,0,0,4
12,C,ヤマイヌワラビ,0,0,0,0,0.1,0
12,C,ヤマソテツ,3,2,0.5,1,0.4,0.5
12,C,ヤマドリゼンマイ,0,0,0,0.5,0,2
12,S,チシマザサ,9,95,90,90,90,0
13,B2,ウラジロナナカマド,0,2,2,3,0,0
13,B2,オオカメノキ,3,3,3,0,0,9
13,B2,オオシラビソ,4,4,2,0.7,0.6,2
13,B2,オオバスノキ,1,2,4,1.1,0.4,3
13,B2,オガラバナ,4,8,5,5,0.5,3
13,B2,クロウスゴ,3,2,2,3,0.1,2
13,B2,クロツリバナ,3,5,3,4,2,4
13,B2,タカネナナカマド,2,0,0,0,0,2
13,B2,ダケカンバ,4,5,2,3,0.1,4
13,B2,ナナカマド,0,3,8,0,1,0
13,B2,ハリブキ,0,0.5,0,0.5,0.1,4
13,B2,ヒメウスノキ,0,0,0.1,0.1,0.2,3
13,B2,ミネカエデ,0,0,2,0,1.4,0.5
13,B2,ミヤマハンノキ,0,2,0,0,0,0
13,B2,ムラサキヤシオツツジ,0,0.5,0,0,0,0
13,C,イヌワラビ,0,0.5,0,0,0,2
13,C,イワナシ,1,1,1,0,0,0.5
13,C,エンレイソウ,0,0.5,0.1,0,0,0.5
13,C,オオバショリマ,0,1,0.5,0.5,0.1,1
13,C,オオバタケシマラン,0,0,0,1,0,0.5
13,C,オオバノヨツバムグラ,0,0.5,0,0,0,1
13,C,キヌガサソウ,2,2,0.5,1,0.3,0
13,C,コミヤマカタバミ,3,3,3,1.1,0.1,0.5
13,C,ゴゼンタチバナ,0,2,1,0.7,0.1,2
13,C,シノブカグマ,2,1,0.5,0,0.1,2
13,C,ショウジョウバカマ,2,2,0.5,0.4,0.1,3
13,C,シラネワラビ,4,6,5,5,4.1,1
13,C,タニギキョウ,0,0,0,0,0.1,0
13,C,チゴユリ,1,0,0,0,0.1,2
13,C,ツクバネソウ,0.5,0.5,0.1,0,0.2,4
13,C,ツマトリソウ,0.5,0.5,0.1,0.2,0,0
13,C,ツルリンドウ,0.5,0,0,0,0.1,0.5
13,C,ヒメゴヨウイチゴ,5,5,2,2,1.5,0.5
13,C,ヒメタケシマラン,0,0.5,0.1,0.2,0,0
13,C,ヒメワラビ,0,0,1,0,0,4
13,C,ヒロハユキザサ,0,0,0,0,0.1,0
13,C,マイヅルソウ,0,0,0,0.1,0,0.5
13,C,ミズバショウ,4,4,5,6,4.5,0
13,C,ミツバオウレン,0,0.5,0.1,0,0,0
13,C,ミヤマアキノキリンソウ,0.5,0,0.1,0,0.1,3
13,C,ミヤマカンスゲ,6,15,15,9,2,0.5
13,C,ヤマイヌワラビ,0,0,0,0,0.1,0
13,C,ヤマソテツ,0,0,1,2.2,0.8,0
13,S,チシマザサ,9,95,80,85,85,5
14,B2,オオカメノキ,3,2,2,2.1,0.8,0
14,B2,オオシラビソ,4,5,3,2,4,9
14,B2,オオバスノキ,5,10,10,3.3,1.4,2
14,B2,クロウスゴ,1,0,0.5,0,0.1,4
14,B2,ダケカンバ,0,0,0,0,0.1,0
14,B2,ナナカマド,4,5,4,5,0.7,5
14,B2,ハリブキ,0,0.5,0,0.2,0,0
14,B2,ヒメウスノキ,0,0.5,0.5,0,0,4
14,B2,ベニバナイチゴ,0,0.5,0,0,0,0.5
14,B2,ミネカエデ,4,6,5,1.1,1.4,0.5
14,C,イヌワラビ,0,0.5,0,0,0,0.5
14,C,イワカガミ,0,0.5,0.5,0,0.3,4
14,C,イワナシ,0,0.5,0.1,0,0.1,0.5
14,C,エンレイソウ,0,0.5,0,0,0.1,0.5
14,C,オオバショリマ,0,0.5,0.5,0.5,0.1,0.5
14,C,オオバノヨツバムグラ,0,1,0,0,0,0.5
14,C,コミヤマカタバミ,0,5,0.5,0.2,0.1,1
14,C,ゴゼンタチバナ,4,0,0.5,0.1,0.2,0.5
14,C,サンカヨウ,0,0.5,0.1,0,0,0.5
14,C,シノブカグマ,2,0,1,0,0,0
14,C,ショウジョウバカマ,1,1,0.5,0.2,0.3,4
14,C,シラネワラビ,0,0.5,0.5,0.1,0.1,0.5
14,C,タケシマラン,0,0,0,0,0.1,0
14,C,タニギキョウ,0,1,0,0,0,0
14,C,チゴユリ,0.5,0,0,0,0.1,1
14,C,ツクバネソウ,0,1,0.1,0,0,0.5
14,C,ツマトリソウ,0,0.5,0.1,0,0.4,1
14,C,ツルリンドウ,3,0,0.1,0,0.1,0
14,C,ヒメゴヨウイチゴ,0,1,0.5,0.1,0,1
14,C,ヒメタケシマラン,0,1,0.1,0.1,0,0.5
14,C,ミズバショウ,2,2,3,2,2,0
14,C,ミツバオウレン,0.5,0.5,0.1,0.2,0,1
14,C,ミヤマアキノキリンソウ,0,0,0,0.1,0,1
14,C,ミヤマカンスゲ,6,30,20,7,8,2
14,C,ミヤマメシダ,0,2,1,0,0,0.5
14,C,ミヤマワラビ,0,0.5,0,0,0,0
14,C,モミジカラマツ,0,1,0,0,0,6
14,C,ヤマイヌワラビ,0,0,0,0,0.1,0
14,C,ヤマソテツ,0,4,3,1.4,2.7,2
14,C,ヤマトユキザサ,0,0.5,0.1,0,0,0.5
14,C,ユキザサ,0,0,0,0,0.1,0
14,S,チシマザサ,9,95,95,83,80,1
15,B2,オオカメノキ,0.5,0.5,0.1,0.1,0,3
15,B2,オオシラビソ,3,0,2,1.1,0.5,9
15,B2,オオバスノキ,0,6,3,0.2,0.5,0.5
15,B2,オガラバナ,0,0,0.5,0,0.5,0
15,B2,クロウスゴ,1,0.5,0.1,0.3,0.1,4
15,B2,クロツリバナ,0,1,0,0,0.1,0
15,B2,ナナカマド,0.5,0.5,0.5,0.5,0.1,0.5
15,B2,ヒメウスノキ,0,0.5,0.1,0.4,0.3,1
15,B2,ミネカエデ,5,10,8,6,5,0.5
15,B2,ムラサキヤシオツツジ,0,0,0.1,0,0,0.5
15,C,イワカガミ,0,1,0.1,0.1,0.1,5
15,C,イワナシ,0.5,0,0.1,0,0.2,0
15,C,エンレイソウ,0,0.5,0.1,0.3,0.3,0
15,C,オオバショリマ,0,0.5,0.5,0.3,0.2,0.5
15,C,ゴゼンタチバナ,4,2,0.2,0.4,0.6,0.5
15,C,サンカヨウ,0,0,0.1,0,0,1
15,C,シノブカグマ,3,1,2,0.2,0.1,2
15,C,ショウジョウバカマ,2,1,0.1,0.3,0.4,0
15,C,シラネワラビ,1,3,2,6.3,8.5,1
15,C,タケシマラン,0,0,0,0,0.4,0
15,C,タニギキョウ,0.5,0,0,0,0,1
15,C,チゴユリ,2,0,0,0,0,3
15,C,ツクバネソウ,0,0.5,0.1,0.1,0.2,0
15,C,ツマトリソウ,0.5,0.5,0.1,0.1,0.1,0
15,C,ツルリンドウ,0.5,1,0.1,0.1,0.4,0.5
15,C,ヒメゴヨウイチゴ,0,0.5,0.5,0.2,1.1,0.5
15,C,ヒメタケシマラン,0,2,0.1,0.3,0,1
15,C,ヒロハユキザサ,0,0.5,0.1,0,0.3,0.5
15,C,マイヅルソウ,1,1,0.1,0.1,0.1,2
15,C,ミズバショウ,3,3,1,2,2.8,0.5
15,C,ミヤマカンスゲ,6,18,15,11,15,1
15,C,ヤマソテツ,4,4,2.5,5,3.8,3
15,S,チシマザサ,9,95,90,75,80,5
16,B2,オオシラビソ,2,5,2,0.5,0.6,3
16,B2,オオバスノキ,0,1,1,1.2,0,9
16,B2,オガラバナ,0,0,2,1,1.5,4
16,B2,クロウスゴ,1,0,0.5,0,0,1
16,B2,クロツリバナ,2,0,1,1,2.7,0
16,B2,ダケカンバ,6,20,2,0,0.1,0
16,B2,ナナカマド,0,0,0,0.1,0.1,0
16,B2,ハリブキ,0,0.5,0.1,0.5,4.3,6
16,B2,ミネカエデ,4,8,5,1,3.1,0
16,B2,ミヤマハンノキ,3,0.5,1,1,0,0.5
16,C,イヌワラビ,0,1,0,0.3,0,4
16,C,エンレイソウ,0,0.5,0.5,0.7,0.7,0.5
16,C,オオバタケシマラン,1,0,0,0.2,0.1,1
16,C,オオバノヨツバムグラ,0,1,0.1,0.3,0,0.5
16,C,カニコウモリ,0,0,0.1,0.3,0,0
16,C,キヌガサソウ,0,0.5,0.5,0.1,0,1
16,C,コバイケイソウ,0,0.5,0.5,0.1,0.3,0
16,C,コミヤマカタバミ,0,5,5,7.3,2.6,0
16,C,ゴゼンタチバナ,0,0.5,0.1,0,0,0.5
16,C,ゴマナ,0,0.5,1,0.6,0,0.5
16,C,サカゲイノデ,0,0,0,1,3,0.5
16,C,サンカヨウ,0,0.5,0.5,0.3,1.7,0.5
16,C,シノブカグマ,0,0.5,1,0,0.1,4
16,C,ショウジョウバカマ,0,0.5,0.1,0,0.1,0
16,C,シラネセンキュウ,0,0,1,0.2,0.1,0.5
16,C,シラネワラビ,0,2,1,3,1,0.5
16,C,タケシマラン,0,0,0.5,0.1,1.2,0.5
16,C,タテヤマアザミ,0,0.5,0,0,0,0
16,C,チゴユリ,0.5,0,0,0,0,2
16,C,ツクバネソウ,0,0,0.1,0.2,2.5,0
16,C,ツルリンドウ,0.5,0.5,0.1,0.1,0,0.5
16,C,ヒメゴヨウイチゴ,0,0,0.5,0.6,0.1,0
16,C,ヒメタケシマラン,0,0.5,0,0.2,0,0
16,C,ヒロハユキザサ,0,0.5,1,0.3,0.1,0.5
16,C,マイヅルソウ,0.5,0.5,0.1,0.6,0.1,0
16,C,ミズバショウ,4,4,5,0.2,1,0.5
16,C,ミツバオウレン,0,0.5,0.1,0,0,0.5
16,C,ミヤマアキノキリンソウ,1,0.5,0,0,0,0.5
16,C,ミヤマカンスゲ,5,15,15,10,8,3
16,C,ミヤマシシウド,0,0,0.5,0.3,0.1,0.5
16,C,ミヤマベニシダ,0,0,0.5,0,0,0.5
16,C,ミヤマメシダ,0,1,0.5,0,0.1,5
16,C,メシダ,0.5,0,0,0,0,0
16,C,モミジカラマツ,0,0.5,1,0,0,0
16,C,ヤグルマソウ,0,0,0,0,0.5,0
16,C,ヤマイヌワラビ,0,0,0,0,1.5,0
16,C,ヤマソテツ,0,0.5,2,1,1.6,1
16,C,ヤマトユキザサ,0,0,0,0.5,0,0
16,C,ヤマドリゼンマイ,1,1,2,1,2.6,0.5
16,C,ヤマブキショウマ,0,0,1,0,0.3,0.5
16,S,チシマザサ,9,95,95,80,80,1
17,B2,オオシラビソ,4,6,5,1.3,3,0
17,B2,オオバスノキ,0,2,2,0,0,9
17,B2,オガラバナ,5,25,10,5,0.5,4
17,B2,オノエヤナギ,0,3,0,1,0,2
17,B2,クロウスゴ,0,0,0,0,0.3,0
17,B2,クロツリバナ,3,5,1,2.2,0.2,6
17,B2,ダケカンバ,0,0,0,1.1,0,3
17,B2,ナナカマド,6,15,2,0,2,4
17,B2,ハリブキ,1,1,1,1,0.9,0
17,B2,ヒメウスノキ,0,0,0,0,0.4,0
17,B2,ミネカエデ,0,5,5,0,0.6,5
17,B2,ミヤマハンノキ,4,5,5,1,0,1
17,C,イヌワラビ,0,0.5,0,1.2,0,4
17,C,エンレイソウ,0.5,0.5,0.1,0.6,0.1,4
17,C,オオバショリマ,0,0,0,0,0.5,0
17,C,オオバノヨツバムグラ,1,1,0.1,0.2,0.1,0.5
17,C,カニコウモリ,0.5,1,0.1,0,0,0.5
17,C,キヌガサソウ,0.5,0.5,0.5,0,0,1
17,C,コバイケイソウ,0.5,0.5,0,0.1,0,1
17,C,コミヤマカタバミ,4,5,0.1,3.1,2.2,0.5
17,C,サンカヨウ,0.5,0.5,0.5,0.1,0.1,0.5
17,C,シノブカグマ,0,0.5,0.5,0.1,0,0.5
17,C,ショウジョウバカマ,0,0,0,0.1,0.4,4
17,C,シラネワラビ,4,3,3,3,6.5,0.5
17,C,タケシマラン,0,0,0,0,0.6,0
17,C,タニギキョウ,0,0,0,0.3,0,0.5
17,C,チゴユリ,3,0,0,0,0.2,0
17,C,ツクバネソウ,0.5,0.5,0.1,0.1,0.1,3
17,C,ツルリンドウ,1,0,0,0,0,0
17,C,ヒメゴヨウイチゴ,5,10,0.5,0.3,0.7,0
17,C,ヒメタケシマラン,0,2,0.5,0.1,0,0.5
17,C,ヒメノガリヤス,2,2,4.5,0,0,0
17,C,フキ,0,0.5,0,2,0,5
17,C,マイヅルソウ,0,0,0,0.1,0.1,2
17,C,ミズバショウ,0,0,0,0,0.1,0
17,C,ミヤマアキノキリンソウ,0,0.5,0,0,0,2
17,C,ミヤマカンスゲ,6,20,15,15,5.5,0.5
17,C,ミヤマシシウド,0,0,0,0.1,0,0
17,C,ミヤマセンキュウ,0,0,0,0,0.1,0
17,C,ミヤマベニシダ,0,0,0,0.1,0,6
17,C,ミヤマワラビ,0,0.5,0,0.1,1,0
17,C,ヤマソテツ,0,1,2,1,0.6,0
17,C,ヤマドリゼンマイ,0,0,0,0,0.1,0
17,C,ヤマブキショウマ,0,0,0,1.6,0,0.5
17,S,チシマザサ,9,95,90,90,80,1
18,B2,アクシバ,0,0,0.5,0,0,0
18,B2,ウラジロヨウラク,0,0,0.5,0,0,9
18,B2,オオカメノキ,0,1,0.5,0.5,0,0
18,B2,オオシラビソ,3,5,25,6,5,0
18,B2,オオバスノキ,0,3,1,0,0,1
18,B2,オガラバナ,4,8,6,3,1,4
18,B2,オノエヤナギ,0,6,0,0,0,3
18,B2,クロウスゴ,1,0.5,0.5,0.5,0.1,4
18,B2,クロツリバナ,2,0,4,3,0.3,4
18,B2,ダケカンバ,0,0,1,0,0,0.5
18,B2,ナナカマド,1,0,1,3,1,0
18,B2,ハリブキ,0,0.5,0.5,0.5,0.1,0
18,B2,ヒメウスノキ,0,0.5,1,0.5,1.1,0
18,B2,ベニバナイチゴ,0,3,0,0,0.1,0.5
18,B2,ミネカエデ,4,4,5,5,0.1,0.5
18,B2,ムラサキヤシオツツジ,0,0,0,0.3,0,3
18,C,イヌワラビ,0,0,0,0.1,0,3
18,C,イワカガミ,0,0,0.1,0.5,0.5,0
18,C,イワナシ,0,0,0.5,0.5,0,0
18,C,エンレイソウ,0,0.5,0.5,0.1,0.4,0
18,C,オオバショリマ,0,2,0,0.7,0.52,0.5
18,C,オオバタケシマラン,0,0,0,0,0.2,0
18,C,オオバノヨツバムグラ,1,2,0.1,0.2,0.2,2
18,C,コミヤマカタバミ,2,4,3,1,6.6,2
18,C,ゴゼンタチバナ,0.5,0.5,0.5,1,0.1,0
18,C,サカゲイノデ,0,0,0,0,1,0
18,C,サンカヨウ,0.5,0.5,0,0,0,0.5
18,C,シノブカグマ,0,0,0,0.1,0,3
18,C,ショウジョウバカマ,0.5,0.5,0.1,0.3,0.4,0.5
18,C,シラネセンキュウ,0,0,0.1,0,0,0
18,C,シラネワラビ,4,8,8,5.3,8.6,0.5
18,C,タケシマラン,0,0,0,0,1.3,0
18,C,タニギキョウ,0,1,0,0.7,0,0
18,C,チゴユリ,0.5,0,0,0,0,4
18,C,ツクバネソウ,1,0.5,0,0.2,0.1,1
18,C,ハクモウイノデ,2,0,0,0,0,0
18,C,ヒメゴヨウイチゴ,4,6,1,0,0.8,0.5
18,C,ヒメタケシマラン,0,0.5,0.1,0.2,0,0
18,C,ヒロハユキザサ,0,0,1,1,0.2,4
18,C,マイヅルソウ,0,0,0.1,0.1,0.2,0.5
18,C,ミズバショウ,1,1,1,3,2.5,0
18,C,ミヤマカンスゲ,5,12,10,15,5.5,0
18,C,ミヤマシシウド,0,0,0,0.1,0,1
18,C,ミヤマベニシダ,0,0,0,0.3,0,5
18,C,ミヤマメシダ,0,2,3,0,0,0
18,C,ミヤマワラビ,0,0,1,0,0.1,0
18,C,メシダ,2,0,0,0,0,2
18,C,ヤグルマソウ,0,0.5,0,0.5,0.1,0
18,C,ヤマイヌワラビ,0,0,0,0,0.8999999999999999,0
18,C,ヤマソテツ,4,4,4,2,0.1,0
18,C,ヤマドリゼンマイ,0.5,0,2,2,3,0.5
18,C,ヤマブキショウマ,0,0.5,0,0.5,0,3
18,S,チシマザサ,9,0,80,80,60,0
19,B2,オオカメノキ,0,0,0,0,0.5,0
19,B2,オオシラビソ,0,0.5,0,0,0,0
19,B2,オオバスノキ,0,0,0,0,0.1,0
19,B2,オガラバナ,3,4,1,2,0.3,0.5
19,B2,クマイチゴ,0,0,0,1,0,0
19,B2,クロウスゴ,1,1,1,1,0,0.5
19,B2,クロツリバナ,0,4,0,0,1.5,3
19,B2,ナナカマド,0,0,0,0.5,1.1,0
19,B2,ハリブキ,0.5,0.5,0.1,0.5,0.6,0.5
19,B2,ミネカエデ,5,8,5,6,1,3
19,B2,ミヤマハンノキ,0,1,0,0,0,0
19,C,イヌワラビ,0,2,0.5,0,0,0.5
19,C,エンレイソウ,0.5,0.5,0.5,0.5,0.5,4
19,C,オオバショリマ,0,0,0,0,0.2,0
19,C,オオバタケシマラン,0,0,0,0,0.6,0
19,C,コミヤマカタバミ,3,8,3,2,4.1,1
19,C,ゴゼンタチバナ,0,0.5,0,0,0,2
19,C,サンカヨウ,0.5,0.5,0.5,0.5,0.3,0.5
19,C,シラネワラビ,3,4,3,6,4.2,0.5
19,C,タケシマラン,0,0,0,0,0.6,0
19,C,タテヤマアザミ,0,0.5,0,0,0,4
19,C,チゴユリ,1,0,0,0,0,0.5
19,C,ツクバネソウ,0.5,0,0,0.1,0.2,3
19,C,ツマトリソウ,0,0,0,0.1,0,0.5
19,C,ヒメゴヨウイチゴ,4,3,2,2,0.1,0
19,C,ヒメタケシマラン,0,0.5,0.5,0.5,0,0
19,C,ヒロハユキザサ,0,0,0,0,0.1,0
19,C,マイヅルソウ,0,0,0.1,0.1,0.1,0
19,C,ミズバショウ,3,2,0,3,1,3
19,C,ミツバオウレン,0.5,0.5,0,0,0,0.5
19,C,ミヤマアキノキリンソウ,0.5,0,0,0,0,0
19,C,ミヤマイタチシダ,0,0,0.5,1,0,2
19,C,ミヤマカンスゲ,6,20,5,10,9,0.5
19,C,ミヤマメシダ,0,0.5,0,0.5,0,0
19,C,ミヤマワラビ,0,1,0.5,1,0,0
19,C,ヤマイヌワラビ,0,0,0,0,0.6,0
19,C,ヤマソテツ,4,3,0.5,2,0.5,6
19,C,ヤマドリゼンマイ,0.5,0.5,0.5,0.5,0.1,0.5
19,C,ヤマブキショウマ,0,0,0.5,0,0.1,1
19,S,チシマザサ,9,100,90,90,90,3
20,B2,オオカメノキ,0,3,1,1,0,0.5
20,B2,オオシラビソ,4,5,3,3,1.4,0
20,B2,オオバスノキ,0,4,1,1,0.5,10
20,B2,オガラバナ,5,12,8,5,3.2,3
20,B2,クロウスゴ,4,5,0.5,0.5,0.1,4
20,B2,クロツリバナ,0,0,0,0.5,2.5,3
20,B2,ダケカンバ,4,6,3,2,0.1,5
20,B2,ナナカマド,3,4,0.5,0.5,0,4
20,B2,ハリブキ,0.5,0.5,0.5,0.1,0,0
20,B2,ヒメウスノキ,0,0,0,0.2,0.2,4
20,B2,ミネカエデ,0,3,3,3,0.3,3
20,B2,ミヤマハンノキ,0,15,5,2,0.5,0.5
20,C,イヌワラビ,0,0.5,0.1,0,0.3,0
20,C,イワカガミ,1,0,1,0.2,0,3
20,C,エンレイソウ,0,0.5,0.1,0.1,0.3,5
20,C,オオバショリマ,0,0.5,0,0.1,0.1,0.5
20,C,オオバノヨツバムグラ,0,0,0.1,0,0.1,0
20,C,カニコウモリ,0,0.5,0,0,0,0.5
20,C,コミヤマカタバミ,3,3,2,1,0.5,0.5
20,C,コメススキ,0,0,0,0.1,0,0
20,C,ゴゼンタチバナ,0.5,0.5,1,0.5,0.1,0.5
20,C,サンカヨウ,0,0,0,0,0.1,0
20,C,シノブカグマ,0,0,0.5,1.3,0.8,0
20,C,ショウジョウバカマ,0,0,0,0,0.3,0
20,C,シラネワラビ,0.5,3,2,3,2.1,0.5
20,C,タケシマラン,0,0,0,0.1,0.2,0
20,C,タテヤマアザミ,0,0.5,0,0,0,3
20,C,タニギキョウ,0,0,0,0,0.1,0
20,C,チゴユリ,2,0,0.1,0.1,0,0
20,C,ツクバネソウ,1,1,0.1,0.2,0.3,0
20,C,ツマトリソウ,0,0,0,0.2,0.2,0
20,C,ヒメゴヨウイチゴ,5,10,1,0.3,1,3
20,C,ヒロハユキザサ,0,0.5,0.5,0.2,0.6,0
20,C,マイヅルソウ,4,3,0,0.1,0.2,0.5
20,C,ミズバショウ,0,0,0,1,0,0
20,C,ミヤマアキノキリンソウ,0.5,1,0.1,0,0.1,1
20,C,ミヤマカンスゲ,6,18,3,4,2.8,0
20,C,ミヤマシシウド,0,0,0,0,0.1,0
20,C,ミヤマセンキュウ,0,0,0,0.1,0,5
20,C,ミヤマワラビ,1,0.5,0,0,0.2,0.5
20,C,モミジカラマツ,0,0,0,0.85,0.5,3
20,C,ヤマイヌワラビ,0,0,0,0,0.1,0
20,C,ヤマソテツ,4,0,2,1,0.7,0
20,C,ヤマトユキザサ,0,0,0,0,0.1,0
20,C,ヤマドリゼンマイ,0,0,0.5,0.2,0.1,1
20,C,ヤマブキショウマ,0,0.5,0,0.1,0.1,5
20,C,ユキザサ,0.5,0,0.1,0.1,0,0
20,S,チシマザサ,9,100,90,85,90,0.5
21,B2,オオカメノキ,0,0.5,5.5,0.5,0,0
21,B2,オオシラビソ,0.5,1,2,2,1.3,0
21,B2,オガラバナ,0,0,1,0,0.5,0
21,B2,オノエヤナギ,5,10,5,8,1,0.5
21,B2,クマイチゴ,0,0.5,0,0,0.1,0
21,B2,タニウツギ,0,0,0,0,1,0
21,B2,ダケカンバ,4,5,3,5,0.7,10
21,B2,ナナカマド,6,10,10,5,5.5,0.5
21,B2,バッコヤナギ,0,10,10,10,1.5,1
21,B2,ベニバナイチゴ,0,0,0,0.5,0,0
21,B2,ミネカエデ,0.5,2,1,1,0.2,5
21,B2,ミヤマハンノキ,5,2,3,1,2,0.5
21,C,アカショウマ,0,0,0,1,0,4
21,C,イグサ,0,0,0,0.1,0,5
21,C,イタドリ,0,0,0,2,1.2,5
21,C,イヌガンソク,0,0,0,0,0,0
21,C,イブキコゴメグサ,0.5,0,0,0,0,2
21,C,エンレイソウ,0.5,0.5,0.5,0.5,0.1,2
21,C,オオイタドリ,5,0,2,8,10,0
21,C,オオハナウド,0,0,0,0,2,0
21,C,オオバショリマ,0,0,0,0,0.1,0
21,C,オオバノヨツバムグラ,0,0,0,0,0.2,0
21,C,オシダ,0,0,0.5,1,0,0
21,C,キオン,0,0,0,0,0.1,0
21,C,クロトウヒレン,0,0,0,1,0.5,0
21,C,ゴマナ,0,15,5,5,0.5,0
21,C,サカゲイノデ,0,0,0.5,0,0,0.5
21,C,サンカヨウ,0.5,0,0.5,0,0,0
21,C,ショウジョウバカマ,1,0,0,0,0,0
21,C,シラネニンジン,0,0,0,0.1,0,0
21,C,シラネワラビ,4,1,1,2,1.5,0
21,C,タテヤマアザミ,4,10,8,0,0.6,5
21,C,チゴユリ,2,0,0,0,0,0
21,C,ツクバネソウ,0.5,0,0,0,0,0
21,C,ツマトリソウ,0.5,0,0,0,0,0
21,C,ノコンギク,4,0,0,0,0.2,0
21,C,ヒゲノガリヤス,0,0,0.1,0,4,1
21,C,ヒメゴヨウイチゴ,2,2,2,2,2,5
21,C,ヒメタケシマラン,0,2,0.5,0,0,0
21,C,フキ,0.5,5,4,8,2.4,0
21,C,マイヅルソウ,4,0.5,0.5,0,1,0
21,C,マルバダケブキ,0,0,0,1,0,0
21,C,ミズバショウ,0,0,1,1,1,0
21,C,ミヤマアキノキリンソウ,0,1,0.1,0.1,0.5,2
21,C,ミヤマカタバミ,0,0,0,0.5,3,2
21,C,ミヤマカンスゲ,5,15,5,0,11,4
21,C,ミヤマシシウド,1,8,6,8,4,0.5
21,C,ミヤマセンキュウ,0,0,0,0,0.1,0
21,C,ミヤマメシダ,0,0,5,2,0,0
21,C,ミヤマワラビ,0.5,0.5,1,0,1,0
21,C,ヤグルマソウ,0,0.5,1,2,1,1
21,C,ヤマイヌワラビ,0,0,0,0,1.1,0
21,C,ヤマドリゼンマイ,0,0,0.5,1,1,0
21,C,ヤマハハコ,0,0.5,0,0,0.1,5
21,C,ヤマブキショウマ,0,0.5,1,0,0.6,4
21,C,ユキザサ,0.5,0,0,0,0,0
21,C,ヨモギ,5,5,0.1,3,3.5,0.5
21,S,チシマザサ,9,80,70,50,40,0.5
22,B2,オオシラビソ,0,0,1,0,0,0
22,B2,オガラバナ,4,3,1,1,0,0.5
22,B2,オノエヤナギ,3,0,1,0,0,0.5
22,B2,クマイチゴ,0,0.5,0,0,0,0
22,B2,ダケカンバ,4,0,0.5,1,1.3,4
22,B2,ナナカマド,4,4,3,2,0,9
22,B2,ハリブキ,0,0,0,0,0.1,0
22,B2,バッコヤナギ,2,0,0,0,0,0
22,B2,ベニバナイチゴ,0,0,2,3,1,3
22,B2,ミネカエデ,0,0,1,0,2.5,0
22,B2,ミヤマハンノキ,5,4,6,1,2,0.5
22,C,アカショウマ,0,0,0,2,0,0
22,C,イタドリ,3,0,0,1,0.5,3
22,C,イワオウギ,3,0,0,0,0,0
22,C,エンレイソウ,0.5,0.5,0.5,0.5,0.1,0
22,C,オオイタドリ,5,15,15,20,22,0
22,C,オオバコ,0,0,0.1,0,0,3
22,C,オオバショリマ,0,1,0,0,1.1,0
22,C,オオバノヨツバムグラ,0.5,0.5,0.1,0,0,0
22,C,オシダ,0,0,0.5,0,0.1,0.5
22,C,オニシモツケ,0,5,3,4,3,5
22,C,コウゾリナ,0.5,0,0,0,0,0
22,C,コミヤマカタバミ,1,2,2,3,6,1
22,C,ゴマナ,0,0,0,5,0.5,0.5
22,C,サカゲイノデ,0,0,0,0.5,1,0
22,C,サンカヨウ,0,0,0,0,1,0
22,C,シモツケソウ,3,0,0,0,0,4
22,C,シラネワラビ,0,0,0,1,2,0
22,C,タケシマラン,0,0,0,0,0.1,0
22,C,タテヤマアザミ,0,4,6,0,0.1,2
22,C,チゴユリ,1,0,0,0,0,0
22,C,ツクバネソウ,0,0,0,0,0.5,0
22,C,ノコンギク,4,0,0,0,0,2
22,C,ヒゲノガリヤス,1,0,0,0,1.5,0
22,C,ヒメゴヨウイチゴ,2,0,0,3,4.5,0
22,C,ヒメワラビ,0,0,0,0,0.3,0
22,C,フキ,4,5,3,3,3.7,0
22,C,マイヅルソウ,0,0.5,0,0,0,3
22,C,ミヤマアキノキリンソウ,2,2,0.5,0,0.2,0
22,C,ミヤマカンスゲ,5,15,3,3,5,0
22,C,ミヤマシシウド,0,0,1,3,4,0
22,C,ミヤマベニシダ,0,0,0.1,0.5,0,0
22,C,ミヤマメシダ,0,2,2,3,0,0
22,C,ミヤマワラビ,1,1,1,0,0,4
22,C,メシダ,1,0,0,0,0,0.5
22,C,モミジカラマツ,0,0,0,0,2,0
22,C,ヤマイヌワラビ,0,0,0,0,1.8,0
22,C,ヤマソテツ,0,0,0,0,0.1,0
22,C,ヤマハハコ,0.5,0.5,0,0,0,0
22,C,ヤマブキショウマ,0.5,0.5,1,0,1.3,5
22,C,ユキザサ,0.5,0,0,0,0,0
22,C,ヨモギ,3,5,0,1,25,0
22,S,チシマザサ,9,80,80,70,40,2
23,B2,オオカメノキ,2,0.5,0,0,0,1
23,B2,オオシラビソ,0,0,0.1,0,0,0
23,B2,オガラバナ,3,0,3,1,4,0.5
23,B2,オノエヤナギ,3,0.5,0,0,0,0.5
23,B2,ダケカンバ,5,10,5,3,0,0
23,B2,バッコヤナギ,0.5,0,0,0,2,4
23,B2,ベニバナイチゴ,4,10,0,8,4.1,9
23,B2,ミネカエデ,0,0,0.5,1,0.5,0.5
23,B2,ミヤマハンノキ,4,2,1,1,0,0
23,C,アカショウマ,0,0,0,1,0,0
23,C,イワオウギ,2,0,0,0,0,0.5
23,C,ウラジロタデ,0,0,0.1,0,0,5
23,C,エンレイソウ,0.5,0.5,0.4,0.5,0.1,0
23,C,オオイタドリ,6,35,25,25,23,5
23,C,オオハナウド,0,0,0,0,1,0
23,C,オオバショリマ,0,0,0,0,0.1,0
23,C,オオバノヨツバムグラ,0,0.5,0,0,0,0
23,C,オニシモツケ,0,10,0,2,3,2
23,C,キオン,0.5,0,0,0,0,0
23,C,コミヤマカタバミ,3,4,3,3,1,0
23,C,ゴマナ,0,4,0,5,4,0.5
23,C,サカゲイノデ,0,0,0.5,0.1,0,7
23,C,サンカヨウ,0.5,0.5,0,0.5,0.6,0.5
23,C,シモツケソウ,0.5,2,0.5,0,0,5
23,C,シラネニンジン,0,0,0,0.5,0,0
23,C,シラネワラビ,0,0,0,0,0.2,0
23,C,スギナ,0,0,0.1,0.1,0,3
23,C,タケシマラン,0,0,0,0,0.2,0
23,C,タテヤマアザミ,5,20,5,3,0.5,3
23,C,チゴユリ,2,0,0,0.5,0,0
23,C,ノコンギク,4,0,0,0,0,0.5
23,C,ヒゲノガリヤス,1,2,0,1,25,2
23,C,ヒメゴヨウイチゴ,5,8,2,1,1,0
23,C,ヒメタケシマラン,0,0.5,0.5,0,0,0
23,C,ヒメワラビ,0,0,0,0,0.1,0
23,C,ヒロハユキザサ,0,0,0,0,2.1,0
23,C,フキ,4,10,5,7,1,6
23,C,マルバダケブキ,0,0,0,0.5,0,0
23,C,ミヤマアキノキリンソウ,0,0,0,0,0.2,0
23,C,ミヤマイタチシダ,0,0,0.5,0.1,0,0
23,C,ミヤマカンスゲ,5,10,15,20,5,0
23,C,ミヤマシシウド,0,0.5,0.5,6,7,2
23,C,ミヤマセンキュウ,0,0,0,0,0.1,0
23,C,ミヤマメシダ,0,2,1,2,0,4
23,C,ミヤマワラビ,0,1,0.5,0.5,3.1,0.5
23,C,メシダ,2,0,0,0,0,5
23,C,モミジカラマツ,0,0,0,0,0.1,0
23,C,ヤグルマソウ,0,0,0.1,0,2,0
23,C,ヤマイヌワラビ,0,0,0,0,0.1,0
23,C,ヤマソテツ,0,0,0.5,0.5,0,0
23,C,ヤマハハコ,0.5,0,0,0.5,1,5
23,C,ヤマブキショウマ,0.5,0.5,0.5,0,0.1,0.5
23,C,ユキザサ,0.5,0,0,2,0,2
23,C,ヨモギ,3,5,0,2,5.5,1
23,S,チシマザサ,9,30,60,70,40,0
24,B2,オオシラビソ,5,8,0,0.5,0,0
24,B2,オガラバナ,3,0,0,0,0,0
24,B2,オノエヤナギ,5,10,8,6,3,0
24,B2,クロツリバナ,2,2,3,2,4,0.5
24,B2,ダケカンバ,5,5,0,1,0.5,0
24,B2,バッコヤナギ,0,0,0,1,1,4
24,B2,ミネカエデ,0,0,0,0,0.1,0
24,B2,ミヤマハンノキ,5,8,0.5,0,0,6
24,C,アイイタドリ,0,0,0,0.1,0,4
24,C,アカショウマ,0,0,0.1,1,0,0
24,C,アキカラマツ,0,1,1,0,0,5
24,C,イタドリ,5,5,3,8,5,2
24,C,イワオウギ,3,0,0,0,0,4
24,C,エンレイソウ,0.5,0.5,0.1,0.5,0.3,0
24,C,オオイタドリ,4,20,5,20,16,4
24,C,オオハナウド,0,0,3,1,2,0
24,C,オオバショリマ,0,0,0.5,0.5,0,0
24,C,オニシモツケ,0,0,0,0,0.5,0
24,C,カニコウモリ,0,0,1,0.5,0.2,1
24,C,コウゾリナ,4,0,0,0,0,4
24,C,コミヤマカタバミ,0.5,3,5,5,8.5,0.5
24,C,コメススキ,0,0,0,0.1,0,6
24,C,ゴマナ,1,5,0,6,2,0
24,C,サカゲイノデ,0,0,0,0,0.5,0
24,C,サンカヨウ,0,0,0.5,0,0,0
24,C,シノブカグマ,0,0,0,0.5,0,0
24,C,シラネセンキュウ,0,0,0,0,0.5,0
24,C,シラネワラビ,1,0,0.5,0,0,0
24,C,スギナ,0,0,0.1,0.1,0,1
24,C,セイヨウタンポポ,2,0,0,0,0,4
24,C,タテヤマアザミ,3,10,5,4,1.1,3
24,C,チゴユリ,0.5,0,0,0,0,0
24,C,ツクバネソウ,0.5,0,0,0,0,0
24,C,テガタチドリ,0,0,0.1,0,0,0
24,C,ノコンギク,4,0,0,0,0,0
24,C,ヒゲノガリヤス,3,3,0.5,0,1.5,0
24,C,ヒメゴヨウイチゴ,5,5,3,3,1.8,0
24,C,ヒメタケシマラン,0,1,1,0.5,0,5
24,C,ヒロハユキザサ,0,0,0.5,0.5,0.3,0
24,C,フキ,4,10,2,2,0.5,0
24,C,マイヅルソウ,1,0,0,0.1,0,0
24,C,ミズバショウ,0,0,0.1,0.5,0.3,0
24,C,ミヤマアキノキリンソウ,0.5,1,0.1,0,0.2,0
24,C,ミヤマイタチシダ,0,0,0,0.5,0,3
24,C,ミヤマカタバミ,0,0,0,0,0.2,0
24,C,ミヤマカンスゲ,5,12,8,10,7,4
24,C,ミヤマシシウド,1,0.5,0,8,6,1
24,C,ミヤマセンキュウ,0,0,0.1,0,0,0
24,C,ミヤマメシダ,0,0,0,0,0.5,0
24,C,ミヤマワラビ,1,0,0.1,0.1,0.2,5
24,C,メシダ,0.5,0,0,0,0.1,0
24,C,ヤグルマソウ,0,2,2,0.5,3,0
24,C,ヤマイヌワラビ,0,0,1,0.5,0,0
24,C,ヤマソテツ,0,0,0,0.5,0,0
24,C,ヤマブキショウマ,0.5,1,0.5,0,1.1,5
24,C,ユキザサ,0,0,0.1,0,0,0.5
24,C,ヨツバヒヨドリ,0.5,0.5,0,0,0.7,0
24,C,ヨモギ,5,4,0,3,2,0
24,S,チシマザサ,9,90,85,90,50,0
25,B2,オオシラビソ,7,30,18,20,8.2,2
25,B2,オガラバナ,4,0,0,0,0.5,0
25,B2,オノエヤナギ,5,10,7,5,3,0
25,B2,ダケカンバ,8,30,3,4,1,1
25,B2,ナナカマド,0.5,5,6,7,7.5,0
25,B2,バッコヤナギ,0,0.5,0.5,0.5,2,0.5
25,B2,ミネカエデ,0,8,5,3,0.5,3
25,B2,ミヤマハンノキ,0,0,0,0,2,9
25,C,アカショウマ,0,0,0.1,1,0,6
25,C,アキカラマツ,1,5,1,1,0.5,0
25,C,イタドリ,4,0,0.5,12,2,5
25,C,エンレイソウ,0,0,0.5,0.5,0.2,6
25,C,オオイタドリ,0,15,12,20,8,4
25,C,オオハナウド,0,0,0,0,0.5,0
25,C,オオバショリマ,0,5,2,0,0.1,0.5
25,C,オシダ,0.5,0,0,0,0,4
25,C,コウゾリナ,0,0.5,0,0,0,0
25,C,コミヤマカタバミ,0,4,4,5,1,0
25,C,ゴゼンタチバナ,0.5,0.5,0,0,0.1,4
25,C,ゴマナ,0,0,0,0,0.5,0
25,C,サカゲイノデ,0,0,0,1,0.1,0
25,C,シラネニンジン,0,0,0,1,0.1,0
25,C,シラネワラビ,0,0,0,0,0.1,0
25,C,タケシマラン,0,0,0,0,0.4,0
25,C,タテヤマアザミ,3,10,5,4.5,0.1,5
25,C,チゴユリ,0.5,0,0.5,0.5,0.1,4
25,C,ツマトリソウ,0,0,0,0,0.1,0
25,C,テガタチドリ,0,0,0,0.1,0,0
25,C,ハクモウイノデ,0.5,0,0,0,0,0.5
25,C,ヒメゴヨウイチゴ,0,0,0,0,2,0
25,C,ヒメタケシマラン,0,1,0.5,0.5,0,0.5
25,C,ヒメノガリヤス,0,0,0.1,0,2,3
25,C,ヒメワラビ,0,0,0,0,0.1,0
25,C,ヒロハユキザサ,0,1,0.5,0.5,0.5,0
25,C,フキ,3,5,5,8,2,0
25,C,マイヅルソウ,1,0,3,6,2,5
25,C,ミヤマアキノキリンソウ,3,0,0,0,1,0
25,C,ミヤマカタバミ,0,0,0.5,0,1,0
25,C,ミヤマカンスゲ,8,60,40,70,30,0
25,C,ミヤマシシウド,1,0,4,5,6,1
25,C,ミヤマメシダ,0,0,0,0.5,0.1,0
25,C,ミヤマワラビ,0,1,0.1,0.5,0.2,1
25,C,モミジカラマツ,5,8,10,10,0,4
25,C,ヤマトユキザサ,0,0,0,0,0.1,0
25,C,ヤマドリゼンマイ,1,0,0,1,0,0
25,C,ヤマハハコ,0,0,0,0,0.1,0
25,C,ヤマブキショウマ,0.5,4,0.1,0,0.1,0
25,C,ユキザサ,1,0,0,0.5,0,0
25,C,ヨツバヒヨドリ,3,2,2,0,0.1,8
25,C,ヨモギ,4,5,0,5,1,0
25,S,チシマザサ,7,0,70,30,30,0
