サブプロット,階層,種名,DK1999,被度2006,被度2012,被度2018,被度2025,date2025,photo2025,memo,DK2006,id_note,X,X.1
1,B2,オオカメノキ,0,1,0.5,0.5,0.1,2025/08/22,,,1,1,,
1,B2,オオシラビソ,4,5,0.5,1,0.8,2025/08/22,,,4,2,,
1,B2,オオバスノキ,4,6,4,4,2.5,2025/08/22,,,4,3,,
1,B2,オガラバナ,0,0.5,0.5,0.5,,2025/08/22,,,0.5,4,,
1,B2,ヒメウスノキ,0,0.5,0.5,0.2,0.6,2025/08/22,,,0.5,5,,
1,B2,ミネカエデ,5,10,20,10,4,2025/08/22,,,5,6,,
1,B2,ムラサキヤシオツツジ,0,0.5,0.5,0.5,1,2025/08/22,,,0.5,7,,
1,C,イワカガミ,0.5,0.5,0.5,0.1,0.3,2025/08/22,,,0.5,8,,
1,C,イワナシ,0.5,0.5,0.5,0.1,0.1,2025/08/22,,,0,21,,
1,C,キソチドリ,0.5,0,0,0,,2025/08/22,,,0.5,9,,
1,C,ゴゼンタチバナ,4,1,3,1.5,2.2,2025/08/22,,,1,10_22,,
1,C,シノブカグマ,0.5,0.5,0.5,0.5,0.1,2025/08/22,,,0.5,11,,
1,C,ショウジョウバカマ,2,2,0.5,0.5,0.8,2025/08/22,,,2,12,,
1,C,チゴユリ,1,0,0.5,0.1,0.1,2025/08/22,,,0,23,,
1,C,ツマトリソウ,0.5,0,0.5,0.1,,2025/08/22,,,0,13,,
1,C,ツルリンドウ,0.5,1,0.5,0.1,0.2,2025/08/22,,,1,14,,
1,C,ヒメタケシマラン,0,0.5,0.5,0.2,,2025/08/22,,10:50:00,0.5,15,,
1,C,マイヅルソウ,1,0,0.5,0.2,0.1,2025/08/22,,,0,16,,
1,C,ミズバショウ,5,10,10,15,12,2025/08/22,,,5,17,,
1,C,ミツバオウレン,0.5,0.5,0.5,0.1,0.3,2025/08/22,,,0.5,18,,
1,C,ミヤマカンスゲ,5,8,3,7,4.5,2025/08/22,,,4,19,,
1,C,ヤマソテツ,3,2,3,3,4.4,2025/08/22,,,2,20,,
1,S,チシマザサ,9,100,70,80,80,2025/08/22,,,0,24,,
,,タケシラン,,,,,0.4,2025/08/22,,,,,,
,,ダケカンバ,,,,,0.1,2025/08/22,,,,,,
2,B2,オオカメノキ,2,0,0.5,1,1,2025/08/22,,,10,25,,
2,B2,オオシラビソ,4,8,35,5,1.6,2025/08/22,,,0,26,,
2,B2,オオバスノキ,3,2,0.5,4,5.8,2025/08/22,,,4,27,,
2,B2,オガラバナ,2,2,0.5,0,1,2025/08/22,,,2,28,,
2,B2,クロウスゴ,0.5,0,0.5,0.5,0.4,2025/08/22,,,2,29,,
2,B2,ナナカマド,0,0,0,0.5,,2025/08/22,,,0,30,,
2,B2,ミネカエデ,0,0,0,1,2.6,2025/08/22,,,,48,,
2,C,イワカガミ,0.5,0,0.5,0.1,0.4,2025/08/22,,,,47,,
2,C,イワナシ,0,0.5,0.5,0.1,0.1,2025/08/22,,,0.5,31,,
2,C,ゴゼンタチバナ,1,0,0.5,0.2,0.2,2025/08/22,,,0,32,,
2,C,サンカヨウ,0,0,0.5,0,,2025/08/22,,,0,39,,
2,C,シノブカグマ,0,0,0.5,0.1,0.3,2025/08/22,,,,41,,
2,C,ショウジョウバカマ,1,1,0.5,0.1,0.8,2025/08/22,,,,45,,
2,C,チゴユリ,0.5,0,0.5,0.1,,2025/08/22,,,1,33,,
2,C,ツマトリソウ,0,0,0.5,0.1,0.2,2025/08/22,,,0,40,,
2,C,ツルリンドウ,0.5,1,0.5,0.1,0.2,2025/08/22,,,,42,,
2,C,ヒメタケシマラン,0,0,0.5,0.1,,2025/08/22,,,1,34,,
2,C,ヒメノガリヤス,0,0,0.5,0.1,,2025/08/22,,,,43,,
2,C,マイヅルソウ,0.5,0,0.5,0.1,0.1,2025/08/22,,10:24:00,,44,,
2,C,ミツバオウレン,0,0,0,0.1,0.1,2025/08/22,,,0,35,,
2,C,ミヤマカンスゲ,4,8,5,3,5,2025/08/22,,,,46,,
2,C,ミヤマワラビ,0.5,0,1,0,0.1,2025/08/22,,,4,36,,
2,C,ヤマソテツ,0,0.5,0.5,0.5,0.7,2025/08/22,,,0,37,,
2,C,ヤマドリゼンマイ,0,0,0,1,1,2025/08/22,,,0.5,38,,
2,S,チシマザサ,10,100,90,90,80,2025/08/22,,,,49,,
,,ヒメウスノキ,,,,,0.8,2025/08/22,,,,,,
,,タケシラン,,,,,0.4,2025/08/22,,,,,,
,,ミヤマアキノキリンソウ,,,,,0.3,2025/08/22,,,,,,
,,ミヤマセンキュウ,,,,,0.1,2025/08/22,,,,,,
,,オオバショウマ,,,,,0.1,2025/08/22,,,,,,
,,コガネイチゴ,,,,,0.1,2025/08/22,,,,,,
,,オオバショリマ,,,,,0.1,2025/08/22,00:10:10,,,,,
3,B2,オオカメノキ,0.5,0,0,0,0.1,2025/08/22,,,10,50,,
3,B2,オオシラビソ,2,0.5,0.5,3,1.5,2025/08/22,,,0,51,,
3,B2,オオバスノキ,3,3,4,2,2.4,2025/08/22,,,0.5,52,,
3,B2,クロウスゴ,0.5,0,0.5,0.5,0.1,2025/08/22,,,3,53,,
3,B2,ナナカマド,3,10,0,1.5,0.1,2025/08/22,,B1かどうかわかりにくい,0,54,,
3,B2,ミネカエデ,3,3,4,3,3.2,2025/08/22,,,5,55,,
3,C,イワカガミ,0.5,0,0.5,0.3,0.4,2025/08/22,,,3,56,,
3,C,イワナシ,0.5,0.5,0.5,0.1,0.9,2025/08/22,,,0.5,57,,
3,C,ゴゼンタチバナ,4,4,1.5,0.5,0.5,2025/08/22,,,0,58,,
3,C,ショウジョウバカマ,1,2,0.5,0.2,0.1,2025/08/22,,,3,59,,
3,C,シラネワラビ,0,0.5,0,0,,2025/08/22,,,2,60,,
3,C,チゴユリ,1,0,0.5,0.1,0.1,2025/08/22,,,0.5,61,,
3,C,ツマトリソウ,0.5,0,0.5,0.1,,2025/08/22,,,0,73,,
3,C,ツルリンドウ,0.5,2,0.5,0.1,0.1,2025/08/22,,,0,62,,
3,C,ヒメゴヨウイチゴ,0.5,0,0,0,,2025/08/22,,,2,63,,
3,C,ヒメタケシマラン,0,1,0.5,0.1,,2025/08/22,,,0,64,,
3,C,ヒロハユキザサ,0,0.5,1,0.5,,2025/08/22,,,1,65,,
3,C,マイヅルソウ,0.5,0,0,0,,2025/08/22,,,0.5,66,,
3,C,ミズバショウ,1,2,9,9,12.3,2025/08/22,,,0,67,,
3,C,ミツバオウレン,0.5,0,0.5,0.1,,2025/08/22,,,2,68,,
3,C,ミヤマカンスゲ,6,25,7,9,12,2025/08/22,,,0,69,,
3,C,ヤマソテツ,4,5,2,2,1.3,2025/08/22,,,6,70,,
3,C,ヤマドリゼンマイ,0,0,0,0.2,,2025/08/22,,,4,71,,
3,C,ユキザサ,0.5,0,0,0,,2025/08/22,,,,77,11:48:00,
3,S,チシマザサ,9,95,95,95,80,2025/08/22,,,0,75,,
,,タケシマラン,,,,,0.2,2025/08/22,,,,,,
,,ヤマブキショウマ,,,,,0.1,2025/08/22,,,,,,
,,オオバショリマ,,,,,0.5,2025/08/22,,,,,,
,,コバイケイソウ,,,,,0.1,2025/08/22,,,,,,
,,ヒメウスノキ,,,,,0.1,2025/08/22,,,,,,
4,B2,オオカメノキ,0,0,0.5,0.2,1.3,2025/08/22,,,9,76,,
4,B2,オオシラビソ,4,8,0.5,1,0.1,2025/08/22,,,,85,,
4,B2,オオバスノキ,3,3,1,4,3.2,2025/08/22,,,4,78,,
4,B2,オガラバナ,2,2,0,0,1,2025/08/22,,,3,79,,
4,B2,クロウスゴ,1,1,0,0.2,,2025/08/22,,,2,80,,
4,B2,ダケカンバ,2,0,0,0,,2025/08/22,,,1,81,,
4,B2,ナナカマド,0,2,0,1,0.1,2025/08/22,,,0,82,,
4,B2,ヒメウスノキ,0,0,0,0.2,0.3,2025/08/22,,,2,83,,
4,B2,ミネカエデ,4,6,0.5,0.5,1.3,2025/08/22,,,,106,,
4,B2,ミヤマホツツジ,0,0,0.5,0,,2025/08/22,,,4,84,,
4,C,イワカガミ,0.5,0,0.5,0.2,0.7,2025/08/22,,,,86,,
4,C,イワナシ,0,0,0.5,0.1,0.3,2025/08/22,,,,102,,
4,C,オオバショリマ,0,0,0.5,0.3,0.2,2025/08/22,,,,104,,
4,C,ゴゼンタチバナ,2,2,1,0.5,1,2025/08/22,,,0,87,,
4,C,サンカヨウ,0,0,0.5,0,,2025/08/22,,,2,88,,
4,C,シノブカグマ,0.5,0,0,0,0.1,2025/08/22,,,,101,,
4,C,ショウジョウバカマ,0.5,1,0.5,0.5,1.3,2025/08/22,,,0,89,,
4,C,チゴユリ,1,0,0.5,0,0.1,2025/08/22,,,1,90,,
4,C,ツクバネソウ,0,0.5,0.5,0.1,,2025/08/22,,,0,99,,
4,C,ツルリンドウ,0.5,0,0,0,,2025/08/22,,,0.5,91,,
4,C,ヒメタケシマラン,0,2,0.5,0.2,,2025/08/22,,,0,92,,
4,C,マイヅルソウ,0,0,0.5,0.1,0.1,2025/08/22,,,2,93,,
4,C,ミズバショウ,4,5,3,3,5.9,2025/08/22,,,,103,,
4,C,ミツバオウレン,0,0.5,0.5,0.1,,2025/08/22,,,4,94,,
4,C,ミヤマカンスゲ,5,18,13,14,14,2025/08/22,,,0.5,95,,
4,C,ヤマソテツ,3,5,2,3,3.4,2025/08/22,,,5,96,,
4,S,チシマザサ,9,100,95,95,80,2025/08/22,,,4,97,,
,,タケシマラン,,,,,2.1,2025/08/22,,,,,,
,,エンレイソウ,,,,,0.1,2025/08/22,,,,,,
,,サンカヨウ,,,,,0.1,2025/08/22,00:10:42,,,,,
5,B2,オオカメノキ,2,2,0.5,0.5,1.6,2025/08/22,,,10,105,,
5,B2,オオシラビソ,3,0,0.5,2,1.5,2025/08/22,,,2,107,,
5,B2,オオバスノキ,3,3,0.5,4,1.1,2025/08/22,,,0,108,,
5,B2,オガラバナ,0,0,0,0.2,,2025/08/22,,,3,109,,
5,B2,ナナカマド,0.5,0.5,0.5,0.5,0.5,2025/08/22,,,,135,,
5,B2,ヒメウスノキ,0,0,0.5,0.2,0.5,2025/08/22,,,0.5,110,,
5,B2,ミネカエデ,5,20,2,5,3.5,2025/08/22,,,,133,,
5,C,イワカガミ,0,0.5,0.5,0.3,0.3,2025/08/22,,,6,111,,
5,C,イワナシ,0,0.5,0,0.1,0.1,2025/08/22,,,0.5,112,,
5,C,エンレイソウ,0,0.5,0,0,,2025/08/22,,,0.5,113,,
5,C,キソチドリ,0.5,0,0,0,,2025/08/22,,,0,127,,
5,C,ゴゼンタチバナ,2,3,1,0.2,0.7,2025/08/22,,,0.5,114,,
5,C,シノブカグマ,0,0.5,0,0.1,0.3,2025/08/22,,,3,115,,
5,C,ショウジョウバカマ,2,2,0.5,0.2,0.2,2025/08/22,,,0.5,116,,
5,C,シラネワラビ,1,1,0.5,0,0.3,2025/08/22,,,2,117,,
5,C,チゴユリ,2,0,0.5,0,,2025/08/22,,photo,1,118,,
5,C,ツクバネソウ,0,0,0.5,0,,2025/08/22,,,0,129,,
5,C,ツルリンドウ,2,2,0.5,0.1,0.1,2025/08/22,,,,131,,
5,C,ヒメタケシマラン,0,0.5,0.5,0.1,,2025/08/22,,,2,119,,
5,C,ヒロハユキザサ,0,0.5,0.5,0.2,0.1,2025/08/22,,12:46:00,0.5,120,,
5,C,マイヅルソウ,3,3,0.5,0.1,0.2,2025/08/22,,,0.5,121,,
5,C,ミズバショウ,1,5,10,5,5,2025/08/22,,,3,122,,
5,C,ミツバオウレン,0,0,0.5,0.1,0.1,2025/08/22,,,4,123,,
5,C,ミヤマカンスゲ,6,18,30,30,30,2025/08/22,,,,132,,
5,C,ミヤマワラビ,0,0,0,0.1,,2025/08/22,,,5,124,,
5,C,ヤマソテツ,4,5,1.5,4,3.5,2025/08/22,,,,136,,
5,C,ヤマドリゼンマイ,3,0.5,0.5,0.3,,2025/08/22,,,4,125,,
5,S,チシマザサ,9,100,80,85,70,2025/08/22,,,0.5,126,,
,,オオバショリマ,,,,,0.2,2025/08/22,,,,,,
,,タケシマラン,,,,,0.4,2025/08/22,,,,,,
,,ゼンマイ,,,,,0.1,2025/08/22,00:11:31,,,,,
,,オオバショリマ,,,,,0.1,2025/08/22,,,,,,
6,B2,オオシラビソ,4,5,3,5,6.5,2025/08/21,,,10,134,,
6,B2,オオバスノキ,3,6,12,9,2.1,2025/08/21,,,4,137,,
6,B2,クロウスゴ,2,2,2,1,0.3,2025/08/21,,,4,138,,
6,B2,コメツガ,0,0,0,1,,2025/08/21,,,2,139,,
6,B2,ナナカマド,0,5,4,4,1.1,2025/08/21,,,,164,,
6,B2,ヒメウスノキ,0,0.5,5,0.5,0.2,2025/08/21,,,4,140,,
6,B2,ミネカエデ,5,5,6,4,2.5,2025/08/21,,,0.5,141,,
6,B2,ミヤマハンノキ,0,0.5,1,1,.,2025/08/21,,,4,142,,
6,C,イワカガミ,2,1,0.5,0.2,0.2,2025/08/21,,,0.5,143,,
6,C,イワナシ,0.5,0.5,0.1,0.1,0.3,2025/08/21,,,0.5,144,,
6,C,エンレイソウ,0,0.5,0,0,0.1,2025/08/21,,,0.5,145,,
6,C,ゴゼンタチバナ,2,2,0.5,0.5,0.7,2025/08/21,,,1,146,,
6,C,サンカヨウ,0,0.5,0,0,,2025/08/21,,,2,147,,
6,C,シノブカグマ,0,0.5,0.5,0.2,0.1,2025/08/21,,,0.5,148,,
6,C,ショウジョウバカマ,4,2,0.5,0.2,1.2,2025/08/21,,,0.5,149,,
6,C,シラネワラビ,0,0.5,0.5,0.1,,2025/08/21,,,2,150,,
6,C,チゴユリ,1,0,0,0.1,0.1,2025/08/21,,,0.5,151,,
6,C,ツマトリソウ,0,0,0,0.1,0.1,2025/08/21,,,0,160,,
6,C,ツルリンドウ,0,0.5,0,0.1,,2025/08/21,,,,165,,
6,C,ヒメタケシマラン,0,1,0.5,0.1,,2025/08/21,,,0.5,152,,
6,C,ヒロハユキザサ,0,0,0.1,0,,2025/08/21,,,1,153,,
6,C,マイヅルソウ,1,0,0.1,0,,2025/08/21,,,,162,,
6,C,ミズバショウ,6,30,18,15,9.5,2025/08/21,,,0,154,,
6,C,ミツバオウレン,1,0.5,0.1,0.1,0.2,2025/08/21,,,6,155,,
6,C,ミヤマカンスゲ,6,20,15,10,6,2025/08/21,,,0.5,156,,
6,C,ヤマソテツ,4,5,2,2,1.2,2025/08/21,,,6,157,,
6,S,チシマザサ,9,100,95,95,60,2025/08/21,,,4,158,,
,,タケシマラン,,,,,0.2,2025/08/21,,,,,,
,,ダケカンバ,,,,,0.5,2025/08/21,,,,,,
7,B2,オオカメノキ,0,0,0,1,1,2025/08/21,,,10,163,,
7,B2,オオシラビソ,6,20,2,3,0.5,2025/08/21,,,,196,,
7,B2,オオバスノキ,0.5,1,0.6,1.5,0.3,2025/08/21,,,6,166,,
7,B2,オガラバナ,4,4,5,0,,2025/08/21,,,1,167,,
7,B2,クロウスゴ,0.5,1,1,1,0.1,2025/08/21,,,3,168,,
7,B2,クロツリバナ,0,0,0.1,0,,2025/08/21,,,1,169,,
7,B2,ナナカマド,2,5,1,3,1.6,2025/08/21,,15:07:00,,193,,
7,B2,ハリブキ,0,0,0,0.1,0.1,2025/08/21,,,4,170,,
7,B2,ミネカエデ,0,4,3,2,2,2025/08/21,,,,198,,
7,B2,ミヤマハンノキ,4,5,0,0,,2025/08/21,,,3,171,,
7,C,イワカガミ,1,2,0.2,0.3,0.3,2025/08/21,,,4,172,,
7,C,エンレイソウ,0.5,0.5,0.5,0,0.2,2025/08/21,,,0.5,173,,
7,C,オオバショリマ,0,0,0.6,1,0.1,2025/08/21,,15:20:00,,187,,
7,C,オオバタケシマラン,0.5,0.5,0.5,0.1,0.1,2025/08/21,,,0.5,174,,
7,C,ゴゼンタチバナ,1,1,1.5,0.5,0.6,2025/08/21,,,2,175,,
7,C,シノブカグマ,0,0,0,0.1,0.2,2025/08/21,,,1,176,,
7,C,ショウジョウバカマ,2,2,0.1,0.5,2.4,2025/08/21,,,,197,,
7,C,チゴユリ,1,0,0,0,,2025/08/21,,,2,177,,
7,C,ツルリンドウ,0,0,0.5,0.1,0.1,2025/08/21,,,0,184,,
7,C,ヒメゴヨウイチゴ,0,0,0.5,0,,2025/08/21,,,,191,,
7,C,ヒメタケシマラン,0,1,0.5,0.1,,2025/08/21,,14:41:00,,190,,
7,C,マイヅルソウ,0.5,0.5,1,0.1,0.5,2025/08/21,,,1,178,,
7,C,ミズバショウ,0,0.5,0.5,0.5,0.5,2025/08/21,,,0.5,179,,
7,C,ミツバオウレン,0,0,0.5,0.1,0.1,2025/08/21,,,0.5,180,,
7,C,ミヤマアキノキリンソウ,0,0,0.5,0,0.1,2025/08/21,,,,189,,
7,C,ミヤマカタバミ,0,0,0.5,0,0.2,2025/08/21,,,,188,,
7,C,ミヤマカンスゲ,5,0,5,4,2.6,2025/08/21,,15:19:00,,186,,
7,C,ミヤマシシガシラ,0,0,0,0.1,1.1,2025/08/21,,,0,181,,
7,C,ヤマソテツ,3,4,4,2,1.2,2025/08/21,,,,195,,
7,S,チシマザサ,10,100,95,95,60,2025/08/21,,,3,182,,
,,オオバショリマ,,,,,0.2,2025/08/21,,,,,,
,,タケシマラン,,,,,0.3,2025/08/21,,,,,,
,,シラネワラビ,,,,,0.1,2025/08/21,,,,,,
,,ヒロハユキザサ,,,,,0.1,2025/08/21,,,,,,
,,ユキザサ,,,,,0.1,2025/08/21,,,,,,
,,ヒメウスノキ,,,,,0.1,2025/08/21,,,,,,
,,ヤマイヌワラビ,,,,,0.1,2025/08/21,,,,,,
8,B2,オオカメノキ,3,4,2,2,1,2025/08/21,,,10,194,,
8,B2,オオシラビソ,3,2,0.5,0.5,1,2025/08/21,,,3,199,,
8,B2,オオバスノキ,3,6,1,5,4,2025/08/21,,,2,200,,
8,B2,クロウスゴ,1,0,0.5,0.5,0.3,2025/08/21,,,4,201,,
8,B2,クロツリバナ,2,1,0,0,0.5,2025/08/21,,,0,202,,
8,B2,ダケカンバ,0,1,0,0,,2025/08/21,,,1,203,,
8,B2,ナナカマド,0,0.5,0.5,1,0.2,2025/08/21,,,1,204,,
8,B2,ハリブキ,0.5,0.5,0,0.1,0.2,2025/08/21,,,0.5,205,,
8,B2,ヒメウスノキ,0,0.5,0.5,0.2,0.4,2025/08/21,,,0.5,206,,
8,B2,ミネカエデ,5,20,0,1,1.1,2025/08/21,,,0.5,207,,
8,C,イワカガミ,1,1,0.5,0.3,1.3,2025/08/21,,,6,208,,
8,C,イワナシ,0.5,0.5,0.5,0.2,0.2,2025/08/21,,,0.5,209,,
8,C,エンレイソウ,0.5,0.5,0.5,0,0.1,2025/08/21,,,0.5,210,,
8,C,オオバショリマ,0,0,0,0,0.1,2025/08/21,,,0.5,227,,
8,C,ゴゼンタチバナ,3,3,3,1.5,0.8,2025/08/21,,,1,211,,
8,C,シノブカグマ,0,0.5,0,0,0.1,2025/08/21,,,3,212,,
8,C,ショウジョウバカマ,0,1,0.5,0.1,0.2,2025/08/21,,,0.5,213,,
8,C,シラネワラビ,0,0,0,0,,2025/08/21,,,1,214,,
8,C,タケシマラン,0,2,0.5,0.1,0.2,2025/08/21,,,0.5,228,,
8,C,チゴユリ,2,0,0.5,0.1,0.1,2025/08/21,,,2,215,,
8,C,ツマトリソウ,0.5,0.5,0.5,0.1,,2025/08/21,,,0,224,,
8,C,ツルリンドウ,0.5,0.5,0.5,0.2,0.4,2025/08/21,,,0.5,216,,
8,C,ヒロハユキザサ,0,0.5,0.5,0.5,0.1,2025/08/21,,,0.5,217,,
8,C,マイヅルソウ,1,0.5,0,0.1,0.1,2025/08/21,,,0.5,218,,
8,C,ミズバショウ,4,4,6,4,4.5,2025/08/21,,,0.5,219,,
8,C,ミヤマカンスゲ,5,18,18,20,30,2025/08/21,,,3,220,,
8,C,ヤマソテツ,3,3,5,5,1.3,2025/08/21,,,5,221,,
8,C,ユキザサ,0.5,0,0.1,0,,2025/08/21,,,3,222,,
8,S,チシマザサ,9,95,95,95,90,2025/08/21,,,0,226,,
,,タニギキョウ,,,,,0.1,2025/08/21,,,,,,
,,コガネイチゴ,,,,,0.1,2025/08/21,,,,,,
,,オオバショリマ,,,,,0.1,2025/08/21,00:13:51,,,,,
9,B2,オオカメノキ,3,1,1,1,0.1,2025/08/21,,,9,229,,
9,B2,オオシラビソ,3,3,1,2,0.1,2025/08/21,,,1,230,,
9,B2,オオバスノキ,3,3,1,2,0.3,2025/08/21,,,3,231,,
9,B2,クロウスゴ,1,0,0,0.1,0.1,2025/08/21,,,3,232,,
9,B2,ナナカマド,0,0,0,0.1,0.1,2025/08/21,,,0,233,,
9,B2,ハリブキ,0.5,0,0,0,,2025/08/21,,,,258,,
9,B2,ヒメウスノキ,0,0,0.5,0,,2025/08/21,,,0,234,,
9,B2,ミネカエデ,4,5,1,1,1.5,2025/08/21,,,0.5,236,,
9,C,イワカガミ,0.5,2,1,0.3,0.3,2025/08/21,,,4,235,,
9,C,イワナシ,0,0,0.5,0.1,0.1,2025/08/21,,,,256,,
9,C,エンレイソウ,0,0.5,0.5,0,0.1,2025/08/21,,,0.5,237,,
9,C,オオバショリマ,0,0,0.1,0.3,1.5,2025/08/21,,,,253,,
9,C,ゴゼンタチバナ,4,3,1,0.5,0.3,2025/08/21,,,2,238,,
9,C,ショウジョウバカマ,0.5,1,0.5,0.2,0.5,2025/08/21,,,3,239,,
9,C,シラネワラビ,0,0,0.5,0.3,0.2,2025/08/21,,,1,240,,
9,C,チゴユリ,1,0,0.5,0.1,0.1,2025/08/21,,,,255,,
9,C,ツクバネソウ,0,0,0.1,0.1,0.2,2025/08/21,,,0,250,,
9,C,ツルリンドウ,2,1,0.6,0.2,0.1,2025/08/21,,,,252,,
9,C,ヒメタケシマラン,0,0.5,0.5,0.2,,2025/08/21,,,1,241,,
9,C,ホソバトウゲシバ,0,0.5,0,0,,2025/08/21,,,0.5,242,,
9,C,マイヅルソウ,2,2,0.5,0.1,0.1,2025/08/21,,,0.5,243,,
9,C,ミズバショウ,4,5,4,3,5.5,2025/08/21,,,2,244,,
9,C,ミツバオウレン,0.5,0.5,0.5,0.1,0.2,2025/08/21,,,4,245,,
9,C,ミヤマカンスゲ,6,15,18,20,16,2025/08/21,,,0.5,246,,
9,C,ヤマソテツ,3,3,3,0,2,2025/08/21,,,5,247,,
9,S,チシマザサ,9,95,90,90,70,2025/08/21,,,3,248,,
,,シノブカグマ,,,,,0.5,2025/08/21,,,,,,
,,タケシマラン,,,,,0.2,2025/08/21,,,,,,
10,B2,オオカメノキ,0.5,0,1,0.5,1,2025/08/21,,,9,257,,
10,B2,オオシラビソ,0,0,0,0.2,,2025/08/21,,,0,259,,
10,B2,オオバスノキ,3,2,0.5,1,0.5,2025/08/21,,,,283,,
10,B2,ダケカンバ,0,0,0,2,,2025/08/21,,,2,260,,
10,B2,ミネカエデ,5,18,0.5,4,0.9,2025/08/21,,,,282,,
10,C,イワカガミ,0.5,2,0.5,0.1,,2025/08/21,,,5,261,,
10,C,イワナシ,1,0,0,0,0.2,2025/08/21,,,0,262,,
10,C,エンレイソウ,0.5,0.5,0.5,0,0.1,2025/08/21,,,0.5,263,,
10,C,オオバショリマ,0,0,0,0.2,0.2,2025/08/21,,,,284,,
10,C,ゴゼンタチバナ,4,5,1,0.5,0.7,2025/08/21,,,2,264,,
10,C,ショウジョウバカマ,1,1,0.5,0.2,0.1,2025/08/21,,,4,265,,
10,C,シラネワラビ,2,0,0.5,0.1,,2025/08/21,,,1,266,,
10,C,タケシマラン,0,1,0.5,0.2,0.2,2025/08/21,,13:11:00,0,267,,
10,C,チゴユリ,1,0,0.5,0.1,0.1,2025/08/21,,,1,268,,
10,C,ツクバネソウ,0.5,0,0.5,0.1,,2025/08/21,,,0,278,,
10,C,ツルリンドウ,2,2,0.5,0.1,0.3,2025/08/21,,,0,269,,
10,C,ヒメゴヨウイチゴ,2,0,0.5,0.1,,2025/08/21,,,2,270,,
10,C,ヒロハユキザサ,0,0.5,0.5,0.3,0.3,2025/08/21,,13:05:00,0,271,,
10,C,マイヅルソウ,3,3,0.5,0.1,0.1,2025/08/21,,,0.5,272,,
10,C,ミズバショウ,0.5,2,1,1,2.3,2025/08/21,,,3,273,,
10,C,ミヤマカンスゲ,6,25,30,25,20,2025/08/21,,,2,274,,
10,C,ヤマソテツ,5,12,7,5,5.8,2025/08/21,,,6,275,,
10,C,ユキザサ,0.5,0,0,0,,2025/08/21,,,5,276,,
10,S,チシマザサ,9,95,90,85,90,2025/08/21,,,0,280,,
,,ヒメウスノキ,,,,,0.1,2025/08/21,,,,,,
,,コガネイチゴ,,,,,0.1,2025/08/21,,,,,,
11,B2,オオシラビソ,5,0,4,2.1,1.8,2025/08/21,,,9,281,,
11,B2,オオバスノキ,3,3,5,2,3.2,2025/08/21,,,0,285,,
11,B2,オガラバナ,0,0,0,0.5,3.4,2025/08/21,,,3,286,,
11,B2,クロウスゴ,1,1,2,0.1,1.5,2025/08/21,,,,321,,
11,B2,クロツリバナ,3,4,55,2,5,2025/08/21,,,1,287,,
11,B2,ナナカマド,0,0,0,0.1,,2025/08/21,,,3,288,,
11,B2,ヒメウスノキ,0,0.5,2,1.1,1.5,2025/08/21,,,,322,,
11,B2,ミネカエデ,3,0,0.5,0.5,1,2025/08/21,,,0.5,289,,
11,C,イワカガミ,2,2,0.5,0.5,0.7,2025/08/21,,,0,290,,
11,C,イワナシ,1,0.5,0,0.4,0.2,2025/08/21,,,0.5,291,,
11,C,エンレイソウ,0,0.5,0,0,,2025/08/21,,,0.5,292,,
11,C,オオバショリマ,0,0,0.5,0.4,0.5,2025/08/21,,,,313,,
11,C,オオバタケシマラン,0,0.5,0,0.3,0.1,2025/08/21,,,0.5,293,,
11,C,オオバノヨツバムグラ,0,0,0,0.1,,2025/08/21,,,,320,,
11,C,コバイケイソウ,0,1,0,0,0.1,2025/08/21,,,2,294,,
11,C,コミヤマカタバミ,0,0,0,0.3,0.1,2025/08/21,,,3,295,,
11,C,ゴゼンタチバナ,0,4,4,1,0.2,2025/08/21,,,1,296,,
11,C,サンカヨウ,0,0,0,0.1,,2025/08/21,,,,317,,
11,C,シノブカグマ,0,0.5,0.5,0,0.1,2025/08/21,,,,316,,
11,C,ショウジョウバカマ,2,2,0.5,0.1,0.1,2025/08/21,,,0.5,297,,
11,C,シラネワラビ,1,0,1,0.1,,2025/08/21,,,2,298,,
11,C,タケシマラン,0,1,0.5,0.1,0.1,2025/08/21,,,0,299,,
11,C,チゴユリ,1,0,0,0.2,,2025/08/21,,,1,300,,
11,C,ツクバネソウ,0.5,0.5,0,0,,2025/08/21,,,0,311,,
11,C,ツマトリソウ,0,0.5,0.1,0,0.1,2025/08/21,,,0.5,301,,
11,C,ツルリンドウ,0.5,0.5,0,0.1,0.1,2025/08/21,,,0.5,302,,
11,C,ヒメゴヨウイチゴ,0,0,0.1,0.1,0.1,2025/08/21,,,0.5,303,,
11,C,フキ,0,0,0.1,0,,2025/08/21,,,,314,,
11,C,マイヅルソウ,1,1,0.1,0.1,0.1,2025/08/21,,,,312,,
11,C,ミズバショウ,2,5,1,3,4.2,2025/08/21,,,1,304,,
11,C,ミツバオウレン,2,1,0.1,0.1,0.2,2025/08/21,,,4,305,,
11,C,ミヤマアキノキリンソウ,0,0,0,0.1,,2025/08/21,,,1,306,,
11,C,ミヤマカンスゲ,5,10,10,5,0.3,2025/08/21,,,,318,,
11,C,モミジカラマツ,0,0.5,0.1,0.1,,2025/08/21,,,5,307,,
11,C,ヤマソテツ,0,3,4,0.5,0.6,2025/08/21,,,0.5,308,,
11,C,ヤマドリゼンマイ,0,1,0.5,0.2,1.5,2025/08/21,,,3,309,,
11,S,チシマザサ,9,95,95,60,70,2025/08/21,,,1,310,,
,,ミヤマハンノキ,,,,,2,2025/08/21,,,,,,
,,ムラサキヤシオ,,,,,0.1,2025/08/21,00:10:56,,,,,
,,イワナシ,,,,,0.2,2025/08/21,00:10:55,,,,,
12,B2,オオカメノキ,0,0,0,1,,2025/08/21,,,9,315,,
12,B2,オオシラビソ,3,5,1,1.5,2,2025/08/21,,,,358,,
12,B2,オオバスノキ,0,3,2,1,0.1,2025/08/21,,,4,323,,
12,B2,オガラバナ,5,20,10,0.8,2.7,2025/08/21,,,3,324,,
12,B2,クロウスゴ,0,1,1,0.5,1,2025/08/21,,,6,325,,
12,B2,クロツリバナ,0,3,0.5,2,1.1,2025/08/21,,,1,326,,
12,B2,ダケカンバ,0,0.5,0.5,1.6,,2025/08/21,,,3,327,,
12,B2,ナナカマド,5,8,2,1.8,,2025/08/21,,,0.5,328,,
12,B2,ハリブキ,0.5,0.5,0.5,0.1,0.8,2025/08/21,,,4,329,,
12,B2,ミネカエデ,4,5,1,0.3,0.1,2025/08/21,,,0.5,330,,
12,B2,ムラサキヤシオツツジ,0,0,0,0.1,,2025/08/21,,,4,331,,
12,C,イワカガミ,0,0.5,0.1,0,,2025/08/21,,,,354,,
12,C,イワナシ,0,0,0,0.1,,2025/08/21,,,,353,,
12,C,エンレイソウ,0,0.5,0.1,0.6,0.3,2025/08/21,,,0.5,332,,
12,C,オオバショリマ,0,0.5,1,0.2,0.1,2025/08/21,,,0.5,333,,
12,C,キヌガサソウ,0,0,0,0.1,,2025/08/21,,,,357,,
12,C,コミヤマカタバミ,3,0.5,1,2,1.3,2025/08/21,,,0.5,334,,
12,C,ゴゼンタチバナ,0,0.5,0.1,0.1,0.7,2025/08/21,,,0.5,335,,
12,C,サンカヨウ,0,0,0.1,0,,2025/08/21,,,0.5,336,,
12,C,シノブカグマ,0,0.5,0.5,0.5,0.1,2025/08/21,,,,349,,
12,C,ショウジョウバカマ,1,1,0.5,1,0.3,2025/08/21,,,0.5,337,,
12,C,シラネワラビ,2,1,2,3,4.5,2025/08/21,,,1,338,,
12,C,タケシマラン,0,2,1,0.2,0.6,2025/08/21,,,1,339,,
12,C,チゴユリ,2,0,0,0,,2025/08/21,,,2,340,,
12,C,ツクバネソウ,0,0,0,0.2,0.1,2025/08/21,,,0,346,,
12,C,ツマトリソウ,0,0,0,0.2,0.1,2025/08/21,,,,356,,
12,C,ヒメゴヨウイチゴ,0,0.5,1,0.2,0.1,2025/08/21,,,,355,,
12,C,ヒロハユキザサ,0,0,0.1,0,,2025/08/21,,,0.5,341,,
12,C,マイヅルソウ,0.5,0.5,0.5,0.1,0.1,2025/08/21,,,,348,,
12,C,ミヤマカンスゲ,5,8,10,8,2.5,2025/08/21,,,0.5,342,,
12,C,ミヤマワラビ,0,0.5,0,0,,2025/08/21,,,4,343,,
12,C,ヤマソテツ,3,2,0.5,1,0.4,2025/08/21,,,0.5,344,,
12,C,ヤマドリゼンマイ,0,0,0,0.5,,2025/08/21,,,2,345,,
12,S,チシマザサ,9,95,90,90,90,2025/08/21,,,0,347,,
,,ヒメウスノキ,,,,,0.2,2025/08/21,,,,,,
,,ミズバショウ,,,,,0.2,2025/08/21,,,,,,
,,オオバタケシマラン,,,,,0.1,2025/08/21,,,,,,
,,ヤマイヌワラビ,,,,,0.1,2025/08/21,,,,,,
,,ヒメゴヨウイチゴ,,,,,0.1,2025/08/21,,,,,,
,,ミヤマハンノキ,,,,,0.1,2025/08/21,,,,,,
13,B2,ウラジロナナカマド,0,2,2,3,,2025/08/21,,,,351,,
13,B2,オオカメノキ,3,3,3,0,,2025/08/21,,,9,350,,
13,B2,オオシラビソ,4,4,2,0.7,0.6,2025/08/21,,,2,359,,
13,B2,オオバスノキ,1,2,4,1.1,0.4,2025/08/21,,,3,360,,
13,B2,オガラバナ,4,8,5,5,0.5,2025/08/21,,,3,361,,
13,B2,クロウスゴ,3,2,2,3,0.1,2025/08/21,,,2,362,,
13,B2,クロツリバナ,3,5,3,4,2,2025/08/21,,,4,363,,
13,B2,タカネナナカマド,2,0,0,0,,2025/08/21,,,2,364,,
13,B2,ダケカンバ,4,5,2,3,0.1,2025/08/21,,,4,365,,
13,B2,ナナカマド,0,3,8,0,1,2025/08/21,,,0,371,,
13,B2,ハリブキ,0,0.5,0,0.5,0.1,2025/08/21,,,4,366,,
13,B2,ヒメウスノキ,0,0,0.1,0.1,0.2,2025/08/21,,,3,367,,
13,B2,ミネカエデ,0,0,2,0,1.4,2025/08/21,,,0.5,368,,
13,B2,ミヤマハンノキ,0,2,0,0,,2025/08/21,,,,373,,
13,B2,ムラサキヤシオツツジ,0,0.5,0,0,,2025/08/21,,,,372,,
13,C,イヌワラビ,0,0.5,0,0,,2025/08/21,,,2,369,,
13,C,イワナシ,1,1,1,0,,2025/08/21,,,0.5,370,,
13,C,エンレイソウ,0,0.5,0.1,0,,2025/08/21,,,0.5,374,,
13,C,オオバショリマ,0,1,0.5,0.5,0.1,2025/08/21,,,1,375,,
13,C,オオバタケシマラン,0,0,0,1,,2025/08/21,,,0.5,377,,
13,C,オオバノヨツバムグラ,0,0.5,0,0,,2025/08/21,,,1,378,,
13,C,キヌガサソウ,2,2,0.5,1,0.3,2025/08/21,,,,399,,
13,C,コミヤマカタバミ,3,3,3,1.1,0.1,2025/08/21,,,0.5,376,,
13,C,ゴゼンタチバナ,0,2,1,0.7,0.1,2025/08/21,,,2,379,,
13,C,シノブカグマ,2,1,0.5,0,0.1,2025/08/21,,,2,380,,
13,C,ショウジョウバカマ,2,2,0.5,0.4,0.1,2025/08/21,,,3,381,,
13,C,シラネワラビ,4,6,5,5,4.1,2025/08/21,,,1,382,,
13,C,チゴユリ,1,0,0,0,0.1,2025/08/21,,,2,383,,
13,C,ツクバネソウ,0.5,0.5,0.1,0,0.2,2025/08/21,,,4,384,,
13,C,ツマトリソウ,0.5,0.5,0.1,0.2,,2025/08/21,,,0,393,,
13,C,ツルリンドウ,0.5,0,0,0,0.1,2025/08/21,,,0.5,385,,
13,C,ヒメゴヨウイチゴ,5,5,2,2,1.5,2025/08/21,,,0.5,386,,
13,C,ヒメタケシマラン,0,0.5,0.1,0.2,,2025/08/21,,,0,387,,
13,C,ヒメワラビ,0,0,1,0,,2025/08/21,,,4,388,,
13,C,マイヅルソウ,0,0,0,0.1,,2025/08/21,,,0.5,389,,
13,C,ミズバショウ,4,4,5,6,4.5,2025/08/21,,,,396,,
13,C,ミツバオウレン,0,0.5,0.1,0,,2025/08/21,,,,398,,
13,C,ミヤマアキノキリンソウ,0.5,0,0.1,0,0.1,2025/08/21,,,3,390,,
13,C,ミヤマカンスゲ,6,15,15,9,2,2025/08/21,,,0.5,391,,
13,C,ヤマソテツ,0,0,1,2.2,0.8,2025/08/21,,,0,394,,
13,S,チシマザサ,9,95,80,85,85,2025/08/21,,,5,392,,
,,タニギキョウ,,,,,0.1,2025/08/21,,,,,,
,,ヤマイヌワラビ,,,,,0.1,2025/08/21,,,,,,
,,ヒロハユキザサ,,,,,0.1,2025/08/21,,,,,,
14,B2,オオカメノキ,3,2,2,2.1,0.8,2025/08/21,,,,395,,
14,B2,オオシラビソ,4,5,3,2,4,2025/08/21,,,9,397,,
14,B2,オオバスノキ,5,10,10,3.3,1.4,2025/08/21,,,2,400,,
14,B2,クロウスゴ,1,0,0.5,0,0.1,2025/08/21,,,4,401,,
14,B2,ナナカマド,4,5,4,5,0.7,2025/08/21,,,5,402,,
14,B2,ハリブキ,0,0.5,0,0.2,,2025/08/21,,,0,403,,
14,B2,ヒメウスノキ,0,0.5,0.5,0,,2025/08/21,,,4,404,,
14,B2,ベニバナイチゴ,0,0.5,0,0,,2025/08/21,,,0.5,405,,
14,B2,ミネカエデ,4,6,5,1.1,1.4,2025/08/21,,,0.5,406,,
14,C,イヌワラビ,0,0.5,0,0,,2025/08/21,,,0.5,407,,
14,C,イワカガミ,0,0.5,0.5,0,0.3,2025/08/21,,,4,408,,
14,C,イワナシ,0,0.5,0.1,0,0.1,2025/08/21,,,0.5,409,,
14,C,エンレイソウ,0,0.5,0,0,0.1,2025/08/21,,,0.5,410,,
14,C,オオバショリマ,0,0.5,0.5,0.5,0.1,2025/08/21,,,0.5,412,,
14,C,オオバノヨツバムグラ,0,1,0,0,,2025/08/21,,,0.5,413,,
14,C,コミヤマカタバミ,0,5,0.5,0.2,0.1,2025/08/21,,,1,411,,
14,C,ゴゼンタチバナ,4,0,0.5,0.1,0.2,2025/08/21,,,0.5,414,,
14,C,サンカヨウ,0,0.5,0.1,0,,2025/08/21,,,0.5,415,,
14,C,シノブカグマ,2,0,1,0,,2025/08/21,,,0,434,,
14,C,ショウジョウバカマ,1,1,0.5,0.2,0.3,2025/08/21,,,4,416,,
14,C,シラネワラビ,0,0.5,0.5,0.1,0.1,2025/08/21,,,0.5,417,,
14,C,タニギキョウ,0,1,0,0,,2025/08/21,,,0,418,,
14,C,チゴユリ,0.5,0,0,0,0.1,2025/08/21,,,1,419,,
14,C,ツクバネソウ,0,1,0.1,0,,2025/08/21,,,0.5,420,,
14,C,ツマトリソウ,0,0.5,0.1,0,0.4,2025/08/21,,,1,421,,
14,C,ツルリンドウ,3,0,0.1,0,0.1,2025/08/21,,,0,435,,
14,C,ヒメゴヨウイチゴ,0,1,0.5,0.1,,2025/08/21,,,1,422,,
14,C,ヒメタケシマラン,0,1,0.1,0.1,,2025/08/21,,,0.5,423,,
14,C,ミズバショウ,2,2,3,2,2,2025/08/21,,,0,424,,
14,C,ミツバオウレン,0.5,0.5,0.1,0.2,,2025/08/21,,,1,425,,
14,C,ミヤマアキノキリンソウ,0,0,0,0.1,,2025/08/21,,,1,426,,
14,C,ミヤマカンスゲ,6,30,20,7,8,2025/08/21,,,2,427,,
14,C,ミヤマメシダ,0,2,1,0,,2025/08/21,,,0.5,428,,
14,C,ミヤマワラビ,0,0.5,0,0,,2025/08/21,,,,437,,
14,C,モミジカラマツ,0,1,0,0,,2025/08/21,,,6,429,,
14,C,ヤマソテツ,0,4,3,1.4,2.7,2025/08/21,,,2,430,,
14,C,ヤマトユキザサ,0,0.5,0.1,0,,2025/08/21,,,0.5,431,,
14,S,チシマザサ,9,95,95,83,80,2025/08/21,,,1,432,,
,,ヤマイヌワラビ,,,,,0.1,2025/08/21,,,,,,
,,ダケカンバ,,,,,0.1,2025/08/21,,,,,,
,,ユキザサ,,,,,0.1,2025/08/21,,,,,,
,,タケシマラン,,,,,0.1,2025/08/21,,,,,,
15,B2,オオカメノキ,0.5,0.5,0.1,0.1,,2025/08/21,,,3,433,,
15,B2,オオシラビソ,3,0,2,1.1,0.5,2025/08/21,,,9,436,,
15,B2,オオバスノキ,0,6,3,0.2,0.5,2025/08/21,,,0.5,438,,
15,B2,オガラバナ,0,0,0.5,0,0.5,2025/08/21,,,0,439,,
15,B2,クロウスゴ,1,0.5,0.1,0.3,0.1,2025/08/21,,,4,440,,
15,B2,クロツリバナ,0,1,0,0,0.1,2025/08/21,,,,446,,
15,B2,ナナカマド,0.5,0.5,0.5,0.5,0.1,2025/08/21,,,0.5,441,,
15,B2,ヒメウスノキ,0,0.5,0.1,0.4,0.3,2025/08/21,,,1,442,,
15,B2,ミネカエデ,5,10,8,6,5,2025/08/21,,,0.5,443,,
15,B2,ムラサキヤシオツツジ,0,0,0.1,0,,2025/08/21,,,0.5,444,,
15,C,イワカガミ,0,1,0.1,0.1,0.1,2025/08/21,,,5,445,,
15,C,イワナシ,0.5,0,0.1,0,0.2,2025/08/21,,,,447,,
15,C,エンレイソウ,0,0.5,0.1,0.3,0.3,2025/08/21,,,0,448,,
15,C,オオバショリマ,0,0.5,0.5,0.3,0.2,2025/08/21,,,0.5,449,,
15,C,ゴゼンタチバナ,4,2,0.2,0.4,0.6,2025/08/21,,,0.5,450,,
15,C,サンカヨウ,0,0,0.1,0,,2025/08/21,,,1,451,,
15,C,シノブカグマ,3,1,2,0.2,0.1,2025/08/21,,,2,452,,
15,C,ショウジョウバカマ,2,1,0.1,0.3,0.4,2025/08/21,,,,470,,
15,C,シラネワラビ,1,3,2,6.3,8.5,2025/08/21,,,1,453,,
15,C,タニギキョウ,0.5,0,0,0,,2025/08/21,,,1,454,,
15,C,チゴユリ,2,0,0,0,,2025/08/21,,,3,455,,
15,C,ツクバネソウ,0,0.5,0.1,0.1,0.2,2025/08/21,,,0,456,,
15,C,ツマトリソウ,0.5,0.5,0.1,0.1,0.1,2025/08/21,,,0,468,,
15,C,ツルリンドウ,0.5,1,0.1,0.1,0.4,2025/08/21,,,0.5,457,,
15,C,ヒメゴヨウイチゴ,0,0.5,0.5,0.2,1.1,2025/08/21,,,0.5,458,,
15,C,ヒメタケシマラン,0,2,0.1,0.3,,2025/08/21,,,1,459,,
15,C,ヒロハユキザサ,0,0.5,0.1,0,0.3,2025/08/21,,,0.5,460,,
15,C,マイヅルソウ,1,1,0.1,0.1,0.1,2025/08/21,,,2,461,,
15,C,ミズバショウ,3,3,1,2,2.8,2025/08/21,,,0.5,462,,
15,C,ミヤマカンスゲ,6,18,15,11,15,2025/08/21,,,1,463,,
15,C,ヤマソテツ,4,4,2.5,5,3.8,2025/08/21,,,3,464,,
15,S,チシマザサ,9,95,90,75,80,2025/08/21,,,5,465,,
,,タケシマラン,,,,,0.4,2025/08/21,,,,,,
16,B2,オオシラビソ,2,5,2,0.5,0.6,2025/08/20,,,3,466,,
16,B2,オオバスノキ,0,1,1,1.2,,2025/08/20,,,9,471,,
16,B2,オガラバナ,0,0,2,1,1.5,2025/08/20,,,4,472,,
16,B2,クロウスゴ,1,0,0.5,0,,2025/08/20,,,1,473,,
16,B2,クロツリバナ,2,0,1,1,2.7,2025/08/20,,,,480,,
16,B2,ダケカンバ,6,20,2,0,,2025/08/20,,,0,474,,
16,B2,ナナカマド,0,0,0,0.1,0.1,2025/08/20,,,0,475,,
16,B2,ハリブキ,0,0.5,0.1,0.5,2.3,2025/08/20,,,6,476,,
16,B2,ミネカエデ,4,8,5,1,3.1,2025/08/20,,,,519,,
16,B2,ミヤマハンノキ,3,0.5,1,1,,2025/08/20,,,0.5,477,,
16,C,イヌワラビ,0,1,0,0.3,,2025/08/20,,,4,478,,
16,C,エンレイソウ,0,0.5,0.5,0.7,0.7,2025/08/20,,,0.5,479,,
16,C,オオバタケシマラン,1,0,0,0.2,0.1,2025/08/20,,,1,481,,
16,C,オオバノヨツバムグラ,0,1,0.1,0.3,,2025/08/20,,,0.5,483,,
16,C,カニコウモリ,0,0,0.1,0.3,,2025/08/20,,,0,484,,
16,C,キヌガサソウ,0,0.5,0.5,0.1,,2025/08/20,,,1,482,,
16,C,コバイケイソウ,0,0.5,0.5,0.1,0.3,2025/08/20,,,,524,,
16,C,コミヤマカタバミ,0,5,5,7.3,2.6,2025/08/20,,,,516,,
16,C,ゴゼンタチバナ,0,0.5,0.1,0,,2025/08/20,,,0.5,485,,
16,C,ゴマナ,0,0.5,1,0.6,,2025/08/20,,,0.5,487,,
16,C,サカゲイノデ,0,0,0,1,3,2025/08/20,,,0.5,488,,
16,C,サンカヨウ,0,0.5,0.5,0.3,1.7,2025/08/20,,,0.5,489,,
16,C,シノブカグマ,0,0.5,1,0,0.1,2025/08/20,,,4,490,,
16,C,ショウジョウバカマ,0,0.5,0.1,0,0.1,2025/08/20,,,,522,,
16,C,シラネセンキュウ,0,0,1,0.2,0.1,2025/08/20,,,0.5,491,,
16,C,シラネワラビ,0,2,1,3,1,2025/08/20,,,0.5,492,,
16,C,タケシマラン,0,0,0.5,0.1,1.2,2025/08/20,,,0.5,493,,
16,C,タテヤマアザミ,0,0.5,0,0,,2025/08/20,,,,511,,
16,C,チゴユリ,0.5,0,0,0,,2025/08/20,,,2,494,,
16,C,ツクバネソウ,0,0,0.1,0.2,2.5,2025/08/20,,,,513,,
16,C,ツルリンドウ,0.5,0.5,0.1,0.1,,2025/08/20,,,0.5,495,,
16,C,ヒメゴヨウイチゴ,0,0,0.5,0.6,0.1,2025/08/20,,,0,507,,
16,C,ヒメタケシマラン,0,0.5,0,0.2,,2025/08/20,,,,515,,
16,C,ヒロハユキザサ,0,0.5,1,0.3,0.1,2025/08/20,,,0.5,496,,
16,C,マイヅルソウ,0.5,0.5,0.1,0.6,0.1,2025/08/20,,,,514,,
16,C,ミズバショウ,4,4,5,0.2,1,2025/08/20,,,0.5,497,,
16,C,ミツバオウレン,0,0.5,0.1,0,,2025/08/20,,,0.5,498,,
16,C,ミヤマアキノキリンソウ,1,0.5,0,0,,2025/08/20,,,0.5,499,,
16,C,ミヤマカンスゲ,5,15,15,10,8,2025/08/20,,,3,500,,
16,C,ミヤマシシウド,0,0,0.5,0.3,0.1,2025/08/20,,,0.5,501,,
16,C,ミヤマベニシダ,0,0,0.5,0,,2025/08/20,,,0.5,508,,
16,C,ミヤマメシダ,0,1,0.5,0,0.1,2025/08/20,,,5,502,,
16,C,メシダ,0.5,0,0,0,,2025/08/20,,,,510,,
16,C,モミジカラマツ,0,0.5,1,0,,2025/08/20,,,,512,,
16,C,ヤマソテツ,0,0.5,2,1,1.6,2025/08/20,,,1,503,,
16,C,ヤマトユキザサ,0,0,0,0.5,,2025/08/20,,,0,509,,
16,C,ヤマドリゼンマイ,1,1,2,1,2.6,2025/08/20,,,0.5,504,,
16,C,ヤマブキショウマ,0,0,1,0,0.3,2025/08/20,,,0.5,505,,
16,S,チシマザサ,9,95,95,80,80,2025/08/20,,,1,506,,
,,シラカンバ,,,,,0.1,2025/08/20,,,,,,
,,ヤマイヌワラビ,,,,,1.5,2025/08/20,,,,,,
,,ヤグルマソウ,,,,,0.5,2025/08/20,,,,,,
,,ハリブキ,,,,,2,2025/08/20,,,,,,
17,B2,オオシラビソ,4,6,5,1.3,3,2025/08/20,,,,517,,
17,B2,オオバスノキ,0,2,2,0,,2025/08/20,,,9,518,,
17,B2,オガラバナ,5,25,10,5,0.5,2025/08/20,,,4,525,,
17,B2,オノエヤナギ,0,3,0,1,,2025/08/20,,,2,526,,
17,B2,クロツリバナ,3,5,1,2.2,0.2,2025/08/20,,,6,527,,
17,B2,ダケカンバ,0,0,0,1.1,,2025/08/20,,,3,528,,
17,B2,ナナカマド,6,15,2,0,2,2025/08/20,,,4,529,,
17,B2,ハリブキ,1,1,1,1,0.9,2025/08/20,,,,560,,
17,B2,ミネカエデ,0,5,5,0,0.6,2025/08/20,,,5,530,,
17,B2,ミヤマハンノキ,4,5,5,1,,2025/08/20,,,1,531,,
17,C,イヌワラビ,0,0.5,0,1.2,,2025/08/20,,,4,532,,
17,C,エンレイソウ,0.5,0.5,0.1,0.6,0.1,2025/08/20,,,4,533,,
17,C,オオバノヨツバムグラ,1,1,0.1,0.2,0.1,2025/08/20,,,0.5,548,,
17,C,カニコウモリ,0.5,1,0.1,0,,2025/08/20,,,0.5,550,,
17,C,キヌガサソウ,0.5,0.5,0.5,0,,2025/08/20,,,1,545,,
17,C,コバイケイソウ,0.5,0.5,0,0.1,,2025/08/20,,,1,535,,
17,C,コミヤマカタバミ,4,5,0.1,3.1,2.2,2025/08/20,,,0.5,536,,
17,C,サンカヨウ,0.5,0.5,0.5,0.1,0.1,2025/08/20,,,0.5,551,,
17,C,シノブカグマ,0,0.5,0.5,0.1,,2025/08/20,,,0.5,537,,
17,C,ショウジョウバカマ,0,0,0,0.1,0.4,2025/08/20,,,4,538,,
17,C,シラネワラビ,4,3,3,3,6.5,2025/08/20,,,0.5,539,,
17,C,タニギキョウ,0,0,0,0.3,,2025/08/20,,,0.5,552,,
17,C,チゴユリ,3,0,0,0,0.2,2025/08/20,,,,564,,
17,C,ツクバネソウ,0.5,0.5,0.1,0.1,0.1,2025/08/20,,,3,540,,
17,C,ツルリンドウ,1,0,0,0,,2025/08/20,,,,562,,
17,C,ヒメゴヨウイチゴ,5,10,0.5,0.3,0.7,2025/08/20,,,0,546,,
17,C,ヒメタケシマラン,0,2,0.5,0.1,,2025/08/20,,,0.5,541,,
17,C,ヒメノガリヤス,2,2,4.5,0,,2025/08/20,,,0,542,,
17,C,フキ,0,0.5,0,2,,2025/08/20,,,5,543,,
17,C,マイヅルソウ,0,0,0,0.1,0.1,2025/08/20,,,2,553,,
17,C,ミヤマアキノキリンソウ,0,0.5,0,0,,2025/08/20,,,2,547,,
17,C,ミヤマカンスゲ,6,20,15,15,5.5,2025/08/20,,,0.5,554,,
17,C,ミヤマシシウド,0,0,0,0.1,,2025/08/20,,,,563,,
17,C,ミヤマベニシダ,0,0,0,0.1,,2025/08/20,,,6,544,,
17,C,ミヤマワラビ,0,0.5,0,0.1,1,2025/08/20,,,,559,,
17,C,ヤマソテツ,0,1,2,1,0.6,2025/08/20,,,,561,,
17,C,ヤマブキショウマ,0,0,0,1.6,,2025/08/20,,,0.5,555,,
17,S,チシマザサ,9,95,90,90,80,2025/08/20,,,1,556,,
,,オオバショリマ,,,,,0.5,2025/08/20,,,,,,
,,ヤマドリゼンマイ,,,,,0.1,2025/08/20,,,,,,
,,ミヤマセンキュウ,,,,,0.1,2025/08/20,,,,,,
,,ミズバショウ,,,,,0.1,2025/08/20,,,,,,
,,タケシマラン,,,,,0.6,2025/08/20,,,,,,
,,ヒメウスノキ,,,,,0.4,2025/08/20,,,,,,
,,クロウスゴ,,,,,0.3,2025/08/20,,,,,,
18,B2,アクシバ,0,0,0.5,0,,2025/08/20,,,,558,,
18,B2,ウラジロヨウラク,0,0,0.5,0,,2025/08/20,,,9,557,,
18,B2,オオカメノキ,0,1,0.5,0.5,,2025/08/20,,,,577,,
18,B2,オオシラビソ,3,5,25,6,5,2025/08/20,,,,578,,
18,B2,オオバスノキ,0,3,1,0,,2025/08/20,,,1,565,,
18,B2,オガラバナ,4,8,6,3,1,2025/08/20,,,4,566,,
18,B2,オノエヤナギ,0,6,0,0,,2025/08/20,,,3,567,,
18,B2,クロウスゴ,1,0.5,0.5,0.5,0.1,2025/08/20,,,4,568,,
18,B2,クロツリバナ,2,0,4,3,0.3,2025/08/20,,,4,569,,
18,B2,ダケカンバ,0,0,1,0,,2025/08/20,,,0.5,570,,
18,B2,ナナカマド,1,0,1,3,1,2025/08/20,,,0,571,,
18,B2,ハリブキ,0,0.5,0.5,0.5,0.1,2025/08/20,,,,579,,
18,B2,ヒメウスノキ,0,0.5,1,0.5,1.1,2025/08/20,,,0,572,,
18,B2,ベニバナイチゴ,0,3,0,0,0.1,2025/08/20,,,0.5,573,,
18,B2,ミネカエデ,4,4,5,5,0.1,2025/08/20,,,0.5,574,,
18,B2,ムラサキヤシオツツジ,0,0,0,0.3,,2025/08/20,,,3,575,,
18,C,イヌワラビ,0,0,0,0.1,,2025/08/20,,,3,576,,
18,C,イワカガミ,0,0,0.1,0.5,0.5,2025/08/20,,,,615,,
18,C,イワナシ,0,0,0.5,0.5,,2025/08/20,,,,616,,
18,C,エンレイソウ,0,0.5,0.5,0.1,0.4,2025/08/20,,,,608,,
18,C,オオバショリマ,0,2,0,0.7,0.52,2025/08/20,,,0.5,581,,
18,C,オオバノヨツバムグラ,1,2,0.1,0.2,0.2,2025/08/20,,,2,582,,
18,C,コミヤマカタバミ,2,4,3,1,6.6,2025/08/20,,,2,580,,
18,C,ゴゼンタチバナ,0.5,0.5,0.5,1,0.1,2025/08/20,,,,605,,
18,C,サンカヨウ,0.5,0.5,0,0,,2025/08/20,,,0.5,583,,
18,C,シノブカグマ,0,0,0,0.1,,2025/08/20,,,3,584,,
18,C,ショウジョウバカマ,0.5,0.5,0.1,0.3,0.4,2025/08/20,,,0.5,585,,
18,C,シラネセンキュウ,0,0,0.1,0,,2025/08/20,,,,613,,
18,C,シラネワラビ,4,8,8,5.3,8.6,2025/08/20,,,0.5,586,,
18,C,タニギキョウ,0,1,0,0.7,,2025/08/20,,,,610,,
18,C,チゴユリ,0.5,0,0,0,,2025/08/20,,,4,587,,
18,C,ツクバネソウ,1,0.5,0,0.2,0.1,2025/08/20,,,1,588,,
18,C,ハクモウイノデ,2,0,0,0,,2025/08/20,,,0,601,,
18,C,ヒメゴヨウイチゴ,4,6,1,0,0.8,2025/08/20,,,0.5,589,,
18,C,ヒメタケシマラン,0,0.5,0.1,0.2,,2025/08/20,,,0,602,,
18,C,ヒロハユキザサ,0,0,1,1,0.2,2025/08/20,,,4,590,,
18,C,マイヅルソウ,0,0,0.1,0.1,0.2,2025/08/20,,,0.5,591,,
18,C,ミズバショウ,1,1,1,3,2.5,2025/08/20,,,,609,,
18,C,ミヤマカンスゲ,5,12,10,15,5.5,2025/08/20,,,,606,,
18,C,ミヤマシシウド,0,0,0,0.1,,2025/08/20,,,1,592,,
18,C,ミヤマベニシダ,0,0,0,0.3,,2025/08/20,,,5,593,,
18,C,ミヤマメシダ,0,2,3,0,,2025/08/20,,,,614,,
18,C,ミヤマワラビ,0,0,1,0,0.1,2025/08/20,,,,612,,
18,C,メシダ,2,0,0,0,,2025/08/20,,,2,594,,
18,C,ヤグルマソウ,0,0.5,0,0.5,0.1,2025/08/20,,写真,,607,,
18,C,ヤマソテツ,4,4,4,2,0.1,2025/08/20,,,0,603,,
18,C,ヤマドリゼンマイ,0.5,0,2,2,3,2025/08/20,,,0.5,595,,
18,C,ヤマブキショウマ,0,0.5,0,0.5,,2025/08/20,,,3,596,,
18,S,チシマザサ,9,0,80,80,60,2025/08/20,,,0,604,,
,,タケシマラン,,,,,1.3,2025/08/20,,,,,,
,,ヤマイヌワラビ,,,,,0.6,2025/08/20,00:14:26,,,,,
,,サカゲイノデ,,,,,1,2025/08/20,,,,,,
,,ヤマイヌワラビ,,,,,0.3,2025/08/20,00:14:24,,,,,
,,オオバタケシマラン,,,,,0.2,2025/08/20,,,,,,
19,B2,オオシラビソ,0,0.5,0,0,,2025/08/20,,,0,597,,
19,B2,オガラバナ,3,4,1,2,0.3,2025/08/20,,,0.5,598,,
19,B2,クマイチゴ,0,0,0,0.5,,2025/08/20,,,0,611,,
19,B2,クロウスゴ,0.5,0.5,0.5,0.5,,2025/08/20,,,0.5,619,,
19,B2,クマイチゴ,0,0,0,0.5,0,2025/08/20,,,,,,
19,B2,クロウスゴ,0.5,0.5,0.5,0.5,,2025/08/20,,,,,,
19,B2,クロツリバナ,0,4,0,0,1.5,2025/08/20,,,3,620,,
19,B2,ナナカマド,0,0,0,0.5,1.1,2025/08/20,,,,651,,
19,B2,ハリブキ,0.5,0.5,0.1,0.5,0.6,2025/08/20,,,0.5,621,,
19,B2,ミネカエデ,5,8,5,6,1,2025/08/20,,,3,622,,
19,B2,ミヤマハンノキ,0,1,0,0,,2025/08/20,,,,649,,
19,C,イヌワラビ,0,2,0.5,0,,2025/08/20,,,0.5,623,,
19,C,エンレイソウ,0.5,0.5,0.5,0.5,0.5,2025/08/20,,,4,624,,
19,C,コミヤマカタバミ,3,8,3,2,4.1,2025/08/20,,,1,625,,
19,C,ゴゼンタチバナ,0,0.5,0,0,,2025/08/20,,,2,626,,
19,C,サンカヨウ,0.5,0.5,0.5,0.5,0.3,2025/08/20,,,0.5,627,,
19,C,シラネワラビ,3,4,3,6,4.2,2025/08/20,,,0.5,628,,
19,C,タテヤマアザミ,0,0.5,0,0,,2025/08/20,,,4,629,,
19,C,チゴユリ,1,0,0,0,,2025/08/20,,,0.5,630,,
19,C,ツクバネソウ,0.5,0,0,0.1,0.2,2025/08/20,,,3,631,,
19,C,ツマトリソウ,0,0,0,0.1,,2025/08/20,,,0.5,632,,
19,C,ヒメゴヨウイチゴ,4,3,2,2,0.1,2025/08/20,,,0,643,,
19,C,ヒメタケシマラン,0,0.5,0.5,0.5,,2025/08/20,,,0,633,,
19,C,マイヅルソウ,0,0,0.1,0.1,0.1,2025/08/20,,,,650,,
19,C,ミズバショウ,3,2,0,3,1,2025/08/20,,,3,634,,
19,C,ミツバオウレン,0.5,0.5,0,0,,2025/08/20,,,0.5,635,,
19,C,ミヤマアキノキリンソウ,0.5,0,0,0,,2025/08/20,,,,645,,
19,C,ミヤマイタチシダ,0,0,0.5,1,,2025/08/20,,,2,636,,
19,C,ミヤマカンスゲ,6,20,5,10,9,2025/08/20,,,0.5,637,,
19,C,ミヤマメシダ,0,0.5,0,0.5,,2025/08/20,,,0,644,,
19,C,ミヤマワラビ,0,1,0.5,1,,2025/08/20,,,,646,,
19,C,ヤマソテツ,4,3,0.5,2,0.5,2025/08/20,,,6,638,,
19,C,ヤマドリゼンマイ,0.5,0.5,0.5,0.5,0.1,2025/08/20,,,0.5,639,,
19,C,ヤマブキショウマ,0,0,0.5,0,0.1,2025/08/20,,,1,640,,
19,S,チシマザサ,9,100,90,90,90,2025/08/20,,,3,641,,
,,オオバタケシマラン,,,,,0.6,2025/08/20,,,,,,
,,ヤマイヌワラビ,,,,,0.6,2025/08/20,,,,,,
,,ヒロハユキザサ,,,,,0.1,2025/08/20,,,,,,
,,タケシマラン,,,,,0.6,2025/08/20,,,,,,
,,オオバスノキ,,,,,0.1,2025/08/20,,,,,,
,,オオカメノキ,,,,,0.5,2025/08/20,,,,,,
,,オオバショリマ,,,,,0.2,2025/08/20,,,,,,
20,B2,オオカメノキ,0,3,1,1,,2025/08/20,,,0.5,642,,
20,B2,オオシラビソ,4,5,3,3,1.4,2025/08/20,,,,647,,
20,B2,オオバスノキ,0,4,1,1,0.5,2025/08/20,,,10,648,,
20,B2,オガラバナ,5,12,8,5,3.2,2025/08/20,,,3,652,中島さん,
20,B2,クロウスゴ,4,5,0.5,0.5,0.1,2025/08/20,,,4,653,,
20,B2,クロツリバナ,0,0,0,0.5,2.5,2025/08/20,,,3,654,,
20,B2,ダケカンバ,4,6,3,2,0.1,2025/08/20,,,5,655,,
20,B2,ナナカマド,3,4,0.5,0.5,,2025/08/20,,,4,656,,
20,B2,ハリブキ,0.5,0.5,0.5,0.1,,2025/08/20,,,,696,,
20,B2,ヒメウスノキ,0,0,0,0.2,0.2,2025/08/20,,,4,657,,
20,B2,ミネカエデ,0,3,3,3,0.3,2025/08/20,,,3,658,,
20,B2,ミヤマハンノキ,0,15,5,2,0.5,2025/08/20,,,0.5,659,,
20,C,イヌワラビ,0,0.5,0.1,0,0.3,2025/08/20,,,,694,,
20,C,イワカガミ,1,0,1,0.2,,2025/08/20,,,3,660,,
20,C,エンレイソウ,0,0.5,0.1,0.1,0.3,2025/08/20,,,5,661,,
20,C,オオバショリマ,0,0.5,0,0.1,0.1,2025/08/20,,,0.5,662,,
20,C,オオバノヨツバムグラ,0,0,0.1,0,,2025/08/20,,,,684,,
20,C,カニコウモリ,0,0.5,0,0,,2025/08/20,,,0.5,663,,
20,C,コミヤマカタバミ,3,3,2,1,0.5,2025/08/20,,,0.5,664,,
20,C,コメススキ,0,0,0,0.1,,2025/08/20,,,,686,,
20,C,ゴゼンタチバナ,0.5,0.5,1,0.5,0.1,2025/08/20,,,0.5,665,,
20,C,シノブカグマ,0,0,0.5,1.3,0.8,2025/08/20,,,0,666,,
20,C,シラネワラビ,0.5,3,2,3,2.1,2025/08/20,,,0.5,668,,
20,C,タケシマラン,0,0,0,0.1,0.2,2025/08/20,,,0,679,,
20,C,タテヤマアザミ,0,0.5,0,0,,2025/08/20,,,3,669,,
20,C,チゴユリ,2,0,0.1,0.1,,2025/08/20,,,,697,,
20,C,ツクバネソウ,1,1,0.1,0.2,0.3,2025/08/20,,,,685,,
20,C,ツマトリソウ,0,0,0,0.2,0.2,2025/08/20,,,,692,,
20,C,ヒメゴヨウイチゴ,5,10,1,0.3,0.7,2025/08/20,,,3,670,,
20,C,ヒロハユキザサ,0,0.5,0.5,0.2,0.6,2025/08/20,,,,689,,
20,C,マイヅルソウ,4,3,0,0.1,0.2,2025/08/20,,,0.5,671,,
20,C,ミズバショウ,0,0,0,1,,2025/08/20,,,0,680,,
20,C,ミヤマアキノキリンソウ,0.5,1,0.1,0,0.1,2025/08/20,,,1,672,,
20,C,ミヤマカンスゲ,6,18,3,4,2.8,2025/08/20,,,,693,,
20,C,ミヤマセンキュウ,0,0,0,0.1,,2025/08/20,,,5,673,,
20,C,ミヤマワラビ,1,0.5,0,0,0.2,2025/08/20,,,0.5,674,,
20,C,モミジカラマツ,0,0,0,0.85,0.5,2025/08/20,,,3,675,,
20,C,ヤマソテツ,4,0,2,1,0.7,2025/08/20,,,,695,,
20,C,ヤマドリゼンマイ,0,0,0.5,0.2,0.1,2025/08/20,,,1,681,,
20,C,ヤマブキショウマ,0,0.5,0,0.1,0.1,2025/08/20,,,5,676,,
20,C,ユキザサ,0.5,0,0.1,0.1,,2025/08/20,,,,690,,
20,S,チシマザサ,9,100,90,85,90,2025/08/20,,,0.5,677,,
,,ヒメゴヨウイチゴ,,,,,0.3,2025/08/20,,,,,,
,,サンカヨウ,,,,,0.1,2025/08/20,,,,,,
,,オオバノヨツバムグラ,,,,,0.1,2025/08/20,,,,,,
,,ヤマトユキザサ,,,,,0.1,2025/08/20,,,,,,
,,ショウジョウバカマ,,,,,0.3,2025/08/20,,,,,,
,,ミヤマシシウド,,,,,0.1,2025/08/20,,,,,,
,,タニギキョウ,,,,,0.1,2025/08/20,,,,,,
,,ヤマイヌワラビ,,,,,0.1,2025/08/20,,,,,,
21,B2,オオカメノキ,0,0.5,5.5,0.5,,2025/08/20,,,,691,,
21,B2,オオシラビソ,0.5,1,2,2,1.3,2025/08/20,,,0,682,,
21,B2,オガラバナ,0,0,1,0,0.5,2025/08/20,,,,687,,
21,B2,オノエヤナギ,5,10,5,8,1,2025/08/20,,,0.5,678,,
21,B2,クマイチゴ,0,0.5,0,0,0.1,2025/08/20,,,0,683,,
21,B2,ダケカンバ,4,5,3,5,0.7,2025/08/20,,,10,688,,
21,B2,ナナカマド,6,10,10,5,5.5,2025/08/20,,,0.5,698,,
21,B2,バッコヤナギ,0,10,10,10,1.5,2025/08/20,,,1,699,,
21,B2,ベニバナイチゴ,0,0,0,0.5,,2025/08/20,,,,707,,
21,B2,ミネカエデ,0.5,2,1,1,0.2,2025/08/20,,,5,700,,
21,B2,ミヤマハンノキ,5,2,3,1,2,2025/08/20,,,0.5,701,,
21,C,アカショウマ,0,0,0,1,,2025/08/20,,,4,702,,
21,C,イグサ,0,0,0,0.1,,2025/08/20,,,5,703,,
21,C,イタドリ,0,0,0,2,1.2,2025/08/20,,,5,704,,
21,C,イヌガンソク,0,0,0,0,,2025/08/20,,,,748,10,
21,C,イブキコゴメグサ,0.5,0,0,0,,2025/08/20,,,2,705,,
21,C,エンレイソウ,0.5,0.5,0.5,0.5,0.1,2025/08/20,,,2,706,,
21,C,オオイタドリ,5,0,2,8,10,2025/08/20,,,,744,5,
21,C,オシダ,0,0,0.5,1,,2025/08/20,,,,741,2,
21,C,クロトウヒレン,0,0,0,1,0.5,2025/08/20,,,,740,1,
21,C,ゴマナ,0,15,5,5,0.5,2025/08/20,,,,743,4,
21,C,サカゲイノデ,0,0,0.5,0,,2025/08/20,,,0.5,708,,
21,C,サンカヨウ,0.5,0,0.5,0,,2025/08/20,,,0,709,,
21,C,ショウジョウバカマ,1,0,0,0,,2025/08/20,,,,735,,
21,C,シラネニンジン,0,0,0,0.1,,2025/08/20,,,,747,9,
21,C,シラネワラビ,4,1,1,2,1.5,2025/08/20,,,0,729,,
21,C,タテヤマアザミ,4,10,8,0,0.6,2025/08/20,,,5,711,,
21,C,チゴユリ,2,0,0,0,,2025/08/20,,,,738,,
21,C,ツクバネソウ,0.5,0,0,0,,2025/08/20,,,0,712,,
21,C,ツマトリソウ,0.5,0,0,0,,2025/08/20,,,0,713,,
21,C,ノコンギク,4,0,0,0,0.1,2025/08/20,,,,750,14,
21,C,ヒゲノガリヤス,0,0,0.1,0,4,2025/08/20,,,1,714,,
21,C,ヒメゴヨウイチゴ,2,2,2,2,2,2025/08/20,,,5,715,,
21,C,ヒメタケシマラン,0,2,0.5,0,,2025/08/20,,,0,730,,
21,C,フキ,0.5,5,4,8,2.4,2025/08/20,,,0,716,,
21,C,マイヅルソウ,4,0.5,0.5,0,1,2025/08/20,,,0,717,,
21,C,マルバダケブキ,0,0,0,1,,2025/08/20,,,0,731,,
21,C,ミズバショウ,0,0,1,1,1,2025/08/20,,,,734,,
21,C,ミヤマアキノキリンソウ,0,1,0.1,0.1,0.5,2025/08/20,,,2,718,,
21,C,ミヤマカタバミ,0,0,0,0.5,3,2025/08/20,,,2,719,,
21,C,ミヤマカンスゲ,5,15,5,0,11,2025/08/20,,,4,720,,
21,C,ミヤマシシウド,1,8,6,8,4,2025/08/20,,,0.5,721,,
21,C,ミヤマメシダ,0,0,5,2,,2025/08/20,,,,745,6,
21,C,ミヤマワラビ,0.5,0.5,1,0,1,2025/08/20,,,,737,,
21,C,ヤグルマソウ,0,0.5,1,2,1,2025/08/20,,,1,733,,
21,C,ヤマドリゼンマイ,0,0,0.5,1,1,2025/08/20,,,,746,7,
21,C,ヤマハハコ,0,0.5,0,0,0.1,2025/08/20,,,5,722,,
21,C,ヤマブキショウマ,0,0.5,1,0,0.6,2025/08/20,,,4,723,,
21,C,ユキザサ,0.5,0,0,0,,2025/08/20,,,,736,,
21,C,ヨモギ,5,5,0.1,3,3.5,2025/08/20,,,0.5,724,,
21,S,チシマザサ,9,80,70,50,40,2025/08/20,,,0.5,725,,
,,7マイヌワラビ,,,,,1,2025/08/20,,,,,,
,,オオハナウド,,,,,2,2025/08/20,,,,,,
,,タニウツギ,,,,,1,2025/08/20,,,,,,
,,キオン,,,,,0.1,2025/08/20,,,,,,
,,ノコンギク,,,,,0.1,2025/08/20,00:13:23,,,,,
,,オオバショリマ,,,,,0.1,2025/08/20,,,,,,
,,オオバノヨツバムグラ,,,,,0.2,2025/08/20,,,,,,
,,ミヤマセンキュウ,,,,,0.1,2025/08/20,,,,,,
,,ヤマイヌワラビ,,,,,0.1,2025/08/20,00:13:38,,,,,
22,B2,オオシラビソ,0,0,1,0,,2025/08/20,,,,739,,
22,B2,オガラバナ,4,3,1,1,,2025/08/20,,,0.5,726,,
22,B2,オノエヤナギ,3,0,1,0,,2025/08/20,,,0.5,727,,
22,B2,クマイチゴ,0,0.5,0,0,,2025/08/20,,,0,732,,
22,B2,ダケカンバ,4,0,0.5,1,1.3,2025/08/20,,,4,728,,
22,B2,ナナカマド,4,4,3,2,,2025/08/20,,,9,751,,
22,B2,バッコヤナギ,2,0,0,0,,2025/08/20,,,,762,,
22,B2,ベニバナイチゴ,0,0,2,3,1,2025/08/20,,,3,752,,
22,B2,ミネカエデ,0,0,1,0,2.5,2025/08/20,,,0,753,,
22,B2,ミヤマハンノキ,5,4,6,1,2,2025/08/20,,,0.5,754,,
22,C,アカショウマ,0,0,0,2,,2025/08/20,,,0,755,,
22,C,イタドリ,3,0,0,1,0.5,2025/08/20,,,3,756,,
22,C,イワオウギ,3,0,0,0,,2025/08/20,,,0,757,,
22,C,エンレイソウ,0.5,0.5,0.5,0.5,0.1,2025/08/20,,,,760,,
22,C,オオイタドリ,5,15,15,20,22,2025/08/20,,,,761,,
22,C,オオバコ,0,0,0.1,0,,2025/08/20,,,3,759,,
22,C,オオバショリマ,0,1,0,0,1.1,2025/08/20,,,,798,,
22,C,オオバノヨツバムグラ,0.5,0.5,0.1,0,,2025/08/20,,,0,763,,
22,C,オシダ,0,0,0.5,0,,2025/08/20,,,0.5,765,,
22,C,オニシモツケ,0,5,3,4,3,2025/08/20,,,5,766,,
22,C,コウゾリナ,0.5,0,0,0,,2025/08/20,,,,793,,
22,C,コミヤマカタバミ,1,2,2,3,6,2025/08/20,,,1,767,,
22,C,ゴマナ,0,0,0,5,0.5,2025/08/20,,,0.5,764,,
22,C,サカゲイノデ,0,0,0,0.5,1,2025/08/20,,,,792,,
22,C,シモツケソウ,3,0,0,0,,2025/08/20,,,4,768,,
22,C,シラネワラビ,0,0,0,1,2,2025/08/20,,,0,769,,
22,C,タテヤマアザミ,0,4,6,0,0.1,2025/08/20,,,2,770,,
22,C,チゴユリ,1,0,0,0,,2025/08/20,,,,796,,
22,C,ノコンギク,4,0,0,0,,2025/08/20,,,2,771,,
22,C,ヒゲノガリヤス,1,0,0,0,1.5,2025/08/20,,,,799,,
22,C,ヒメゴヨウイチゴ,2,0,0,3,4.5,2025/08/20,,,0,772,,
22,C,フキ,4,5,3,3,3.7,2025/08/20,,,,797,,
22,C,マイヅルソウ,0,0.5,0,0,,2025/08/20,,,3,773,,
22,C,ミヤマアキノキリンソウ,2,2,0.5,0,0.2,2025/08/20,,,0,785,,
22,C,ミヤマカンスゲ,5,15,3,3,5,2025/08/20,,,0,786,,
22,C,ミヤマシシウド,0,0,1,3,4,2025/08/20,,,0,787,,
22,C,ミヤマベニシダ,0,0,0.1,0.5,,2025/08/20,,,0,774,,
22,C,ミヤマメシダ,0,2,2,3,,2025/08/20,,,0,775,,
22,C,ミヤマワラビ,1,1,1,0,,2025/08/20,,,4,776,,
22,C,メシダ,1,0,0,0,,2025/08/20,,,0.5,777,,
22,C,ヤマハハコ,0.5,0.5,0,0,,2025/08/20,,,0,788,,
22,C,ヤマブキショウマ,0.5,0.5,1,0,1.3,2025/08/20,,,5,778,,
22,C,ユキザサ,0.5,0,0,0,,2025/08/20,,,,791,,
22,C,ヨモギ,3,5,0,1,25,2025/08/20,,,,794,,
22,S,チシマザサ,9,80,80,70,40,2025/08/20,,,2,779,,
,,ヤマイヌワラビ,,,,,1.8,2025/08/20,,,,,,
,,サンカヨウ,,,,,0.5,2025/08/20,,,,,,
,,ヒメワラビ,,,,,0.3,2025/08/20,,,,,,
,,タケシマラン,,,,,0.1,2025/08/20,,,,,,
,,ヤマソテツ,,,,,0.1,2025/08/20,,,,,,
,,モミジカラマツ,,,,,2,2025/08/20,,,,,,
,,ツクバネソウ,,,,,0.5,2025/08/20,,,,,,
,,サンカヨウ,,,,,0.5,2025/08/20,,,,,,
,,オシダ,,,,,0.1,2025/08/20,00:13:04,,,,,
,,ハリブキ,,,,,0.1,2025/08/20,,,,,,
23,B2,オオカメノキ,2,0.5,0,0,,2025/08/20,,,1,780,,
23,B2,オオシラビソ,0,0,0.1,0,,2025/08/20,,,0,789,,
23,B2,オガラバナ,3,0,3,1,4,2025/08/20,,,0.5,781,,
23,B2,オノエヤナギ,3,0.5,0,0,,2025/08/20,,,0.5,782,,
23,B2,ダケカンバ,5,10,5,3,,2025/08/20,,,0,790,,
23,B2,バッコヤナギ,0.5,0,0,0,,2025/08/20,,,4,783,オオヨモギ,
23,B2,ベニバナイチゴ,4,10,0,8,4,2025/08/20,,,9,795,,
23,B2,ミネカエデ,0,0,0.5,1,0.5,2025/08/20,,,0.5,800,,
23,B2,ミヤマハンノキ,4,2,1,1,,2025/08/20,,,,839,,
23,C,アカショウマ,0,0,0,1,,2025/08/20,,,0,801,,
23,C,イワオウギ,2,0,0,0,,2025/08/20,,,0.5,802,,
23,C,ウラジロタデ,0,0,0.1,0,,2025/08/20,,,5,803,,
23,C,エンレイソウ,0.5,0.5,0.4,0.5,0.1,2025/08/20,,,0,804,,
23,C,オオイタドリ,6,35,25,25,23,2025/08/20,,,5,805,,
23,C,オオバノヨツバムグラ,0,0.5,0,0,,2025/08/20,,,,807,,
23,C,オニシモツケ,0,10,0,2,3,2025/08/20,,,2,806,,
23,C,キオン,0.5,0,0,0,,2025/08/20,,,,842,,
23,C,コミヤマカタバミ,3,4,3,3,1,2025/08/20,,,,834,,
23,C,ゴマナ,0,4,0,5,4,2025/08/20,,,0.5,809,,
23,C,サカゲイノデ,0,0,0.5,0.1,,2025/08/20,,,7,810,,
23,C,サンカヨウ,0.5,0.5,0,0.5,0.6,2025/08/20,,,0.5,808,,
23,C,シモツケソウ,0.5,2,0.5,0,,2025/08/20,,,5,811,,
23,C,シラネニンジン,0,0,0,0.5,,2025/08/20,,,0,828,,
23,C,スギナ,0,0,0.1,0.1,,2025/08/20,,,3,812,,
23,C,タテヤマアザミ,5,20,5,3,0.5,2025/08/20,,,3,813,,
23,C,チゴユリ,2,0,0,0.5,,2025/08/20,,,,835,,
23,C,ノコンギク,4,0,0,0,,2025/08/20,,,0.5,814,,
23,C,ヒゲノガリヤス,1,2,0,1,25,2025/08/20,,,2,815,,
23,C,ヒメゴヨウイチゴ,5,8,2,1,1,2025/08/20,,,,844,,
23,C,ヒメタケシマラン,0,0.5,0.5,0,,2025/08/20,,,,836,,
23,C,フキ,4,10,5,7,1,2025/08/20,,,6,816,,
23,C,マルバダケブキ,0,0,0,0.5,,2025/08/20,,,0,829,,
23,C,ミヤマイタチシダ,0,0,0.5,0.1,,2025/08/20,,,0,830,,
23,C,ミヤマカンスゲ,5,10,15,20,5,2025/08/20,,,0,831,,
23,C,ミヤマシシウド,0,0.5,0.5,6,7,2025/08/20,,,2,817,,
23,C,ミヤマメシダ,0,2,1,2,,2025/08/20,,,4,818,,
23,C,ミヤマワラビ,0,1,0.5,0.5,3.1,2025/08/20,,,0.5,819,,
23,C,メシダ,2,0,0,0,,2025/08/20,,,5,820,,
23,C,ヤグルマソウ,0,0,0.1,0,2,2025/08/20,,,,843,,
23,C,ヤマソテツ,0,0,0.5,0.5,,2025/08/20,,photo,,840,,
23,C,ヤマハハコ,0.5,0,0,0.5,1,2025/08/20,,,5,821,,
23,C,ヤマブキショウマ,0.5,0.5,0.5,0,0.1,2025/08/20,,photo,0.5,822,,
23,C,ユキザサ,0.5,0,0,2,,2025/08/20,,photo,2,823,,
23,C,ヨモギ,3,5,0,2,5.5,2025/08/20,,photo,1,824,,
23,S,チシマザサ,9,30,60,70,40,2025/08/20,,,0,832,,
,,オオハナウド,,,,,1,2025/08/20,00:11:59,,,,,
,,タケシマラン,,,,,0.1,2025/08/20,,,,,,
,,シラネワラビ,,,,,0.2,2025/08/20,00:12:02,,,,,
,,ヒロハユキザサ,,,,,2.1,2025/08/20,,,,,,
,,ベニバナイチゴ,,,,,0.1,2025/08/20,,,,,,
,,ミヤマヤナギ,,,,,2,2025/08/20,,,,,,
,,モミジカラマツ,,,,,0.1,2025/08/20,,,,,,
,,ミヤマアキノキリンソウ,,,,,0.2,2025/08/20,,,,,,
,,ミヤマセンキュウ,,,,,0.1,2025/08/20,,,,,,
,,ヒメワラビ,,,,,0.1,2025/08/20,,,,,,
,,ヤマイヌワラビ,,,,,0.1,2025/08/20,00:12:18,,,,,
,,タケシマラン,,,,,0.1,2025/08/20,,,,,,
,,オオバショリマ,,,,,0.1,2025/08/20,,,,,,
24,B2,オオシラビソ,5,8,0,0.5,,2025/08/20,,0.1na,,838,,
24,B2,オガラバナ,3,0,0,0,,2025/08/20,,,,837,,
24,B2,オノエヤナギ,5,10,8,6,3,2025/08/20,,,0,825,,
24,B2,クロツリバナ,2,2,3,2,4,2025/08/20,,photo,0.5,826,,
24,B2,ダケカンバ,5,5,0,1,0.5,2025/08/20,,,0,833,,
24,B2,バッコヤナギ,0,0,0,1,,2025/08/20,,,4,827,,
24,B2,ミヤマハンノキ,5,8,0.5,0,,2025/08/20,,,6,841,,
24,C,アイイタドリ,0,0,0,0.1,,2025/08/20,,,4,845,,
24,C,アカショウマ,0,0,0.1,1,,2025/08/20,,,0,846,,
24,C,アキカラマツ,0,1,1,0,,2025/08/20,,,5,847,,
24,C,イタドリ,5,5,3,8,5,2025/08/20,,,2,848,,
24,C,イワオウギ,3,0,0,0,,2025/08/20,,,4,849,,
24,C,エンレイソウ,0.5,0.5,0.1,0.5,0.3,2025/08/20,,,,893,,
24,C,オオイタドリ,4,20,5,20,16,2025/08/20,,,4,850,,
24,C,オオハナウド,0,0,3,1,2,2025/08/20,,,,895,,
24,C,オオバショリマ,0,0,0.5,0.5,,2025/08/20,,,,885,,
24,C,カニコウモリ,0,0,1,0.5,0.2,2025/08/20,,,1,851,,
24,C,コウゾリナ,4,0,0,0,,2025/08/20,,,4,852,,
24,C,コミヤマカタバミ,0.5,3,5,5,8.5,2025/08/20,,,0.5,853,,
24,C,コメススキ,0,0,0,0.1,,2025/08/20,,,6,854,,
24,C,ゴマナ,1,5,0,6,2,2025/08/20,,,,887,,
24,C,サンカヨウ,0,0,0.5,0,,2025/08/20,,,,880,,
24,C,シノブカグマ,0,0,0,0.5,,2025/08/20,,photo,,888,,
24,C,シラネワラビ,1,0,0.5,0,,2025/08/20,,,0,855,,
24,C,スギナ,0,0,0.1,0.1,,2025/08/20,,,1,856,,
24,C,セイヨウタンポポ,2,0,0,0,,2025/08/20,,,4,857,,
24,C,タテヤマアザミ,3,10,5,4,1.1,2025/08/20,,,3,858,,
24,C,チゴユリ,0.5,0,0,0,,2025/08/20,,,,896,,
24,C,ツクバネソウ,0.5,0,0,0,,2025/08/20,,,,890,,
24,C,テガタチドリ,0,0,0.1,0,,2025/08/20,,,,894,,
24,C,ノコンギク,4,0,0,0,,2025/08/20,,,0,859,,
24,C,ヒゲノガリヤス,3,3,0.5,0,1.5,2025/08/20,,,,891,,
24,C,ヒメゴヨウイチゴ,5,5,3,3,1.8,2025/08/20,,,0,874,,
24,C,ヒメタケシマラン,0,1,1,0.5,,2025/08/20,,,5,860,,
24,C,ヒロハユキザサ,0,0,0.5,0.5,0.3,2025/08/20,,,0,875,,
24,C,フキ,4,10,2,2,0.5,2025/08/20,,,0,876,,
24,C,マイヅルソウ,1,0,0,0.1,,2025/08/20,,,0,861,,
24,C,ミズバショウ,0,0,0.1,0.5,0.3,2025/08/20,,,,881,,
24,C,ミヤマアキノキリンソウ,0.5,1,0.1,0,0.2,2025/08/20,,,0,877,,
24,C,ミヤマイタチシダ,0,0,0,0.5,,2025/08/20,,,3,862,,
24,C,ミヤマカンスゲ,5,12,8,10,7,2025/08/20,,,4,863,,
24,C,ミヤマシシウド,1,0.5,0,8,6,2025/08/20,,,1,864,,
24,C,ミヤマセンキュウ,0,0,0.1,0,,2025/08/20,,photo,,886,,
24,C,ミヤマワラビ,1,0,0.1,0.1,0.1,2025/08/20,,,5,865,,
24,C,メシダ,0.5,0,0,0,0.1,2025/08/20,,,0,866,,
24,C,ヤグルマソウ,0,2,2,0.5,3,2025/08/20,,photo,,889,,
24,C,ヤマイヌワラビ,0,0,1,0.5,,2025/08/20,,,0,878,,
24,C,ヤマソテツ,0,0,0,0.5,,2025/08/20,,,,898,,
24,C,ヤマブキショウマ,0.5,1,0.5,0,1.1,2025/08/20,,,5,867,,
24,C,ユキザサ,0,0,0.1,0,,2025/08/20,,,0.5,868,,
24,C,ヨツバヒヨドリ,0.5,0.5,0,0,0.7,2025/08/20,,photo,,882,,
24,C,ヨモギ,5,4,0,3,2,2025/08/20,,,0,869,,
24,S,チシマザサ,9,90,85,90,50,2025/08/20,,,0,879,,
,,ミヤマヤナギ,,,,,1,2025/08/20,,,,,,
,,オニシモツケ,,,,,0.5,2025/08/20,00:11:29,,,,,
,,ミヤマメシダ,,,,,0.5,2025/08/20,00:11:31,,,,,
,,シラネセンキュウ,,,,,0.5,2025/08/20,00:11:33,,,,,
,,ミヤマカタバミ,,,,,0.2,2025/08/20,,,,,,
,,ミネカエデ,,,,,0.1,2025/08/20,,,,,,
,,ミヤマワラビ,,,,,0.1,2025/08/20,,,,,,
,,サカゲイノデ,,,,,0.5,2025/08/20,,,,,,
25,B2,オオシラビソ,7,30,18,20,8.2,2025/08/20,,,2,870,,
25,B2,オガラバナ,4,0,0,0,0.5,2025/08/20,,photo,,883,,
25,B2,オノエヤナギ,5,10,7,5,3,2025/08/20,,,,897,,
25,B2,ダケカンバ,8,30,3,4,1,2025/08/20,,,1,871,,
25,B2,ナナカマド,0.5,5,6,7,7.5,2025/08/20,,,,884,,
25,B2,バッコヤナギ,0,0.5,0.5,0.5,2,2025/08/20,,,0.5,872,,
25,B2,ミネカエデ,0,8,5,3,0.5,2025/08/20,,,3,873,,
25,B2,ミヤマハンノキ,0,0,0,0,2,2025/08/20,,,9,892,,
25,C,アカショウマ,0,0,0.1,1,,2025/08/20,,,6,899,,
25,C,アキカラマツ,1,5,1,1,0.5,2025/08/20,,,0,900,,
25,C,イタドリ,4,0,0.5,12,2,2025/08/20,,,5,901,,
25,C,エンレイソウ,0,0,0.5,0.5,0.2,2025/08/20,,,6,902,,
25,C,オオイタドリ,0,15,12,20,8,2025/08/20,,,4,903,,
25,C,オオバショリマ,0,5,2,0,0.1,2025/08/20,,,0.5,904,,
25,C,オシダ,0.5,0,0,0,,2025/08/20,,,4,905,,
25,C,コウゾリナ,0,0.5,0,0,,2025/08/20,,,,940,,
25,C,コミヤマカタバミ,0,4,4,5,1,2025/08/20,,,,933,,
25,C,ゴゼンタチバナ,0.5,0.5,0,0,0.1,2025/08/20,,,4,906,,
25,C,サカゲイノデ,0,0,0,1,,2025/08/20,,,0,907,,
25,C,シラネニンジン,0,0,0,1,0.1,2025/08/20,,,,934,,
25,C,タテヤマアザミ,3,10,5,4.5,0.1,2025/08/20,,,5,908,,
25,C,チゴユリ,0.5,0,0.5,0.5,0.1,2025/08/20,,,4,909,,
25,C,テガタチドリ,0,0,0,0.1,,2025/08/20,,,0,926,,
25,C,ハクモウイノデ,0.5,0,0,0,,2025/08/20,,,0.5,910,,
25,C,ヒメタケシマラン,0,1,0.5,0.5,,2025/08/20,,,0.5,911,,
25,C,ヒメノガリヤス,0,0,0.1,0,2,2025/08/20,,,3,912,,
25,C,ヒロハユキザサ,0,1,0.5,0.5,0.5,2025/08/20,,,,938,,
25,C,フキ,3,5,5,8,2,2025/08/20,,,,942,,
25,C,マイヅルソウ,1,0,3,6,2,2025/08/20,,,5,913,,
25,C,ミヤマアキノキリンソウ,3,0,0,0,1,2025/08/20,,,0,928,,
25,C,ミヤマカタバミ,0,0,0.5,0,1,2025/08/20,00:11:14,,,943,,
25,C,ミヤマカンスゲ,8,60,40,70,30,2025/08/20,,,0,929,,
25,C,ミヤマシシウド,1,0,4,5,6,2025/08/20,,,1,914,,
25,C,ミヤマメシダ,0,0,0,0.5,0.1,2025/08/20,,,,935,,
25,C,ミヤマワラビ,0,1,0.1,0.5,0.2,2025/08/20,,,1,915,,
25,C,モミジカラマツ,5,8,10,10,,2025/08/20,,,4,916,,
25,C,ヤマドリゼンマイ,1,0,0,1,,2025/08/20,,,0,917,,
25,C,ヤマブキショウマ,0.5,4,0.1,0,0.1,2025/08/20,00:11:20,w,0,930,,
25,C,ユキザサ,1,0,0,0.5,,2025/08/20,,,,932,,
25,C,ヨツバヒヨドリ,3,2,2,0,,2025/08/20,,,8,918,,
25,C,ヨモギ,4,5,0,5,1,2025/08/20,,,0,919,,
25,S,チシマザサ,7,0,70,30,30,2025/08/20,,,,939,,
,,ヤマハハコ,,,,,0.1,2025/08/20,,,,,,
,,ゴマナ,,,,,0.5,2025/08/20,,,,,,
,,ニガナ,,,,,0.5,2025/08/20,,,,,,
,,オオハナウド,,,,,0.5,2025/08/20,00:10:53,,,,,
,,ヨツバヒヨドリ,,,,,0.1,2025/08/20,00:10:55,,,,,
,,ヒメゴヨウイチゴ,,,,,2,2025/08/20,,,,,,
,,タケシマラン,,,,,0.4,2025/08/20,,,,,,
,,ヤマトユキザサ,,,,,0.1,2025/08/20,00:11:00,,,,,
,,ヒメワラビ,,,,,0.1,2025/08/20,,,,,,
,,サカゲイノデ,,,,,0.1,2025/08/20,00:11:11,,,,,
,,シラネワラビ,,,,,0.1,2025/08/20,00:11:13,,,,,
,,ツマトリソウ,,,,,0.1,2025/08/20,,,,,,
