"","階層","種名","form","F1999","F2006","F2012","F2018","f1999","f2006","f2012","f2018","V1999","V2006","V2012","V2018","v1999","v2006","v2012","v2018","集計"
"1","B2","アクシバ","bs",0,0,4,0,"-","-","Ⅰ","-",0,0,0.02,0,0,0,0.894427190999916,0,""
"2","B2","ウラジロナナカマド","bs",0,4,4,4,"-","Ⅰ","Ⅰ","Ⅰ",0,0.08,0.08,0.12,0,1.78885438199983,1.78885438199983,2.19089023002066,""
"3","B2","ウラジロヨウラク","bs",0,0,4,0,"-","-","Ⅰ","-",0,0,0.02,0,0,0,0.894427190999916,0,""
"4","B2","オオカメノキ","bs",40,44,52,56,"Ⅱ","Ⅲ","Ⅲ","Ⅲ",0.78,0.74,0.724,0.476,17.6635217326557,17.5499287747842,18.8042548376691,16.7332005306815,"*"
"5","B2","オオシラビソ","cl",84,76,88,88,"Ⅴ","Ⅳ","Ⅴ","Ⅴ",3.1,5.04,4.464,2.536,51.0294032886923,44.7928565733421,41.9523539268061,39.5777715390849,"*"
"6","B2","オオバスノキ","bs",52,76,76,68,"Ⅲ","Ⅳ","Ⅳ","Ⅳ",1.5,2.76,2.164,1.852,27.9284800875379,40.8900966005217,33.9882332579968,31.0741049750431,"*"
"7","B2","オガラバナ","bs",52,44,56,48,"Ⅲ","Ⅲ","Ⅲ","Ⅲ",1.92,3.54,2.14,1,31.5974682530104,26.0307510456383,28.1992907712233,20.5523721258642,"*"
"8","B2","オノエヤナギ","bl",20,24,16,16,"Ⅰ","Ⅱ","Ⅰ","Ⅰ",0.84,1.58,0.84,0.8,12.9614813968157,14.6969384566991,9.1214034007931,9.1214034007931,"*"
"9","B2","クマイチゴ","bs",0,8,0,4,"-","Ⅰ","-","Ⅰ",0,0.04,0,0.02,0,1.78885438199983,0,0.894427190999916,""
"10","B2","クロウスゴ","bs",60,40,56,56,"Ⅲ","Ⅱ","Ⅲ","Ⅲ",0.76,0.58,0.484,0.368,21.3541565040626,14.6969384566991,16.7332005306815,15.3362316101447,"*"
"11","B2","クロツリバナ","bs",28,32,32,32,"Ⅱ","Ⅱ","Ⅱ","Ⅱ",0.68,1,2.704,0.668,13.7985506485283,16.3951212255354,16,14.0854534893272,"*"
"12","B2","コメツガ","cl",0,0,0,4,"-","-","-","Ⅰ",0,0,0,0.04,0,0,0,1.26491106406735,""
"13","B2","タカネナナカマド","bs",4,0,0,0,"Ⅰ","-","-","-",0.08,0,0,0,1.78885438199983,0,0,0,""
"14","B2","ダケカンバ","bl",36,36,36,40,"Ⅱ","Ⅱ","Ⅱ","Ⅱ",1.68,3.3,0.8,0.948,24.592681838303,22.2890107452081,16.5408585025083,18.3303027798234,"*"
"15","B2","ナナカマド","bs",48,60,56,76,"Ⅲ","Ⅲ","Ⅲ","Ⅳ",1.42,3.1,1.72,1.484,26.1074701953292,33.7638860322683,25.9229627936314,30.6985341669598,"*"
"16","B2","バッコヤナギ","bl",8,8,8,12,"Ⅰ","Ⅰ","Ⅰ","Ⅰ",0.1,0.42,0.42,0.46,2.82842712474619,4.19523539268061,4.19523539268061,5.58569601750758,"*"
"17","B2","ハリブキ","bs",24,36,24,40,"Ⅱ","Ⅱ","Ⅱ","Ⅱ",0.14,0.2,0.108,0.144,5.79655069847578,8.48528137423857,5.79655069847578,9.38083151964686,"*"
"18","B2","ヒメウスノキ","bs",0,28,40,40,"-","Ⅱ","Ⅱ","Ⅱ",0,0.14,0.428,0.144,0,6.26099033699941,12.9614813968157,9.38083151964686,""
"19","B2","ベニバナイチゴ","bs",4,12,4,12,"Ⅰ","Ⅰ","Ⅰ","Ⅰ",0.16,0.54,0.08,0.46,2.5298221281347,6.38748776906852,1.78885438199983,6,"*"
"20","B2","ミネカエデ","bs",64,76,88,84,"Ⅳ","Ⅳ","Ⅴ","Ⅴ",2.62,6,3.36,2.376,40.9487484546231,48.3818147654674,44.7928565733421,39.5272058208014,"*"
"21","B2","ミヤマハンノキ","bs",28,44,32,28,"Ⅱ","Ⅲ","Ⅱ","Ⅱ",1.2,1.8,0.9,0.32,18.3303027798234,22.1990990808186,15.3883072493371,9.46572765295939,"*"
"22","B2","ミヤマホツツジ","bs",0,0,4,0,"-","-","Ⅰ","-",0,0,0.02,0,0,0,0.894427190999916,0,""
"23","B2","ムラサキヤシオツツジ","bs",0,8,8,12,"-","Ⅰ","Ⅰ","Ⅰ",0,0.04,0.024,0.036,0,1.78885438199983,1.78885438199983,2.68328157299975,""
"24","C","アイイタドリ","h",0,0,0,4,"-","-","-","Ⅰ",0,0,0,0.004,0,0,0,0.894427190999916,""
"25","C","アカショウマ","h",0,0,8,20,"-","-","Ⅰ","Ⅰ",0,0,0.008,0.24,0,0,1.78885438199983,6.92820323027551,""
"26","C","アキカラマツ","h",4,8,8,4,"Ⅰ","Ⅰ","Ⅰ","Ⅰ",0.04,0.24,0.08,0.04,1.26491106406735,4,2.5298221281347,1.26491106406735,"*"
"27","C","イ","h",0,0,0,4,"-","-","-","Ⅰ",0,0,0,0.004,0,0,0,0.894427190999916,""
"28","C","イタドリ","h",12,4,8,16,"Ⅰ","Ⅰ","Ⅰ","Ⅰ",0.48,0.2,0.14,0.92,7.58946638440411,2.5298221281347,3.3466401061363,8.76356092008266,"*"
"29","C","イヌガンソク","f",0,0,0,0,"-","-","-","-",0,0,0,0,0,0,0,0,""
"30","C","イヌワラビ","f",0,24,8,12,"-","Ⅱ","Ⅰ","Ⅰ",0,0.2,0.024,0.064,0,6.92820323027551,1.78885438199983,3.09838667696593,""
"31","C","イワカガミ","h",0,0,4,0,"-","-","Ⅰ","-",0,0,0.04,0,0,0,1.26491106406735,0,""
"32","C","イワナシ","ds",32,36,44,44,"Ⅱ","Ⅱ","Ⅲ","Ⅲ",0.22,0.2,0.192,0.076,8.39047078536121,8.48528137423857,10.2761860629321,9.83869910099907,"*"
"33","C","ウラジロタデ","h",0,0,4,0,"-","-","Ⅰ","-",0,0,0.004,0,0,0,0.894427190999916,0,""
"34","C","エンレイソウ","h",36,80,68,48,"Ⅱ","Ⅳ","Ⅳ","Ⅲ",0.18,0.4,0.24,0.2192,8.04984471899924,17.8885438199983,15.2052622469986,10.733126291999,"*"
"35","C","オオイタドリ","h",16,16,20,20,"Ⅰ","Ⅰ","Ⅰ","Ⅰ",0.8,3.4,2.36,3.72,11.3137084989848,12.1326007104825,13.2664991614216,14.9666295470958,"*"
"36","C","オオバコ","h",0,0,4,0,"-","-","Ⅰ","-",0,0,0.004,0,0,0,0.894427190999916,0,""
"37","C","オオバショリマ","f",0,32,40,48,"-","Ⅱ","Ⅱ","Ⅲ",0,0.44,0.268,0.2,0,11.3137084989848,10.5830052442584,11.1713920350152,""
"38","C","オオバタケシマラン","h",8,8,4,16,"Ⅰ","Ⅰ","Ⅰ","Ⅰ",0.06,0.04,0.02,0.064,2.19089023002066,1.78885438199983,0.894427190999916,4,"*"
"39","C","オオハナウド","h",0,0,4,4,"-","-","Ⅰ","Ⅰ",0,0,0.12,0.04,0,0,2.19089023002066,1.26491106406735,""
"40","C","オオバノヨツバムグラ","h",12,28,20,16,"Ⅰ","Ⅱ","Ⅰ","Ⅰ",0.1,0.26,0.02,0.032,3.46410161513775,8.53229160308062,4.47213595499958,3.57770876399966,"*"
"41","C","オオバユキザサ","h",0,4,4,4,"-","Ⅰ","Ⅰ","Ⅰ",0,0.02,0.004,0.02,0,0.894427190999916,0.894427190999916,0.894427190999916,""
"42","C","オシダ","f",4,0,8,4,"Ⅰ","-","Ⅰ","Ⅰ",0.02,0,0.04,0.04,0.894427190999916,0,1.78885438199983,1.26491106406735,""
"43","C","オニシモツケ","h",0,8,4,8,"-","Ⅰ","Ⅰ","Ⅰ",0,0.6,0.12,0.24,0,5.3665631459995,2.19089023002066,4,""
"44","C","カニコウモリ","h",4,8,12,8,"Ⅰ","Ⅰ","Ⅰ","Ⅰ",0.02,0.06,0.048,0.032,0.894427190999916,2.19089023002066,3.09838667696593,1.78885438199983,"*"
"45","C","キオン","h",4,0,0,0,"Ⅰ","-","-","-",0.02,0,0,0,0.894427190999916,0,0,0,""
"46","C","キソチドリ","h",8,0,0,0,"Ⅰ","-","-","-",0.04,0,0,0,1.78885438199983,0,0,0,""
"47","C","キヌガサソウ","h",8,12,12,12,"Ⅰ","Ⅰ","Ⅰ","Ⅰ",0.1,0.12,0.06,0.048,2.82842712474619,3.79473319220206,2.68328157299975,3.09838667696593,"*"
"48","C","クロトウヒレン","h",0,0,0,4,"-","-","-","Ⅰ",0,0,0,0.04,0,0,0,1.26491106406735,""
"49","C","コイワカガミ","h",44,44,60,56,"Ⅲ","Ⅲ","Ⅲ","Ⅲ",0.4,0.52,0.26,0.14,13.2664991614216,15.1261363209512,13.856406460551,12.5219806739988,"*"
"50","C","コウゾリナ","h",8,4,0,0,"Ⅰ","Ⅰ","-","-",0.18,0.02,0,0,3.79473319220206,0.894427190999916,0,0,""
"51","C","コガネギク","h",0,24,0,0,"-","Ⅱ","-","-",0,0.24,0,0,0,7.58946638440411,0,0,""
"52","C","コゴメグサ","h",4,0,0,0,"Ⅰ","-","-","-",0.02,0,0,0,0.894427190999916,0,0,0,""
"53","C","ゴゼンタチバナ","h",60,72,72,68,"Ⅲ","Ⅳ","Ⅳ","Ⅳ",1.46,1.4,0.856,0.408,29.5972971738975,30.3578655376164,24.2981480775799,16.8997041394221,"*"
"54","C","コバイケイソウ","h",4,12,4,8,"Ⅰ","Ⅰ","Ⅰ","Ⅰ",0.02,0.08,0.02,0.008,0.894427190999916,3.09838667696593,0.894427190999916,1.78885438199983,"*"
"55","C","ゴマナ","h",4,16,8,20,"Ⅰ","Ⅰ","Ⅰ","Ⅰ",0.04,0.98,0.24,0.864,1.26491106406735,8.94427190999916,4,11.4891252930761,"*"
"56","C","コミヤマカタバミ","h",36,48,48,52,"Ⅱ","Ⅲ","Ⅲ","Ⅲ",0.9,1.86,1.264,1.36,18,26.4726273724389,23.5966099260042,24.560130292814,"*"
"57","C","コメススキ","h",0,0,0,8,"-","-","-","Ⅰ",0,0,0,0.008,0,0,0,1.78885438199983,""
"58","C","サカゲイノデ","f",0,0,8,16,"-","-","Ⅰ","Ⅰ",0,0,0.04,0.104,0,0,1.78885438199983,4.38178046004133,""
"59","C","サンカヨウ","h",20,28,40,20,"Ⅰ","Ⅱ","Ⅱ","Ⅰ",0.1,0.14,0.152,0.06,4.47213595499958,6.26099033699941,8.94427190999916,4.47213595499958,"*"
"60","C","シノブカグマ","f",20,40,44,44,"Ⅰ","Ⅱ","Ⅲ","Ⅲ",0.32,0.24,0.32,0.148,8,9.79795897113271,11.8659175793531,10.2761860629321,"*"
"61","C","シモツケソウ","h",8,4,4,0,"Ⅰ","Ⅰ","Ⅰ","-",0.14,0.08,0.02,0,3.3466401061363,1.78885438199983,0.894427190999916,0,""
"62","C","ショウジョウバカマ","h",64,68,68,68,"Ⅳ","Ⅳ","Ⅳ","Ⅳ",0.94,0.92,0.276,0.204,24.5275355468094,25.0119971213816,15.2052622469986,15.6460857724864,"*"
"63","C","シラネセンキュウ","h",0,0,8,4,"-","-","Ⅰ","Ⅰ",0,0,0.044,0.008,0,0,2.19089023002066,0.894427190999916,""
"64","C","シラネニンジン","h",0,0,0,12,"-","-","-","Ⅰ",0,0,0,0.064,0,0,0,3.09838667696593,""
"65","C","シラネワラビ","f",48,52,64,60,"Ⅲ","Ⅲ","Ⅳ","Ⅲ",1.1,1.34,1.24,1.532,22.9782505861521,23.4776489453267,25.7992247945554,28.3548937575157,"*"
"66","C","スギナ","f",0,0,8,8,"-","-","Ⅰ","Ⅰ",0,0,0.008,0.008,0,0,1.78885438199983,1.78885438199983,""
"67","C","セイヨウタンポポ","h",4,0,0,0,"Ⅰ","-","-","-",0.08,0,0,0,1.78885438199983,0,0,0,""
"68","C","タケシマラン","h",0,16,20,24,"-","Ⅰ","Ⅰ","Ⅱ",0,0.24,0.12,0.032,0,6.19677335393187,4.89897948556636,5.3665631459995,""
"69","C","タテヤマアザミ","h",16,32,20,12,"Ⅰ","Ⅱ","Ⅰ","Ⅰ",0.6,2.22,1.16,0.46,9.79795897113271,18.0665436650179,12.6491106406735,6.57267069006199,"*"
"70","C","タテヤマオウギ","h",12,0,0,0,"Ⅰ","-","-","-",0.32,0,0,0,6.19677335393187,0,0,0,""
"71","C","タニギキョウ","h",4,8,0,8,"Ⅰ","Ⅰ","-","Ⅰ",0.02,0.08,0,0.04,0.894427190999916,2.5298221281347,0,1.78885438199983,""
"72","C","チゴユリ","h",100,0,40,44,"Ⅴ","-","Ⅱ","Ⅲ",1.24,0,0.184,0.08,35.213633723318,0,8.94427190999916,9.83869910099907,""
"73","C","ツクバネソウ","h",36,32,40,40,"Ⅱ","Ⅱ","Ⅱ","Ⅱ",0.22,0.2,0.088,0.056,8.89943818451479,8,8.94427190999916,8.94427190999916,"*"
"74","C","ツマトリソウ","h",24,20,32,40,"Ⅱ","Ⅰ","Ⅱ","Ⅱ",0.12,0.1,0.096,0.052,5.3665631459995,4.47213595499958,7.15541752799933,8.94427190999916,"*"
"75","C","ツルリンドウ","h",56,44,44,48,"Ⅲ","Ⅲ","Ⅲ","Ⅲ",0.58,0.48,0.176,0.056,18.0222085217101,14.532721699668,9.83869910099907,10.733126291999,"*"
"76","C","テガタチドリ","h",0,0,4,4,"-","-","Ⅰ","Ⅰ",0,0,0.004,0.004,0,0,0.894427190999916,0.894427190999916,""
"77","C","ノコンギク","h",16,0,0,0,"Ⅰ","-","-","-",0.64,0,0,0,10.1192885125388,0,0,0,""
"78","C","ハクモウイノデ","f",8,0,0,0,"Ⅰ","-","-","-",0.1,0,0,0,2.82842712474619,0,0,0,""
"79","C","ヒゲノガリヤス","h",12,8,8,4,"Ⅰ","Ⅰ","Ⅰ","Ⅰ",0.2,0.2,0.024,0.04,4.89897948556636,4,1.78885438199983,1.26491106406735,"*"
"80","C","ヒメゴヨウイチゴ","ds",44,44,60,56,"Ⅲ","Ⅲ","Ⅲ","Ⅲ",1.58,2.04,0.684,0.596,26.3666455962832,24.0997925302273,20.4939015319192,19.5140974682407,"*"
"81","C","ヒメタケシマラン","h",0,72,72,68,"-","Ⅳ","Ⅳ","Ⅳ",0,0.72,0.316,0.148,0,22.7683991532123,16.5408585025083,15.2052622469986,""
"82","C","ヒメノガリヤス","h",4,4,12,4,"Ⅰ","Ⅰ","Ⅰ","Ⅰ",0.08,0.08,0.204,0.004,1.78885438199983,1.78885438199983,4.38178046004133,0.894427190999916,"*"
"83","C","ヒメワラビ","f",0,0,4,0,"-","-","Ⅰ","-",0,0,0.04,0,0,0,1.26491106406735,0,""
"84","C","ヒロハユキザサ","h",0,32,48,36,"-","Ⅱ","Ⅲ","Ⅱ",0,0.18,0.252,0.16,0,7.58946638440411,12,8.48528137423857,""
"85","C","フキ","h",20,24,24,24,"Ⅰ","Ⅱ","Ⅱ","Ⅱ",0.62,1.42,0.764,1.2,11.13552872566,14.6969384566991,12.5857061780418,13.5055544129073,"*"
"86","C","ホソバトウゲシバ","f",0,4,0,0,"-","Ⅰ","-","-",0,0.02,0,0,0,0.894427190999916,0,0,""
"87","C","マイヅルソウ","h",68,48,64,76,"Ⅳ","Ⅲ","Ⅳ","Ⅳ",1.02,0.64,0.344,0.336,26.3362867542104,17.5271218401653,16.7809415707224,19.8796378236627,"*"
"88","C","マルバダケブキ","h",0,0,0,8,"-","-","-","Ⅰ",0,0,0,0.06,0,0,0,2.19089023002066,""
"89","C","ミズバショウ","h",60,64,68,76,"Ⅲ","Ⅳ","Ⅳ","Ⅳ",1.78,3.38,3.144,3.088,32.6802692767364,35.2363448728724,35.3723055510946,38.3979166101496,"*"
"90","C","ミツバオウレン","h",28,36,44,40,"Ⅱ","Ⅱ","Ⅲ","Ⅱ",0.22,0.2,0.14,0.044,7.84856674813943,8.48528137423857,9.83869910099907,8.94427190999916,"*"
"91","C","ミヤマアキノキリンソウ","h",28,0,24,12,"Ⅱ","-","Ⅱ","Ⅰ",0.32,0,0.056,0.012,9.46572765295939,0,5.3665631459995,2.68328157299975,""
"92","C","ミヤマイタチシダ","f",0,0,8,12,"-","-","Ⅰ","Ⅰ",0,0,0.04,0.064,0,0,1.78885438199983,3.09838667696593,""
"93","C","ミヤマカタバミ","h",0,0,8,4,"-","-","Ⅰ","Ⅰ",0,0,0.04,0.02,0,0,1.78885438199983,0.894427190999916,""
"94","C","ミヤマカンスゲ","h",100,96,100,96,"Ⅴ","Ⅴ","Ⅴ","Ⅴ",5.52,17.32,13.32,13.56,74.2967024840268,69.5586083817093,68.7022561492707,66.1634340100331,"*"
"95","C","ミヤマシシウド","h",12,12,20,32,"Ⅰ","Ⅰ","Ⅰ","Ⅱ",0.12,0.36,0.48,1.22,3.79473319220206,4.89897948556636,8.48528137423857,16.1987653850533,"*"
"96","C","ミヤマシシガシラ","f",0,0,0,4,"-","-","-","Ⅰ",0,0,0,0.004,0,0,0,0.894427190999916,""
"97","C","ミヤマセンキュウ","h",0,0,4,4,"-","-","Ⅰ","Ⅰ",0,0,0.004,0.004,0,0,0.894427190999916,0.894427190999916,""
"98","C","ミヤマベニシダ","f",0,0,8,12,"-","-","Ⅰ","Ⅰ",0,0,0.024,0.036,0,0,1.78885438199983,2.68328157299975,""
"99","C","ミヤマメシダ","f",0,24,24,20,"-","Ⅱ","Ⅱ","Ⅰ",0,0.38,0.5,0.32,0,9.54986910905066,10.507140429251,8,""
"100","C","ミヤマワラビ","f",20,36,32,24,"Ⅰ","Ⅱ","Ⅱ","Ⅱ",0.16,0.26,0.208,0.092,5.65685424949238,9.67470929795826,8.76356092008266,5.79655069847578,"*"
"101","C","メシダ","f",20,0,0,0,"Ⅰ","-","-","-",0.24,0,0,0,6.92820323027551,0,0,0,""
"102","C","モミジカラマツ","h",4,16,12,12,"Ⅰ","Ⅰ","Ⅰ","Ⅰ",0.2,0.4,0.444,0.438,2.82842712474619,6.19677335393187,5.58569601750758,5.3665631459995,"*"
"103","C","ヤグルマソウ","h",0,12,12,12,"-","Ⅰ","Ⅰ","Ⅰ",0,0.12,0.124,0.12,0,3.79473319220206,4.09878030638384,3.79473319220206,""
"104","C","ヤマイヌワラビ","f",0,0,4,4,"-","-","Ⅰ","Ⅰ",0,0,0.04,0.02,0,0,1.26491106406735,0.894427190999916,""
"105","C","ヤマソテツ","f",56,72,84,84,"Ⅲ","Ⅳ","Ⅴ","Ⅴ",2.04,2.64,2.08,1.784,33.7994082788442,38.3249266144111,38.4499674902333,36.6606055596467,"*"
"106","C","ヤマドリゼンマイ","f",20,16,28,44,"Ⅰ","Ⅰ","Ⅱ","Ⅲ",0.24,0.12,0.26,0.316,6.92820323027551,4.38178046004133,8.53229160308062,12.5857061780418,"*"
"107","C","ヤマハハコ","h",8,8,0,4,"Ⅰ","Ⅰ","-","Ⅰ",0.04,0.04,0,0.02,1.78885438199983,1.78885438199983,0,0.894427190999916,""
"108","C","ヤマブキショウマ","h",16,28,28,12,"Ⅰ","Ⅱ","Ⅱ","Ⅰ",0.08,0.3,0.184,0.088,3.57770876399966,8.53229160308062,7.48331477354788,3.09838667696593,"*"
"109","C","ユキザサ","h",32,0,12,12,"Ⅱ","-","Ⅰ","Ⅰ",0.18,0,0.012,0.104,7.58946638440411,0,2.68328157299975,3.79473319220206,""
"110","C","ヨツバヒヨドリ","h",8,8,4,0,"Ⅰ","Ⅰ","Ⅰ","-",0.14,0.1,0.08,0,3.3466401061363,2.82842712474619,1.78885438199983,0,""
"111","C","ヨモギ","h",20,20,4,20,"Ⅰ","Ⅰ","Ⅰ","Ⅰ",0.8,0.96,0.004,0.56,12.6491106406735,12.328828005938,0.894427190999916,10.1980390271856,"*"
"112","S","チシマザサ","sasa",100,92,100,100,"Ⅴ","Ⅴ","Ⅴ","Ⅴ",9,85,86.2,81.32,94.8683298050514,88.3266664150754,94.0212741883453,93.38094023943,"*"
