"","階層","種名","f1999","v1999","f2006","v2006","f2012","v2012","f2018","v2018"
"1","B2","アクシバ","-",0,"-",0,"Ⅰ",0.894427190999916,"-",0
"2","B2","ウラジロナナカマド","-",0,"Ⅰ",1.78885438199983,"Ⅰ",1.78885438199983,"Ⅰ",2.19089023002066
"3","B2","ウラジロヨウラク","-",0,"-",0,"Ⅰ",0.894427190999916,"-",0
"4","B2","オオカメノキ","Ⅱ",17.6635217326557,"Ⅲ",17.5499287747842,"Ⅲ",18.8042548376691,"Ⅲ",16.7332005306815
"5","B2","オオシラビソ","Ⅴ",51.0294032886923,"Ⅳ",44.7928565733421,"Ⅴ",41.9523539268061,"Ⅴ",39.5777715390849
"6","B2","オオバスノキ","Ⅲ",27.9284800875379,"Ⅳ",40.8900966005217,"Ⅳ",33.9882332579968,"Ⅳ",31.0741049750431
"7","B2","オガラバナ","Ⅲ",31.5974682530104,"Ⅲ",26.0307510456383,"Ⅲ",28.1992907712233,"Ⅲ",20.5523721258642
"8","B2","オノエヤナギ","Ⅰ",12.9614813968157,"Ⅱ",14.6969384566991,"Ⅰ",9.1214034007931,"Ⅰ",9.1214034007931
"9","B2","クマイチゴ","-",0,"Ⅰ",1.78885438199983,"-",0,"Ⅰ",0.894427190999916
"10","B2","クロウスゴ","Ⅲ",21.3541565040626,"Ⅱ",14.6969384566991,"Ⅲ",16.7332005306815,"Ⅲ",15.3362316101447
"11","B2","クロツリバナ","Ⅱ",13.7985506485283,"Ⅱ",16.3951212255354,"Ⅱ",16,"Ⅱ",14.0854534893272
"12","B2","コメツガ","-",0,"-",0,"-",0,"Ⅰ",1.26491106406735
"13","B2","タカネナナカマド","Ⅰ",1.78885438199983,"-",0,"-",0,"-",0
"14","B2","ダケカンバ","Ⅱ",24.592681838303,"Ⅱ",22.2890107452081,"Ⅱ",16.5408585025083,"Ⅱ",18.3303027798234
"15","B2","ナナカマド","Ⅲ",26.1074701953292,"Ⅲ",33.7638860322683,"Ⅲ",25.9229627936314,"Ⅳ",30.6985341669598
"16","B2","バッコヤナギ","Ⅰ",2.82842712474619,"Ⅰ",4.19523539268061,"Ⅰ",4.19523539268061,"Ⅰ",5.58569601750758
"17","B2","ハリブキ","Ⅱ",5.79655069847578,"Ⅱ",8.48528137423857,"Ⅱ",5.79655069847578,"Ⅱ",9.38083151964686
"18","B2","ヒメウスノキ","-",0,"Ⅱ",6.26099033699941,"Ⅱ",12.9614813968157,"Ⅱ",9.38083151964686
"19","B2","ベニバナイチゴ","Ⅰ",2.5298221281347,"Ⅰ",6.38748776906852,"Ⅰ",1.78885438199983,"Ⅰ",6
"20","B2","ミネカエデ","Ⅳ",40.9487484546231,"Ⅳ",48.3818147654674,"Ⅴ",44.7928565733421,"Ⅴ",39.5272058208014
"21","B2","ミヤマハンノキ","Ⅱ",18.3303027798234,"Ⅲ",22.1990990808186,"Ⅱ",15.3883072493371,"Ⅱ",9.46572765295939
"22","B2","ミヤマホツツジ","-",0,"-",0,"Ⅰ",0.894427190999916,"-",0
"23","B2","ムラサキヤシオツツジ","-",0,"Ⅰ",1.78885438199983,"Ⅰ",1.78885438199983,"Ⅰ",2.68328157299975
"24","C","アイイタドリ","-",0,"-",0,"-",0,"Ⅰ",0.894427190999916
"25","C","アカショウマ","-",0,"-",0,"Ⅰ",1.78885438199983,"Ⅰ",6.92820323027551
"26","C","アキカラマツ","Ⅰ",1.26491106406735,"Ⅰ",4,"Ⅰ",2.5298221281347,"Ⅰ",1.26491106406735
"27","C","イ","-",0,"-",0,"-",0,"Ⅰ",0.894427190999916
"28","C","イタドリ","Ⅰ",7.58946638440411,"Ⅰ",2.5298221281347,"Ⅰ",3.3466401061363,"Ⅰ",8.76356092008266
"29","C","イヌガンソク","-",0,"-",0,"-",0,"-",0
"30","C","イヌワラビ","-",0,"Ⅱ",6.92820323027551,"Ⅰ",1.78885438199983,"Ⅰ",3.09838667696593
"31","C","イワカガミ","-",0,"-",0,"Ⅰ",1.26491106406735,"-",0
"32","C","イワナシ","Ⅱ",8.39047078536121,"Ⅱ",8.48528137423857,"Ⅲ",10.2761860629321,"Ⅲ",9.83869910099907
"33","C","ウラジロタデ","-",0,"-",0,"Ⅰ",0.894427190999916,"-",0
"34","C","エンレイソウ","Ⅱ",8.04984471899924,"Ⅳ",17.8885438199983,"Ⅳ",15.2052622469986,"Ⅲ",10.733126291999
"35","C","オオイタドリ","Ⅰ",11.3137084989848,"Ⅰ",12.1326007104825,"Ⅰ",13.2664991614216,"Ⅰ",14.9666295470958
"36","C","オオバコ","-",0,"-",0,"Ⅰ",0.894427190999916,"-",0
"37","C","オオバショリマ","-",0,"Ⅱ",11.3137084989848,"Ⅱ",10.5830052442584,"Ⅲ",11.1713920350152
"38","C","オオバタケシマラン","Ⅰ",2.19089023002066,"Ⅰ",1.78885438199983,"Ⅰ",0.894427190999916,"Ⅰ",4
"39","C","オオハナウド","-",0,"-",0,"Ⅰ",2.19089023002066,"Ⅰ",1.26491106406735
"40","C","オオバノヨツバムグラ","Ⅰ",3.46410161513775,"Ⅱ",8.53229160308062,"Ⅰ",4.47213595499958,"Ⅰ",3.57770876399966
"41","C","オオバユキザサ","-",0,"Ⅰ",0.894427190999916,"Ⅰ",0.894427190999916,"Ⅰ",0.894427190999916
"42","C","オシダ","Ⅰ",0.894427190999916,"-",0,"Ⅰ",1.78885438199983,"Ⅰ",1.26491106406735
"43","C","オニシモツケ","-",0,"Ⅰ",5.3665631459995,"Ⅰ",2.19089023002066,"Ⅰ",4
"44","C","カニコウモリ","Ⅰ",0.894427190999916,"Ⅰ",2.19089023002066,"Ⅰ",3.09838667696593,"Ⅰ",1.78885438199983
"45","C","キオン","Ⅰ",0.894427190999916,"-",0,"-",0,"-",0
"46","C","キソチドリ","Ⅰ",1.78885438199983,"-",0,"-",0,"-",0
"47","C","キヌガサソウ","Ⅰ",2.82842712474619,"Ⅰ",3.79473319220206,"Ⅰ",2.68328157299975,"Ⅰ",3.09838667696593
"48","C","クロトウヒレン","-",0,"-",0,"-",0,"Ⅰ",1.26491106406735
"49","C","コイワカガミ","Ⅲ",13.2664991614216,"Ⅲ",15.1261363209512,"Ⅲ",13.856406460551,"Ⅲ",12.5219806739988
"50","C","コウゾリナ","Ⅰ",3.79473319220206,"Ⅰ",0.894427190999916,"-",0,"-",0
"51","C","コガネギク","-",0,"Ⅱ",7.58946638440411,"-",0,"-",0
"52","C","コゴメグサ","Ⅰ",0.894427190999916,"-",0,"-",0,"-",0
"53","C","ゴゼンタチバナ","Ⅲ",29.5972971738975,"Ⅳ",30.3578655376164,"Ⅳ",24.2981480775799,"Ⅳ",16.8997041394221
"54","C","コバイケイソウ","Ⅰ",0.894427190999916,"Ⅰ",3.09838667696593,"Ⅰ",0.894427190999916,"Ⅰ",1.78885438199983
"55","C","ゴマナ","Ⅰ",1.26491106406735,"Ⅰ",8.94427190999916,"Ⅰ",4,"Ⅰ",11.4891252930761
"56","C","コミヤマカタバミ","Ⅱ",18,"Ⅲ",26.4726273724389,"Ⅲ",23.5966099260042,"Ⅲ",24.560130292814
"57","C","コメススキ","-",0,"-",0,"-",0,"Ⅰ",1.78885438199983
"58","C","サカゲイノデ","-",0,"-",0,"Ⅰ",1.78885438199983,"Ⅰ",4.38178046004133
"59","C","サンカヨウ","Ⅰ",4.47213595499958,"Ⅱ",6.26099033699941,"Ⅱ",8.94427190999916,"Ⅰ",4.47213595499958
"60","C","シノブカグマ","Ⅰ",8,"Ⅱ",9.79795897113271,"Ⅲ",11.8659175793531,"Ⅲ",10.2761860629321
"61","C","シモツケソウ","Ⅰ",3.3466401061363,"Ⅰ",1.78885438199983,"Ⅰ",0.894427190999916,"-",0
"62","C","ショウジョウバカマ","Ⅳ",24.5275355468094,"Ⅳ",25.0119971213816,"Ⅳ",15.2052622469986,"Ⅳ",15.6460857724864
"63","C","シラネセンキュウ","-",0,"-",0,"Ⅰ",2.19089023002066,"Ⅰ",0.894427190999916
"64","C","シラネニンジン","-",0,"-",0,"-",0,"Ⅰ",3.09838667696593
"65","C","シラネワラビ","Ⅲ",22.9782505861521,"Ⅲ",23.4776489453267,"Ⅳ",25.7992247945554,"Ⅲ",28.3548937575157
"66","C","スギナ","-",0,"-",0,"Ⅰ",1.78885438199983,"Ⅰ",1.78885438199983
"67","C","セイヨウタンポポ","Ⅰ",1.78885438199983,"-",0,"-",0,"-",0
"68","C","タケシマラン","-",0,"Ⅰ",6.19677335393187,"Ⅰ",4.89897948556636,"Ⅱ",5.3665631459995
"69","C","タテヤマアザミ","Ⅰ",9.79795897113271,"Ⅱ",18.0665436650179,"Ⅰ",12.6491106406735,"Ⅰ",6.57267069006199
"70","C","タテヤマオウギ","Ⅰ",6.19677335393187,"-",0,"-",0,"-",0
"71","C","タニギキョウ","Ⅰ",0.894427190999916,"Ⅰ",2.5298221281347,"-",0,"Ⅰ",1.78885438199983
"72","C","チゴユリ","Ⅴ",35.213633723318,"-",0,"Ⅱ",8.94427190999916,"Ⅲ",9.83869910099907
"73","C","ツクバネソウ","Ⅱ",8.89943818451479,"Ⅱ",8,"Ⅱ",8.94427190999916,"Ⅱ",8.94427190999916
"74","C","ツマトリソウ","Ⅱ",5.3665631459995,"Ⅰ",4.47213595499958,"Ⅱ",7.15541752799933,"Ⅱ",8.94427190999916
"75","C","ツルリンドウ","Ⅲ",18.0222085217101,"Ⅲ",14.532721699668,"Ⅲ",9.83869910099907,"Ⅲ",10.733126291999
"76","C","テガタチドリ","-",0,"-",0,"Ⅰ",0.894427190999916,"Ⅰ",0.894427190999916
"77","C","ノコンギク","Ⅰ",10.1192885125388,"-",0,"-",0,"-",0
"78","C","ハクモウイノデ","Ⅰ",2.82842712474619,"-",0,"-",0,"-",0
"79","C","ヒゲノガリヤス","Ⅰ",4.89897948556636,"Ⅰ",4,"Ⅰ",1.78885438199983,"Ⅰ",1.26491106406735
"80","C","ヒメゴヨウイチゴ","Ⅲ",26.3666455962832,"Ⅲ",24.0997925302273,"Ⅲ",20.4939015319192,"Ⅲ",19.5140974682407
"81","C","ヒメタケシマラン","-",0,"Ⅳ",22.7683991532123,"Ⅳ",16.5408585025083,"Ⅳ",15.2052622469986
"82","C","ヒメノガリヤス","Ⅰ",1.78885438199983,"Ⅰ",1.78885438199983,"Ⅰ",4.38178046004133,"Ⅰ",0.894427190999916
"83","C","ヒメワラビ","-",0,"-",0,"Ⅰ",1.26491106406735,"-",0
"84","C","ヒロハユキザサ","-",0,"Ⅱ",7.58946638440411,"Ⅲ",12,"Ⅱ",8.48528137423857
"85","C","フキ","Ⅰ",11.13552872566,"Ⅱ",14.6969384566991,"Ⅱ",12.5857061780418,"Ⅱ",13.5055544129073
"86","C","ホソバトウゲシバ","-",0,"Ⅰ",0.894427190999916,"-",0,"-",0
"87","C","マイヅルソウ","Ⅳ",26.3362867542104,"Ⅲ",17.5271218401653,"Ⅳ",16.7809415707224,"Ⅳ",19.8796378236627
"88","C","マルバダケブキ","-",0,"-",0,"-",0,"Ⅰ",2.19089023002066
"89","C","ミズバショウ","Ⅲ",32.6802692767364,"Ⅳ",35.2363448728724,"Ⅳ",35.3723055510946,"Ⅳ",38.3979166101496
"90","C","ミツバオウレン","Ⅱ",7.84856674813943,"Ⅱ",8.48528137423857,"Ⅲ",9.83869910099907,"Ⅱ",8.94427190999916
"91","C","ミヤマアキノキリンソウ","Ⅱ",9.46572765295939,"-",0,"Ⅱ",5.3665631459995,"Ⅰ",2.68328157299975
"92","C","ミヤマイタチシダ","-",0,"-",0,"Ⅰ",1.78885438199983,"Ⅰ",3.09838667696593
"93","C","ミヤマカタバミ","-",0,"-",0,"Ⅰ",1.78885438199983,"Ⅰ",0.894427190999916
"94","C","ミヤマカンスゲ","Ⅴ",74.2967024840268,"Ⅴ",69.5586083817093,"Ⅴ",68.7022561492707,"Ⅴ",66.1634340100331
"95","C","ミヤマシシウド","Ⅰ",3.79473319220206,"Ⅰ",4.89897948556636,"Ⅰ",8.48528137423857,"Ⅱ",16.1987653850533
"96","C","ミヤマシシガシラ","-",0,"-",0,"-",0,"Ⅰ",0.894427190999916
"97","C","ミヤマセンキュウ","-",0,"-",0,"Ⅰ",0.894427190999916,"Ⅰ",0.894427190999916
"98","C","ミヤマベニシダ","-",0,"-",0,"Ⅰ",1.78885438199983,"Ⅰ",2.68328157299975
"99","C","ミヤマメシダ","-",0,"Ⅱ",9.54986910905066,"Ⅱ",10.507140429251,"Ⅰ",8
"100","C","ミヤマワラビ","Ⅰ",5.65685424949238,"Ⅱ",9.67470929795826,"Ⅱ",8.76356092008266,"Ⅱ",5.79655069847578
"101","C","メシダ","Ⅰ",6.92820323027551,"-",0,"-",0,"-",0
"102","C","モミジカラマツ","Ⅰ",2.82842712474619,"Ⅰ",6.19677335393187,"Ⅰ",5.58569601750758,"Ⅰ",5.3665631459995
"103","C","ヤグルマソウ","-",0,"Ⅰ",3.79473319220206,"Ⅰ",4.09878030638384,"Ⅰ",3.79473319220206
"104","C","ヤマイヌワラビ","-",0,"-",0,"Ⅰ",1.26491106406735,"Ⅰ",0.894427190999916
"105","C","ヤマソテツ","Ⅲ",33.7994082788442,"Ⅳ",38.3249266144111,"Ⅴ",38.4499674902333,"Ⅴ",36.6606055596467
"106","C","ヤマドリゼンマイ","Ⅰ",6.92820323027551,"Ⅰ",4.38178046004133,"Ⅱ",8.53229160308062,"Ⅲ",12.5857061780418
"107","C","ヤマハハコ","Ⅰ",1.78885438199983,"Ⅰ",1.78885438199983,"-",0,"Ⅰ",0.894427190999916
"108","C","ヤマブキショウマ","Ⅰ",3.57770876399966,"Ⅱ",8.53229160308062,"Ⅱ",7.48331477354788,"Ⅰ",3.09838667696593
"109","C","ユキザサ","Ⅱ",7.58946638440411,"-",0,"Ⅰ",2.68328157299975,"Ⅰ",3.79473319220206
"110","C","ヨツバヒヨドリ","Ⅰ",3.3466401061363,"Ⅰ",2.82842712474619,"Ⅰ",1.78885438199983,"-",0
"111","C","ヨモギ","Ⅰ",12.6491106406735,"Ⅰ",12.328828005938,"Ⅰ",0.894427190999916,"Ⅰ",10.1980390271856
"112","S","チシマザサ","Ⅴ",94.8683298050514,"Ⅴ",88.3266664150754,"Ⅴ",94.0212741883453,"Ⅴ",93.38094023943
