no,地点名,,種数,アイバソウ,マルバヤナギ,アライトツメクサ,イグサ,イタドリ,アイイタドリ,イヌガラシ,イヌコリヤナギ,イヌトウバナ,エゾノギシギシ,エゾノミツモトソウ,オオイタドリ,オオウシノケグサ,オオバコ,オオバヤナギ,オニウシノケグサ,オノエヤナギ,外来ミミナグサ,カノコソウ,カモガヤ,キオン,キバナカワラマツバ,クサイ,ヤマクルマバナ,ケキツネノボタン,コウライシバ,コガネスゲ,コシノネズミガヤ,コツブアメリカヤガミスゲ,コナスビ,ゴマナ,ササガヤ,シロツメクサ,スイバ,スカシタゴボウ,スギナ,ススキ,スズメノカタビラ,セイヨウウツボグサ（大・白花）,セイヨウウツボグサ（小・白花）,セイヨウウツボグサ（大・紫花）,セイヨウウツボグサ,セイヨウタンポポ,ゼニゴケ,タチオランダゲンゲ,タニウツギ,タニソバ,タヌキラン,ツメクサ,ツボスミレ,Juncus compressus,ドロノキ,ナガハグサ,ニワゼキショウ,Poa sp.（ヌマイチゴツナギ）,ネジバナ,ノアザミ,ノコンギク,ノボロギク,ノミノフスマ,バッコヤナギ,バッコオノエヤナギ,ハルジオン,ハンゴンソウ,ヒメジョオン,ヒメムカシヨモギ,ヒョウタンゴケ,フキ,フランスギク,ホソイ,ホッスガヤ,ミスジナガハグサ,ミドリハコベ,ヤマアゼスゲ,ヤマホタルブクロ,ヨシ？,ヨモギ,雑種ヨモギ,Iris ｓｐ.,ヌカボ,ミミナグサsp.,スイバ×タカネスイバ,エゾノタカネヤナギ,メノマンネングサ,ヨツバヒヨドリ,タチツボスミレ,ヒメヌカボ,セイヨウオダマキ,タガラシ,ヤマハギ,エゾコヌカグサ
1,弘法第一駐車場,H20,9,,,,,,,,,,,,,,2,,,2,,,,,,,,,,,,,,,,,,,3,4,1,,,,0,,,,,,,,,,,,,,,,2,,,,,,,1,,,2,,,,,,,,,1,,,,,,,,,,,,,,
,,H22,12,,,,,,,,,,,,,,4,,2,2,,,,,,,,,,,,,1,,,,,,1,1,2,,,,0,,,,,,,,,,,,,,,,2,,,,,1,,2,,,1,,,,,,,,,3,,,,,,,,,,,,,,
,,H25,25,,,,1,3,,,,1,,,1,,2,,1,2,,,,,,,,,,,,,1,1,2,1,,,2,4,1,,,,0,1,,,1,,,,1,,,,,,,,1,,,1,,1,,1,,,1,,,1,,,,,,2,1,,,,,,,,,,,,,
,,H28,22,,,,,2,,,,1,,,3,,2,,1,1,,,,,,,,,,,,,,2,1,1,,,2,4,1,,,,0,,,,1,,,,1,,,,,,1,,2,,,1,,1,,1,,,1,,,,,,,,,1,2,,,,,,,,,,,,,
,,R1,26,,,,1,1,1,,,2,,,1,,2,,1,,1,,,,,,,,,,,,1,2,1,1,,,2,3,1,,,,0,,,,1,,,,2,,1,,,,1,,3,,,1,,,,1,,,1,,,1,,,,,,2,1,,,,,,,,,,,,,
,,R4,25,,,,,1,1,,,1,,,1,1,2,,,1,1,,,,,1,,,,,,,1,1,1,,,,2,2,3,,,,0,,,,1,,,,1,,1,,,,1,,1,,1,1,,,,1,,,,,,,,,,,,1,1,,,,,,,,,,,,,
,,R7,24,,,,,1,2,,,1,,,1,,1,,,1,,1,,,,1,,,1,,,,1,2,2,1,,,1,4,1,,,,0,,,,2,,,,1,,1,,,,2,,2,,,1,,,,2,,,2,,,,,,,,,,,,,,,,,,,,,,,
2,弘法第二駐車場,H20,9,,,,,,,,,,,,,,2,,,,,,,,,,,,,,,,,,,2,,,2,4,1,,,,0,,,,1,,,,,,,,,,1,,,,,,,,,1,,,,,,,,,,,,3,,,,,,,,,,,,,,
,,H22,14,,,,,1,,,,,,,,,2,,1,1,,,,,,1,,,,,,,1,,1,1,,,,,2,,,,0,,,,,,,,,,,,,,1,,1,,,,,,,1,,,1,,,,,,,,,2,,,,,,,,,,,,,,
,,H25,20,,,,,3,,,,,,,4,,2,,1,1,1,,,,,1,,,,,,,1,1,1,1,,,1,2,2,,,,0,,,,1,,,,,,,1,,,,,1,,,,,,,1,,,1,,,,,,,,,3,,,,,,,,1,,,,,,
,,H28,24,,,,,1,,,,,,,4,,3,,1,1,1,,,,,1,,,,,,,1,3,1,1,,,1,2,2,,,,0,,,,1,,,,,,1,,,,1,,1,,,1,,1,,1,,,1,,,,,,,,,1,2,,,,,,,,,,,,,
,,R1,24,,,,,1,,,1,,,,4,,3,,,1,1,,,,,2,,,,,,,1,1,1,2,,,2,2,1,,,,0,,,,1,,,,1,,1,,,,1,,1,,,1,,,,1,,,1,,,,,,,,,1,2,,1,,,,,,,,,,,
,,R4,23,,,,,1,,1,1,,,,2,,4,,,,1,,,,,2,,,,,,,1,1,1,2,,,2,2,2,,,,0,,,,2,,,,1,,1,,,,1,,1,,,,,,,1,,,1,,,,,,,,,1,2,,,,,,,,,,,,,
,,R7,22,,,,,1,1,,,1,,,3,,4,,,,,,,,,2,,,,,1,,1,1,1,1,,,1,3,1,,,,0,,,,1,,,,1,,1,,,,1,,1,,,,,,,1,,,1,,,,1,,,,,,,,,,,,,,,,,,,
3,追分駐車場（立土）,H20,8,,,,,3,,,,,,,,,5,,,3,,,,,,2,,,,,,,,,,1,,,,,,,,,0,,,,,,,,,,,,,,,1,,,,,,,,1,,,,,,,,,,,,2,,,,,,,,,,,,,,
,,H22,10,,,,,1,,,1,,,,,,4,,,1,,,,,,3,,,,,,,,,,,,,,,1,,,,0,,,,1,,,,,,,,,,2,1,,,,,,,,,,,,,,,,,,,,2,,,,,,,,,,,,,,
,,H25,15,,,,,2,,,1,,,,,,3,,,1,,,,,,1,,,,,,,,1,,1,,,,1,1,,,,0,,,,1,,,,,,1,,,,,1,1,,,,,,,,,,1,,,,,,,,,2,,,,,,,,,,,,,,
,,H28,19,,,,,2,,,1,,,,,,4,,,1,,,,,,2,,,,,,,,2,,1,,,,1,3,,,,0,,,,1,,,,,,1,,,,1,1,,,,,,,,1,,,1,,,1,1,,,,,1,1,,,,,,,,,,,,,
,,R1,19,,,,,2,,,1,,,,,,4,,,1,,,,,,2,,,,,,,,2,,1,,,,1,2,,,,0,,,,1,,,,,,1,,,,1,,1,,,,,,,1,,,1,,,1,1,,,,,2,1,,,,,,,,,,,,,
,,R4,15,,,,,1,,,1,,,,,,4,,,1,,,,,,2,,,,,,,,2,,1,,,,1,2,,,,0,,,,,,,,,,1,,,,,,1,,,,,,,,,,1,,,1,,,,,,1,2,,,,,,,,,,,,,
,,R7,18,,,,,1,,,1,,,,,,4,,,1,,,,,,3,,,,,,,,2,,1,,,,3,1,,,1,1,,,,1,,,,,,1,,,,,1,1,,,,,,,1,,,1,,,1,,,,,,1,,,,,,,,,,,,,,
4,追分駐車場（松尾峠入口）,H20,12,,,,,2,,,,,1,,,,2,,1,,,,,,,,,,,,,,,,,1,,,2,,1,,,,0,,,,,,,1,,,,,,,,1,1,,,,,,,,,,,1,,,,,,,,2,,,,,,,,,,,,,,
,,H22,15,,,,,1,,,2,,1,,,,3,,1,1,1,,,,,1,,,,,,,,,,1,,,1,,1,,,,0,,,,,,,,,,,,,,,3,2,,,,,,,1,,,,,,,,,,,,2,,,,,,,,,,,,,,
,,H25,17,,,,1,1,,,2,,1,,1,,2,,1,1,1,,,,,,,,,,,,,2,,1,,,1,1,1,,,,0,,,,,,,,,,,,,,,1,1,,,,,,,,,,,,,,,,,,,2,,,,,,,,1,,,,,,
,,H28,21,,,,,1,1,,3,,1,,2,,3,,1,2,1,,,,,,,,,,,,,2,,1,,,2,1,2,,,,0,1,,,,,,,,,1,,,,1,2,1,,,,,,,,,,1,,,,,,,,,,1,,,,,,,,,,,,,
,,R1,21,,,,,1,1,,2,,1,,1,1,3,,,1,1,,,,,1,,,,,,,1,2,,1,,,1,1,2,,,,0,1,,,,,,,,,1,,,,,,1,,,,,,,,,,1,,,,,,,,,,2,,,,,,,,,,,,,
,,R4,18,,,,,2,1,,1,,1,,,,2,,,,,,,,,1,,,,,,,1,3,,1,,,1,,2,,,,0,1,,,,,,,,,1,,,,,,1,,,,,,,1,,,1,,,,,,,,,1,2,,,,,,,,,,,,,
,,R7,25,,,,1,1,1,,2,,1,,,,2,,1,1,1,,,,,2,,,,,1,,1,2,,1,,,1,1,2,,,,0,,,,,,,,1,,,,,,,1,2,,,,,,,2,,,1,1,,,,,,,,2,2,,,,,,,,,,,,,
5,追分駐車場緑化帯,H20,9,,,,,,,,,,1,,,,1,,,,,,,,,,,,,,,,,,,,,,,,,,,,0,2,,,,,,,,,,,,,,1,1,,,,,,,1,,,1,,1,,,,,,,2,,,,,,,,,,,,,1,
,,H22,13,,,,,2,,,1,,,,,,2,,2,1,,,,,,,,,,,,,,,1,1,,,2,1,,,,,0,,,,,,,,,,,,,,,1,1,,,,,,,,,,,,2,,,,,,,1,,,,,,,,,,,,,,
,,H25,17,1,,,,2,,,1,,,,1,,1,,1,2,,,,,,1,,,,,,,,1,,,,,2,1,,,,,0,,,,1,,,,,,1,,,,,1,1,,,,,,,,,,,,1,,,,,,,1,,,,,,,,1,,,,,,
,,H28,17,1,,,1,1,,,1,,,,,,1,,1,1,,,,,1,1,,,,,,,,1,,,,,4,1,,,,,0,,,,1,,,,,,,,,,,1,1,,,,,,,,,,1,,,,,,,,,,1,,,,,,,,,,,,,
,,R1,21,1,1,,1,1,1,,1,,1,,1,,1,,,1,,,,,1,1,,,,,,,,1,,1,,,3,2,,,1,,1,,,,1,,,,,,,,,,,,1,,,,,,,,,,1,,,,,,,,,,2,,1,,,,,,,,,,,
,,R4,19,1,,,,1,1,,1,,1,,,,1,,1,1,,,,,,1,,,,,,,,2,,1,,,2,2,,,2,,2,1,,,,,,,,,1,,,,,,1,,,,,,,,,,,,,1,,,,,,,2,,,,,,,,,,,,,
,,R7,21,2,,,1,2,1,,1,,1,,,,1,,1,1,,,,,1,1,,,,,,,,2,,1,,,3,3,,,2,,2,,,,,,,,,,1,,,,,1,1,,,,,,,,,,,,,1,,,,,,,2,,,,,,,,,,,,,
6,弥陀ヶ原駐車場,H20,13,,,,,,,,,,2,1,,,3,,,,1,,,,,,,,,,,,,,,3,,,3,,2,,,,0,2,,1,1,,,,,,,,1,,,,,,,,,,,,,,2,1,,,,,,,,,,,,,,1,,,,,,,,
,,H22,23,,,,,2,,,,,1,1,,,1,,2,3,1,,,,,1,,,,,,1,,,,3,,,2,1,2,,2,2,4,,,1,1,1,,,,,,,1,1,,1,,,,,,,,,,,1,,,,,,,,,2,,,,,,1,,,,,,,,
,,H25,17,,,,,1,,,,,1,1,1,,1,,,3,,,,,,,,,,,,1,,3,,3,,,3,,1,,2,2,4,1,,,,,,,,,,,,,,,,,,,,,,,,,1,,1,,,,,,,1,,,,,,,,,,,,,,
,,H28,26,,,,,1,,,,,1,1,1,,2,,,1,1,,,,,1,,,,,,1,,3,,3,,,2,1,2,,2,2,4,1,,,,2,,,2,,1,,,1,,1,,,,,,,,,,,1,,1,,,,,1,,,1,,,,,,,,,,,,,
,,R1,28,1,,,2,2,1,,,,1,2,1,1,2,,,1,1,,,,,1,,,,1,,2,,3,,3,,,3,1,2,,3,2,5,,,1,,1,,,2,,1,,,,,,,1,,,,,,,,,1,,,,,,,,,,1,,,,,,,,,,,,,
,,R4,32,,,1,1,1,1,,,,2,2,1,,1,,1,1,2,,,,,1,,,,1,,2,,2,,2,,,2,1,2,1,3,2,6,1,,2,,1,1,,1,1,1,,2,1,,,,,,,,,,,,,1,,,,,,,,,,1,,,,,,,,,,,,,
,,R7,27,,,1,2,1,,,,,,1,1,,2,,,1,1,1,,,1,2,,,,,,2,,2,,2,,,1,1,3,,2,1,3,,,1,,1,1,,1,,,,,1,,,,,,,,,1,,,,1,,,,,,,,,,1,,,,,,,,,,,,,
7,六甲学院前（緑化復元地）,H20,6,,,,,1,,,,,1,,,,,,,,1,,,,,,,,,,,,,,,2,,,,,,,,,0,,,5,,,,,,,,,,,,,,,,,,,,,,,,,,,,,,,,2,,,,,,,,,,,,,,
,,H22,11,,,,,1,,,,,1,,,,,,,4,1,,,,,,,,,,,1,,,,4,,,,,,,,,0,,,5,,,,,,,,,,3,,1,1,,,,,,,,,,,,,,,,,,,2,,,,,,,,,,,,,,
,,H25,13,,,,,1,1,,,,,,1,,,,,4,,,,,1,,,,,,,1,,1,,4,,,,,1,,,,0,,,5,,,,,,,,,,,,1,,,,,,,,,,,1,,,,,,,,,1,,,,,,,,,,,,,,
,,H28,15,,,,,1,1,,,,,,1,,,,,2,2,,,,,,,,,,,1,,2,,4,,,,,,,,,0,,,4,,1,,,,,,,,3,,1,,,,,,,,,,,,,1,,1,,,,,,1,,,,,,,,,,,,,
,,R1,18,,,,1,,1,,,,1,,1,2,,,,1,1,,,,1,,,,,,,2,,3,,3,,,,,,,,1,1,,,4,,1,,,,,,,,3,,,,,,1,,,,,,,1,,,,,,,,,,1,,,,,,,,,,,,,
,,R4,22,,,,1,1,1,,,,,,1,1,1,,,1,1,,,,,,,,,,,1,,2,,3,,,,,1,,,1,1,1,,3,,1,,,,,,,,2,,1,1,,,1,,,,,,,1,,,,,,,,,,1,,,,,,,,,,,,,
,,R7,23,,,,2,1,1,,,,1,,1,1,1,1,,1,1,,,,,,,,,,,2,,2,,3,,,,,1,,,1,1,,,5,,1,,,1,1,,,,1,,2,,,,,,,,,,,1,,,,,,,,,,1,,,,,,,,,,,,,
8,弥陀ヶ原バス停,H20,7,,,,,,,,,,1,,,,3,,,3,,,,,,,,,,,,,,,,,,,3,,2,,,,0,,,,,,,,,,,,,,,,,,,,,,,,,,1,,,,,,,,,2,,,,,,,,,,,,,,
,,H22,12,,,,,,,,,,1,,,,2,,2,2,,,,,,,,,,,,,,,,2,,,3,,2,,,,0,1,,,,1,,,,,,,,,,,1,,,,,,,,,,2,,,,,,,,,2,,,,,,,,,,,,,,
,,H25,15,,,,,1,,,,,,,1,,2,,,2,,,,,,,,1,,,,,,1,,1,,,2,,1,1,,,1,1,,,,,,,,,,,,,,1,,,,,,,,,,,1,,1,,,,,,,2,,,,,,,,,,,,,,
,,H28,19,1,,,1,1,,,,1,1,,1,,2,,,2,,,,,1,,,,,,,,,2,,2,,,2,,1,1,,1,2,1,,,,,,,,,,,,,,1,,,,,,,,,,,2,,,,,,,,,1,,,,,,,,,,,,,,
,,R1,20,1,,,,1,,,1,1,1,,1,,2,,,2,,,,,1,1,,,,,,,,2,,2,,,2,1,1,,,1,1,1,,,,1,,,,,,,,,,,,,,,,,,,,,2,,,,,,,,,,2,,,,,,,,,,,,,
,,R4,21,,,,1,1,1,,1,,1,,1,,3,,,2,1,,,,,1,,,,,,,,2,,1,,,2,1,1,,1,,1,1,,,,,,,,,,,,,,,1,,,,,,,,,,1,,,,,,,,,1,2,,,,,,,,,,,,,
,,R7,21,1,,,1,1,1,,1,,,1,1,,2,,,1,,,,,,1,,,,,,,,1,,2,,,2,1,1,,1,,1,,,,,,,,,,,,,,,1,1,,,1,,,,,,,1,,,,,,,,,,1,,,,,,,,,,,,,
9,弥陀ヶ原ホテル   駐車場,H20,16,,,,,,,,,,3,,,,2,,,2,1,,,,,1,,,,,,,,,,3,,,3,,2,,,,0,1,,,,,,1,,,,,,,1,1,,,,,,,,1,,,2,1,,,,,,,,2,,,,,,,,,,,,1,,
,,H22,11,,,,,,,,,,1,,,,2,,,2,,,,,,,,,,,,,,,,2,,,3,,2,,,,0,1,,,,,,1,,,,,,,,2,,,,,,,,,,,2,,,,,,,,,1,,,,,,,,,,,,,,
,,H25,14,,,,,,,1,,,1,,,,2,,,1,,,,,,1,,,,,,,,2,,1,,,3,1,2,,,,0,1,,,,,,,,,,,,,,1,,,,,,,,,,,1,,,,,,,,,2,,,,,,,,,,,,,,
,,H28,17,,1,,,,,1,,,2,,,,2,,,1,,,,,,,,,,,,,,2,,2,,,3,,2,,,,0,1,,,1,1,,,1,,1,,,,,1,,,,,,,,,,,1,,,,,,,,,,2,,,,,,,,,,,,,
,,R1,18,,,,,,,1,,,2,,,,1,,,1,1,,,,,,,,,,,,,1,,2,,,2,1,1,,1,1,2,1,,,,,,,,,,,,,,,1,,,,,,,1,,,,,,,,,,1,,1,2,,,,,,,,,,,,,
,,R4,17,,,,,,1,1,,,2,,,,1,,,1,1,,,,,,,,,,,,,2,,1,,,2,1,2,,1,,1,1,,,,,,,,,,,,,,,1,,,,,,,,,,1,,,,,,,,,1,2,,,,,,,,,,,,,
,,R7,19,,,,1,,1,1,,,2,,,,2,,,1,1,,,,,,,,,,,,,1,,2,,,1,1,2,,1,1,2,2,,,1,,,,,,,,,,,1,,,,,,,,,,,1,,,,,,,,,,1,,,,,,,,,,,,,
10,弥陀ヶ原散策路入口,H20,2,,,,,,,,,,,,,,,,,,,,,,,,,,,,,,,,,,,,3,,,,,,0,,,,,,,,,,,,2,,,,,,,,,,,,,,,,,,,,,,,,,,,,,,,,,,,,,
,,H22,5,,,,,,,,,,,,,,,,1,,,,,,,,,,,,,,,,,,,,2,,,1,,,1,,,,,,,,,,,,,,,,,,,,,,,,,,,1,,,,,,,,,2,,,,,,,,,,,,,
,,H25,9,,,,1,,,,,,,,,,,,,1,,,,,,,,,,,,,,2,,,,,1,,,1,1,,2,,,,,,,,1,,,,1,,,,,,,,,,,,,,,,,,,,,,,,2,,,,,,,,,,,,,
,,H28,8,,,,,1,,,,,,,,,1,,,,,,,,,,,,,,,,,2,,,,,2,,,1,1,,2,,,,,,,,,,,,1,,,,,,,,,,,,,,,,,,,,,,,,2,,,,,,,,,,,,,
,,R1,17,,,,1,1,1,,,,1,,,,1,,,,1,,1,,,,,,,,,,,1,3,1,,,2,,2,,1,,1,1,,,,,,,,,1,,1,,,,,,,,,,,,,,,,,,,,,,,,1,,1,,,,,,,,,,,
,,R4,18,,,,,1,1,1,,,1,,1,,2,,,1,1,,,,,,,,,,,,,2,,1,,,2,,3,,1,,1,,,,,,,,1,,,,1,,,,1,,,,,,,,,,,,,,1,,,,,,2,,,,,,,,,,,,,
,,R7,15,,,,,1,,1,,,1,,,,3,,,,1,,,,,,,,,,,,,1,,2,,,1,,2,,1,1,2,1,,,,,,,1,,,,1,,,,,,,,,,,,,,,,,,,,,,,,2,,,,,,,,,,,,,
11,弥陀ヶ原ホテル裏,H20,7,,,,,,,,,,3,,,,3,,,2,2,,,,,,,,,,,,,,,,,,1,,4,,,,0,,,,,,,,,,,,,,,,,,,,,,,,,,,,,,,,,,,3,,,,,,,,,,,,,,
,,H22,9,,,,,1,,,,,,,,,3,,1,1,,,,,,1,,,,,,,,,,,,,,,4,1,,,1,,,,,1,,,,,,,,,,,,,,,,,,,,,,,,,,,,,,3,,,,,,,,,,,,,,
,,H25,16,,,,1,2,,,,,1,,2,,3,,,,,,,,,,,,,,,,,1,,2,,,1,,3,1,,,1,1,,,,1,,,,,,1,,,,,,,,,,,,1,,,,1,,,,,,,,1,,,,,,,,,,,,,,
,,H28,21,,,,2,2,1,,,,1,,1,,3,,,2,1,,,,,1,,,,,,,,3,,3,,,3,,3,1,,1,2,2,,,,2,,,1,,,,,,,,,,,,,,,,,,1,1,,,,,,,,2,,,,,,,,,,,,,,
,,R1,23,,,1,,2,1,,,1,2,,1,,3,,,2,1,,,,,1,,,,,,,,2,,3,,,2,,2,2,,1,3,1,,,1,2,,,1,,,,,,,,,,,,,,,,,,1,,,,,,,,,1,2,,,,,,,,,,,,,
,,R4,22,,,1,,2,1,,,,2,,3,,2,,,1,1,,,,,1,,,,,,,,2,,4,,,1,,1,1,2,1,4,1,,,,2,,,1,,,,,,,,,,,,,,,,,,1,,,,,,,,,1,2,,,,,,,,,,,,,
,,R7,21,,,1,,2,1,,,,3,,2,,3,,,1,1,,,,,2,,,,,,,,1,,5,,,1,,2,1,3,,4,1,,,,1,,,1,,,,,,,,,,,,,,,,,,1,,,,,,,,,1,1,,,,,,,,,,,,,
12,弥陀ヶ原立山荘入口,H20,10,,,,,3,,,,,3,,,,2,,,1,,,,,,,,,,,,,,,,,,,3,,4,,,,0,2,,1,,2,,,,,,,,,,,,,,,,,,,,,,,,,,,,,,2,,,,,,,,,,,,,,
,,H22,17,,,,,1,,,,,2,,,,3,,2,1,1,,,,,2,,,,,,,,,,2,,1,2,,3,,,,0,1,,1,,3,,1,,,,,,,,,,,,,,,,,,,1,,,,,,,,,1,,,,,,,,,,,,,,
,,H25,18,,,,,1,,,,,2,,,,3,,,1,1,,,,,1,,,,,,,1,,,2,,1,2,,2,,,,0,1,,1,,1,,,,,,,,,,1,,,,,,,,,,,1,1,1,,,,,,,,,,,,,,,,,,,,,
,,H28,17,,,,,1,,,,,2,,,,3,,,1,2,1,,,,1,,,,,,,,2,,2,,1,2,,3,,,,0,,,,,2,,1,,,,,,,,1,,,,,,,,,,,1,,,,,,,,,,1,,,,,,,,,,,,,
,,R1,17,,,,2,1,,,,,3,,,,3,,,1,2,,,,1,2,,,,,,,1,2,,2,,1,2,,3,,,,0,1,,,,1,,,,,,,,,,,,,,,,,,,,,1,,,,,,,,,,,,,,,,,,,,,,,
,,R4,17,,,,2,1,,,,,2,,,,4,,,1,2,,,,,1,,,,,,,,3,,3,,,3,,3,,,,0,1,,,,3,,,,,,,,,,2,,,,,,,,,,1,1,,,,,,,,,,2,,,,,,,,,,,,,
,,R7,19,,,,1,1,,,,,1,,,,3,,,1,1,1,,,,2,,,,,,,,1,,3,,,2,,2,,,,0,1,,,,2,,,,,,,,,,1,,,,,,1,1,,,,1,,,,,,,,,,1,,,,,,,,,,,,,
13,弥陀ヶ原カルデラ展望台入口,H20,8,,,,,2,,,,,2,,,,2,,,1,,,,,,,,,,,,,,,,,,,,,3,,,,0,1,,,,,,,,,,,,,,,,,,,,,,,,,2,,,,,,,,,3,,,,,,,,,,,,,,
,,H22,11,,,,,1,,,,,1,,,,3,,2,1,,,,,,1,,,,,,,,,,2,,,,,3,,,,0,,,,,,,,,,,,,,,1,,,,,,,,,,,1,,,,,,,,,2,,,,,,,,,,,,,,
,,H25,12,,,,,1,,,,,1,,,,2,,,1,,,,,,,,,,,,,,1,,2,,,,,3,,,,0,1,,,,,,,,,,,,,,1,,,,,,,,,,,1,,1,,,,,,,1,,,,,,,,,,,,,,
,,H28,13,,,,,1,1,,,,1,,,,2,,,1,,,,,,1,,,,,,,,2,,2,,,,,2,,,,0,1,,,,,,,,,,,,,,1,,,,,,,,,,,1,,,,,,,,,,1,,,,,,,,,,,,,
,,R1,12,,,,,1,1,,,,,,,,2,,,1,,,,,,1,,,,,,,,2,,2,,,,,2,,,,0,1,,,,,,,,,,,,,,,,,,,,,,,,,2,,,,1,,,,,,1,,,,,,,,,,,,,
,,R4,15,,,,,1,1,,,,2,,1,1,3,,,,,,,,,2,,,,,,,,2,,2,,,1,,3,,,,0,1,,,,,,,,,,,,,,,,,,,,,,,,,2,,,,1,,,,,,1,,,,,,,,,,,,,
,,R7,13,,,,,1,,,,,1,,,1,3,,,,,,,,,,,,,,,,,2,,2,,,,,2,,,,0,1,,,,,,,,,,,,,,1,,,,,,,1,,,,1,,,,1,,,,,,1,,,,,,,,,,,,,
14,美松駐車場,H21,6,,,,,1,,,,,,,,,1,,,2,,,,,,,,,,,,,,,,2,,,1,,,,,,0,,,,,,,,,,,,,,,,,,,,,,,,,,,,,,,,,,,4,,,,,,,,,,,,,,
,,H23,9,,,,,2,,,,,,,,,,,1,1,,,,,,1,,,,,,,,2,,,,,,,1,,,,0,,,,,,,,,,,,,,,,,,,,,,,,,,1,,,1,,,,,,2,,,,,,,1,,,,,,,
,,H26,7,,,,,2,,,,,,,,,,,,1,,,,,,,,,,,,,,2,,1,,,,,1,,,,0,,,,,,,,,,,,,,,,,,,,,,,,,,,,,,,,,,,1,1,,,,,,1,,,,,,,
,,H29,11,,,,1,2,,,,,,,1,,1,,,1,,,,,,1,,,,,,,,3,,,,,,,1,,,,0,1,,,,,,,,,,,,,,,,,,,,,,,,,,,,1,,,,,,,2,,,,,,1,,,,,,,
,,R2,12,,,,1,2,,,,,,,1,,1,,,1,,,,,,1,,,,,,,,3,,1,,,,,2,,,,0,1,,,,,,,,,,,,,,,,,,,,,,,,,,,,1,,,,,,,1,,,,,,,,,,,,,
,,R5,11,,,,1,2,,,,,,,1,,1,,,,,,,,,1,,,,,,,,3,,1,,,,,1,,,,0,,,,,,,,,,,,,,,,,,,,,,,,,,,,,1,,,,,,1,1,,,,,,,,,,,,,
15,天狗の鼻第1駐車場,H21,10,,,,,3,,,,,,,,,3,,,3,,,,,,,,,,,,,,,,2,,,2,2,3,,,,0,1,,,,,,,,,,,,,,,4,,,,,,,,,,1,,,,,,,,,,,,,,,,,,,,,,,
,,H23,12,,,1,,3,,,,,,,2,,3,,,2,,,,,,,,,,,,,,3,,2,,,3,,2,,,,0,1,,,,,,,,,,,,,,,,,,,,,,,,,2,,,,,,,,,3,,,,,,,2,,,,,,,
,,H26,12,,,1,,2,,,,,,,2,,2,,,1,,,,,,,,,,,,,,3,,1,,,2,,1,,,,0,,,,,,,,,,,,,,,1,,,,,,,,,,,2,,,,,,,,,1,,,,,,,,,,1,,,,
,,H29,11,,,,,2,,,,,,,3,,3,,,1,,,,,,,,,,,,,,2,,2,,,4,,1,,,,0,,,,,,,,,,,,,,,1,,,,,,,,,,,2,,,,,,,,,1,,,,,,,2,,,1,,,,
,,R2,12,,,1,,2,,,,,1,,2,,1,,,1,,,,,,,,,,,,,,3,,2,,,4,,1,,,,0,,,,,,,,,,,,,,,,,,,,,,,,,,2,,,,,,,,,,1,,,,,,,,,,,,,
,,R5,10,,,,,2,,,,,,,,,1,,,1,,,,,,,,,,,,,,3,,2,,,3,,1,,,,0,,,,,,,,,,,,,,,,1,,,,,,,,,,2,,,,,,,,,,2,,,,,,,,,,,,,
16,天狗の鼻第２駐車場,H21,7,,,,,4,,,,,,,,,2,,,,,,,,,,,,,,,,,,,5,,,3,,4,,,,0,1,,,,,,,,,,,,,,,,,,,,,,,,,,,,,,,,,,3,,,,,,,,,,,,,,
,,H23,10,,,,,2,,,1,,,,,,1,,,2,,,,,,1,,,,,,,,1,,1,,,,,2,,,,0,,,,,,,,1,,,,,,,,,,,,,,,,,,2,,,,,,,,,,,,,,,,1,,,,,,,
,,H26,16,1,,,,1,,,1,,,,2,,1,,,1,,,,,1,1,,,,,,,,2,,1,,,,1,3,,,,0,,,,,,,,1,,,,,,,,,,,,,,,,,,2,,,1,,,,,,1,,,,,,,1,,,,,,,
,,H29,14,,,,,1,,,1,,,,1,,1,,,1,,,,,1,1,,,,,,,,1,,1,,,,1,3,,,,0,,,,,,,,2,,,,,,,,,,,,,,,,,,2,,,1,,,,,,,,,,,,,1,,,,,,,
,,R2,17,,,1,,2,1,,1,,,,1,,1,,,2,,,,,2,2,,,,,,,,2,,1,,,,1,3,,,,0,,,,,,,,1,,,,,,,,,,,,,,,,,,2,,,1,,,,,,,1,,,,,,,,,,,,,
,,R5,19,1,,2,,1,2,,1,,,,1,,1,,,1,,,,,1,2,,,,,,,,2,,1,,,,1,2,,,,0,,,,,,,,1,,1,,,,,,,,,,,,,,,,1,,,,,,,,,1,1,,,,,,,,,,,,,
17,立山高原ホテル　　  　（浄化槽）,H21,8,,,,,4,,,,,,,,,1,,,,3,,,,,1,,,,,,,,,,5,,,,,5,,,,0,1,,,,,,,,,,,,,,,,,,,,,,,,,,,,,,,,,,3,,,,,,,,,,,,,,
,,H23,8,,,,,4,,,,,,,,,,,,,1,,,,,1,,,,,,,,3,,5,,,,,3,,,,0,1,,,,,,,,,,,,,,,,,,,,,,,,,,,,,,,,,,1,,,,,,,,,,,,,,
,,H26,10,,,,,1,,,,,,,,,,,,,1,,,,,1,,,,,,,,2,,5,,,,,3,,,,0,1,,,,,,,,,,,,,,,,,,,,,,,,,,,,,1,,,,,1,1,,,,,,1,,,,,,,
,,H29,14,,,,,4,,,,,1,,,1,1,,,1,1,,,,,2,,,,,,,,1,,5,,,,,3,,,,0,1,,,,,,,,,,,,,,,,,,,,,,,,,,,,,1,,,,,1,3,,,,,,2,,,,,,,
,,R2,13,,,1,,3,,,,,1,,,,1,,,1,2,,,,,2,,,,,,,,2,,5,,,,,3,,,,0,2,,,,,,,,,,,,,,,,,,,,,,,,,,,,,2,,,,,,1,,,,,,,,,,,,,
,,R5,13,,,,,4,,,,,,,,1,1,,,1,1,,,,,3,,,,,,,,2,,5,,,,,1,,,,0,4,,,,,,,,,,,,,,,,,,,,,,,,,,,,,1,,,,,2,1,,,,,,,,,,,,,
18,立山高原ホテル周辺,H21,6,,,,,3,,,,,3,,,,,,,1,,,,,,,,,,,,,,,,5,,,,,3,,,,0,,,,,,,,,,,,,,,,,,,,,,,,,,,,,,,,,,,3,,,,,,,,,,,,,,
,,H23,6,,,,,3,,,,,,,,,,,,1,1,,,,,,,,,,,,,,,2,,,2,,3,,,,0,,,,,,,,,,,,,,,,,,,,,,,,,,,,,,,,,,,,,,,,,,1,,,,,,,
,,H26,10,,,,,2,,,,,,,,,1,,,1,2,,,,,,,,,,,,,2,,1,,,1,,3,,,,0,1,,,,,,,,,,,,,,,,,,,,,,,,,,,,,,,,,,1,,,,,,,1,,,,,,,
,,H29,10,,,,,2,,,,,,,,1,1,,,1,2,,,,,,,,,,,,,2,,2,,,1,,3,,,,0,1,,,,,,,,,,,,,,,,,,,,,,,,,,,,,,,,,,,,,,,,,1,,,,,,,
,,R2,11,,,1,,1,,,,,,,,1,1,,,,3,,,,,,,,,,,,,2,,3,,,2,,3,,,,0,2,,,,,,,,,,,,,,,,,,,,,,,,,,,,,1,,,,,,,,,,,,,,,,,,,
,,R5,12,,,2,,1,,,,,,,,,1,,,1,2,,,,,,,,,,,,,2,,3,,,2,,3,,,,0,1,,,,,,,,,,,,,,,,,,,,,,,,,1,,,,2,,,,,,,,,,,,,,,,,,,
19,立山高原ホテル～　天狗平山荘,H21,4,,,,,3,,,,,,,,,,,,,,,,,,,,,,,,,,,,,,,,,,,,,0,3,,,,,,,,,,,,,,,,,,,,,,,,,1,,,,,,,,,1,,,,,,,,,,,,,,
,,H23,4,,,,,3,,,,,,,,,1,,,,,,,,,,,,,,,,,2,,,,,,,,,,,0,,,,,,,,,,,,,,,,,,,,,,,,,,1,,,,,,,,,,,,,,,,,,,,,,,
,,H26,6,,,,,3,,,,,,,1,,1,,,,,,,,,,,,,,,,,2,,,,,,,,,,,0,,,,,,,,,,,,,,,,,,,,,,,,,,1,,,,,,,,,1,,,,,,,,,,,,,,
,,H29,6,,,,,3,1,,,,,,1,1,,,,,,,,,,,,,,,,,,2,,,,,,,,,,,0,,,,,,,,,,,,,,,,,,,,,,,,,,1,,,,,,,,,,,,,,,,,,,,,,,
,,R2,8,,,,,3,1,,1,,,,1,1,1,,,,,,,,,,,,,,,,,2,,,,,,,,,,,0,,,,,,,,,,,,,,,,,,,,,,,,,,1,,,,,,,,,,,,,,,,,,,,,,,
,,R5,8,,,,,3,1,,,,,,1,,,,,,,,,,,,,,,,,,,2,,,,,,,,,,,0,1,,,,,,,,,,,,,,,,,,,,,,,,,1,,,,1,,,,,,1,,,,,,,,,,,,,
20,天狗平山荘周辺,H21,9,,,,,,,,,,2,,,,2,,,1,,,,,,,,,,,,,,,,1,,,3,,2,,,,0,1,,,,,,,,,,,,,,,,,,,,,,,,,1,,,,,,,,,1,,,,,,,,,,,,,,
,,H23,7,,,,,,,,,,,,,2,1,,,,,,,,,,,,,,,,,3,,3,,,3,,1,,,,0,,,,,,,,,,,,,,,,,,,,,,,,,,,,,,,,,,,1,,,,,,,,,,,,,,
,,H26,11,,,,,1,,,,,1,,,2,2,,,1,,,,,,,,,,,,,,3,,1,,,2,,1,,,,0,,,,,,,,,,,,,,,,,,,,,,,,,,1,,,,,,,,,,1,,,,,,1,,,,,,,
,,H29,12,,,,,1,,,,,1,,,2,1,,,1,,,,,,,,,,,,,,2,,1,,,2,,1,,,,0,1,,,,,,,,,,,,,,,,,,,,,,,,,1,,,,,,,,,,1,,,,,,,,,,,,,
,,R2,11,,,,,1,,,,,2,,,3,2,,,,,,,,,,,,,,,,,2,,2,,,2,,1,,,,0,1,,,,,,,,,,,,,,,,,,,,,,,,,1,,,,,,,,,,1,,,,,,,,,,,,,
,,R5,14,,,,,1,,,,,1,,,3,2,,,1,,,,,,,,,,,,,,3,,2,,,2,,2,,,,0,1,,,,,,,,,1,,,,,,,,,,,,,,,,1,,,,,1,,,,,1,,,,,,,,,,,,,
21,天狗平駐車場,H21,4,,,,,3,,,,,,,,,,,,,,,,,,1,,,,,,,,,,,,,,,3,,,,0,,,,,,,,,,,,,,,,,,,,,,,,,,,,,,,,,,,1,,,,,,,,,,,,,,
,,H23,8,,,,,2,,,,,,,2,,,,,,,,,,,1,,,,,,,,2,,,,,1,,1,,,,0,,,,,,,,,,,,,,,,,,,,,,,,,,1,,,,,,,,,1,,,,,,,,,,,,,,
,,H26,10,,,,,2,,,,,,,1,,1,,,1,,,,,,1,,,,,,,,2,,1,,,1,,1,,,,0,,,,,,,,,,,,,,,,,,,,,,,,,,1,,,,,,,,,,,,,,,,,,,,,,,
,,H29,11,,,,1,2,,,,,,,1,,1,,,1,,,,,,1,,,,,,,,2,,,,,1,,1,,,,0,1,,,,,,,,,,,,,,,,,,,,,,,,,1,,,,,,,,,,,,,,,,,,,,,,,
,,R2,15,,,1,1,2,,,,,1,,1,,1,,,1,,,,,,1,,,,,,,,2,,1,,,1,,1,,,,0,,,,,,,,,,,,,,,,,,,,,,,,,,1,1,,,,,,,,,1,,,,,,,,,,,,,
,,R5,13,,,,,2,1,,,,,,1,1,1,,,1,,,,,,1,,,,,,,,2,,1,,,,,1,,,,0,1,,,,,,,,,,,,,,,,,,,,,,,,,1,,,,,,,,,,1,,,,,,,,,,,,,
22,天狗平休憩所跡地（範囲内）,H21,4,,,,,3,,,,,,,,,,,,1,,,,,,1,,,,,,,,,,,,,,,3,,,,0,,,,,,,,,,,,,,,,,,,,,,,,,,,,,,,,,,,,,,,,,,,,,,,,,
,,H23,2,,,,,1,,,,,,,,,,,,,,,,,,,,,,,,,,,,,,,,,,,,,0,1,,,,,,,,,,,,,,,,,,,,,,,,,,,,,,,,,,,,,,,,,,,,,,,,
,,H26,1,,,,,,,,,,,,,,,,,,,,,,,,,,,,,,,,,,,,,,,,,,0,1,,,,,,,,,,,,,,,,,,,,,,,,,,,,,,,,,,,,,,,,,,,,,,,,
,,H29,2,,,,,,,,,,,,,,,,,1,,,,,,,,,,,,,,,,,,,,,,,,,0,1,,,,,,,,,,,,,,,,,,,,,,,,,,,,,,,,,,,,,,,,,,,,,,,,
,,R2,2,,,,,,,,,,,,,,,,,1,,,,,,,,,,,,,,,,,,,,,,,,,0,1,,,,,,,,,,,,,,,,,,,,,,,,,,,,,,,,,,,,,,,,,,,,,,,,
,,R5,1,,,,,,,,,,,,,,,,,1,,,,,,,,,,,,,,,,,,,,,,,,,0,,,,,,,,,,,,,,,,,,,,,,,,,,,,,,,,,,,,,,,,,,,,,,,,,
22,天狗平休憩所跡地（範囲外）,H21,0,,,,,,,,,,,,,,,,,,,,,,,,,,,,,,,,,,,,,,,,,,0,,,,,,,,,,,,,,,,,,,,,,,,,,,,,,,,,,,,,,,,,,,,,,,,,
,,H23,4,,,,,,,,,,,,,,,,,,,,,,,,,,,,,,,1,,1,,,,,,,,,0,1,,,,,,,,,,,,,,,,,,,,,,,,,2,,,,,,,,,,,,,,,,,,,,,,,
,,H26,4,,,,,,,,,,,,,,,,,,,,,,,,,,,,,,,1,,1,,,,,,,,,0,1,,,,,,,,,,,,,,,,,,,,,,,,,1,,,,,,,,,,,,,,,,,,,,,,,
,,H29,3,,,,,,,,,,,,,,,,,,,,,,,,,,,,,,,,,1,,,,,,,,,0,1,,,,,,,,,,,,,,,,,,,,,,,,,1,,,,,,,,,,,,,,,,,,,,,,,
,,R2,5,,,,,1,,,,,,,,,,,,,,,,,,,,,,,,,,1,,1,,,,,,,,,0,1,,,,,,,,,,,,,,,,,,,,,,,,,2,,,,,,,,,,,,,,,,,,,,,,,
,,R5,4,,,,,1,,,,,,,,,,,,,,,,,,,,,,,,,,1,,1,,,,,,,,,0,,,,,,,,,,,,,,,,,,,,,,,,,,2,,,,,,,,,,,,,,,,,,,,,,,
23,天狗平歩道起点,H21,8,,,,,1,,,,,,,,,,,,1,,,,,,,,,,,,,,,,1,1,,,,1,,,,0,1,,,,,,,,,,,,,,,,,,,,,,3,,,1,,,,,,,,,,,,,,,,,,,,,,,
,,H23,9,,,,,1,,,,,,,,,,,,1,,,,,,,,,,,,,,1,,2,,,,,1,,,,0,1,,,,,,,,,,,,,,,,,,,,,,,,,2,,,,2,,,,,1,,,,,,,,,,,,,,
,,H26,8,,,,,1,,,,,,,,,,,,1,,,,,,,,,,,,,,2,,2,,,,,1,,,,0,1,,,,,,,,,,,,,,,,,,,,,,,,,1,,,,2,,,,,,,,,,,,,,,,,,,
,,H29,10,,,,,1,,,,,,,1,,,,,1,,,,,,,,,,,,,,1,,2,,,,,1,,,,0,1,,,,,,,,,,,,,,,,,,,,,,,,,1,,,,2,,,,,1,,,,,,,,,,,,,,
,,R2,10,,,1,,1,,,,,,,,,,,,1,,,,,,,,,,,,,,1,,2,,,1,,1,,,,0,1,,,,,,,,,,,,,,,,,,,,,,,,,1,,,,2,,,,,,,,,,,,,,,,,,,
,,R5,11,,,,,1,,,,,,,,1,,,,1,,,,,,,,,,,,,,1,,2,,,1,,1,,,,0,1,,,,,,,,,,,,,,,,,,,,,,,,,1,,,,2,,,,,,1,,,,,,,,,,,,,
24,国見第1駐車場,H21,8,,,3,,5,,,,,,,,,,,,,,,,,,1,,,,,,,,,,1,1,,,,1,,,,0,2,,,,,,,,,,,,,,,,,,,,,,,,,,,,,,,,,,4,,,,,,,,,,,,,,
,,H23,7,,,1,,3,,,,,,,,,,,,,,,,,,1,,,,,,,,,,2,,,,,1,,,,0,1,,,,,,,,,,,,,,,,,,,,,,,,,,,,,,,,,,3,,,,,,,,,,,,,,
,,H26,10,,,1,,4,,,,,,,,,,,,,,,,,,1,,,,,,,,2,,1,,,,,1,,,,0,1,,,,,,,,,,,,,,1,,,,,,,,,,,1,,,,,,,,,,2,,,,,,1,,,1,,,,
,,H29,11,,,1,,2,,,,,,,,,,,,1,,,,,,1,,,,,,,,1,,1,,,,,1,,,,0,1,,,,,,,,,,,,,,1,,,,,,,,,,,1,,,,,,,,,,2,,,,,,,,,1,,,,
,,R2,12,,,2,,3,,,,,,,,1,,,,1,,,,,1,,,,,,,,,2,,1,,,1,,1,,,,0,1,,,,,,,,,,,,,,,,,,,,,,,,,1,,,,,,,,,,1,,,,,,,,,,,,,
,,R5,15,,,2,,1,1,,,,,,,1,,,,1,,,,,,1,,,,,,,,2,,1,,,,,1,,,,0,1,,,,,,,,,1,,,,,2,,,,,,,1,,,,1,,,,,,,,,,1,,,,,,,,,,,,,
25,国見第２駐車場,H21,5,,,,,4,,,,,,,,,,,,,,,,,,,,,,,,,,,,,,,3,,,,,,0,3,,,,,,,,,,,,,,,,,,,,,,,,,1,,,,,,,,,1,,,,,,,,,,,,,,
,,H23,6,,,,,3,,,,,,,,1,,,,,,,,,,,,,,,,,,,,,,,2,,,,,,0,1,,,,,,,,,,,,,,,,,,,,,,,,,1,,,,,,,,,3,,,,,,,,,,,,,,
,,H26,6,,,,,3,,,,,,,,1,,,,,,,,,,,,,,,,,,1,,,,,1,,,,,,0,,,,,,,,,,,,,,,,,,,,,,,,,,1,,,,,,,,,,1,,,,,,,,,,,,,
,,H29,6,,,,,3,,,,,,,,1,,,,,,,,,,,,,,,,,,1,,,,,1,,,,,,0,,,,,,,,,,,,,,,,,,,,,,,,,,1,,,,,,,,,,1,,,,,,,,,,,,,
,,R2,6,,,,,3,,,,,,,,1,,,,,,,,,,,,,,,,,,2,,,,,2,,,,,,0,,,,,,,,,,,,,,,,,,,,,,,,,,1,,,,,,,,,,1,,,,,,,,,,,,,
,,R5,6,,,,,4,,,,,,,,1,,,,,,,,,,,,,,,,,,3,,,,,2,,,,,,0,,,,,,,,,,,,,,,,,,,,,,1,,,,1,,,,,,,,,,,,,,,,,,,,,,,
25.2,国見待避所,H26,3,,,,,2,,,,,,,,,,,,,,,,,,,,,,,,,,1,,,,,,,,,,,0,,,,,,,,,,,,,,,,,,,,,,,,,,1,,,,,,,,,,,,,,,,,,,,,,,
,,H29,3,,,,,3,,,,,,,,,,,,,,,,,,,,,,,,,,1,,,,,,,,,,,0,,,,,,,,,,,,,,,,,,,,,,,,,,1,,,,,,,,,,,,,,,,,,,,,,,
,,R2,6,,,,,2,,,,,,,1,1,,,,,,,,,,,,,,,,,,1,,,,,,,,,,,0,,,,,,,,,,,,,,,,,,,,,,1,,,,1,,,,,,,,,,,,,,,,,,,,,,,
,,R5,5,,,,,3,,,,,,,,1,,,,,,,,,,,,,,,,,,3,,,,,,,,,,,0,,,,,,,,,,,,,,,,,,,,,,1,,,,2,,,,,,,,,,,,,,,,,,,,,,,
26,大谷待避所,H21,7,,,,,4,,,,,,,,,,,,1,,,,,,,,,,,,,,,,,,,,,,,,,0,1,,,,,,,,,,,,,,1,1,,,,,,,,,,1,,,,,,,,,3,,,,,,,,,,1,,,,
,,H23,5,,,,,3,,,,,,,,,1,,,,,,,,,,,,,,,,,2,,,,,,,,,,,0,,,,,,,,,,,,,,,,,,,,,,,,,,1,,,,,,,,,1,,,,,,,,,,,,,,
,,H26,4,,,,,1,,,,,,,,,,,,,,,,,,,,,,,,,,1,,,,,,,1,,,,0,,,,,,,,,,,,,,,,,,,,,,,,,,1,,,,,,,,,,,,,,,,,,,,,,,
,,H29,5,,,1,,1,,,,,,,1,,,,,,,,,,,,,,,,,,,1,,,,,,,,,,,0,,,,,,,,,,,,,,,,,,,,,,,,,,1,,,,,,,,,,,,,,,,,,,,,,,
,,R2,4,,,,,3,,,,,,,,1,,,,,,,,,,,,,,,,,,2,,,,,,,,,,,0,,,,,,,,,,,,,,,,,,,,,,,,,,1,,,,,,,,,,,,,,,,,,,,,,,
,,R5,6,,,,,1,,,,,,,,1,,,,1,,,,,,,,,,,,,,2,,,,,,,,,,,0,,,,,,,,,,,,,,,,,,,,,,1,,,,1,,,,,,,,,,,,,,,,,,,,,,,
27,大 谷,H21,4,,,,,5,,,,,,,,,,,,,,,,,,,,,,,,,,,,,,,,,,,,,0,1,,,,,,,,,,,,,,,,,,,,,,,,,1,,,,,,,,,4,,,,,,,,,,,,,,
,,H23,2,,,,,4,,,,,,,,,,,,,,,,,,,,,,,,,,,,,,,,,1,,,,0,,,,,,,,,,,,,,,,,,,,,,,,,,,,,,,,,,,,,,,,,,,,,2,,,,
,,H26,2,,,,,1,,,,,,,,,,,,,,,,,,,,,,,,,,,,,,,,,1,,,,0,,,,,,,,,,,,,,,,,,,,,,,,,,,,,,,,,,,,,,,,,,,,,1,,,,
,,H29,5,,,1,,1,,,,,,,1,,,,,,,,,,,,,,,,,,,1,,,,,,,,,,,0,,,,,,,,,,,,,,,,,,,,,,,,,,1,,,,,,,,,,,,,,,,,,,,,,,
28,室堂第2駐車場,H21,7,,,,,4,,,,,2,,,,,,,1,,,,,,,,,,,,,,,,,,,,,3,,,,0,2,,,,,,,,,,,,,,,1,,,,,,,,,,,,,,,,,,,3,,,,,,,,,,,,,,
,,H23,8,,,,,4,,,,,1,,,,,,,1,,,,,,,,,,,,,,1,,1,,,,,2,,,,0,2,,,,,,,,,,,,,,,,,,,,,,,,,,,,,,,,,,3,,,,,,,,,,,,,,
,,H26,10,,,,,2,,,,,1,,,,,,,1,,,,,,,,,,,,,,1,,1,,,,,2,,,,0,1,,,,,,,,,,,,,,,,,,,,,,,,,1,,,,1,,,,,1,,,,,,,,,,,,,,
,,H29,10,,,,,1,,,,,1,,1,1,,,,,,,,,,,,,,,,,,1,,1,,,,,2,,,,0,2,,,,,,,,,,,,,,,,,,,,,,,,,1,,,,,,,,,,2,,,,,,,,,,,,,
,,R2,11,,,,,2,1,,,,,,,2,,,,1,,1,,,,,,,,,,,,1,,1,,,,,2,,,,0,2,,,,,,,,,,,,,,,,,,,,,,,,,1,,,,,,,,,,2,,,,,,,,,,,,,
,,R5,13,,,,,3,1,,,,,,,2,,,,1,,,,,1,,,,,,,,,1,,1,,,,,1,,,,0,2,,,,,,,,,,,,,,,,,,,,,,,,,1,,,,1,,,,,1,1,,,,,,,,,,,,,
29,室堂ロータリー,H21,9,,,,,3,,,,,1,,,,3,,,1,,,,,,,,,,,,,,,,,,,,,4,,,,0,3,,,,,,,,,,,,,,,,,,,,,,3,,,2,1,,,,,,,,,,,,,,,,,,,,,,
,,H24,15,,,,,3,,,,,1,,2,,1,,1,,1,,,,1,,,,,,,,,1,,1,,,,,2,,,,0,1,,,,,,,,,,,,,,,1,,,,,,,,,,2,,,,2,,,,,3,,,,,,,,,1,,,,,
,,H27,14,,,,,2,1,,,,1,,,,,,,1,,,,,1,,,,,,,,,2,,,,,,,2,,,,0,1,,,,,,,,,,,,,,,,,,,1,,,,,,2,,,,1,,,1,1,,2,,,,,,,,,,,,,
,,H30,14,,,,,3,1,,,,1,,2,1,,,,1,,,,,,,,,,,,,,2,,,,,,,2,,,,0,2,,,,,,,,,,,,,,,,,,,1,,,,,,2,,,,2,,,1,,,2,,,,,,,,1,,,,,
,,R3,10,,,,,3,,,,,,,1,,,,,1,,,,,,,,,,,,,,1,,,,,,,1,,,,0,2,,,,,,,,,,,,,,,,,,,1,,,,,,2,,,,,,,1,,,2,,,,,,,,,,,,,
,,R6,10,,,1,,3,1,,,,,,1,1,,,,,,,,,,,,,,,,,,2,,,,,,,1,,,,0,1,,,,,,,,,,,,,,,,,,,,,,,,,2,,,,,,,,,,3,,,,,,,,,,,,,
30,立山センター車道,H21,5,,,,,3,,,,,,,,,,,,2,,,,,,,,,,,,,,,,,1,,,,,,,,0,1,,,,,,,,,,,,,,,,,,,,,,,,,1,,,,,,,,,,,,,,,,,,,,,,,
,,H24,8,,,,,4,,,,,,,,1,,,,2,,,,,,,,,,,,,,1,,,,,,,,,,,0,1,,,,,,,,,,,,,,,,,,,,,,,,,1,,,,2,,,,,3,,,,,,,,,,,,,,
,,H27,10,,1,,,1,,,,,1,,,1,,,,,,,,,,,,,,,,,,1,,,,,1,,1,,,,0,1,,,,,,,,,,,,,,,,,,,,,,,,,1,,,,,,,,,,2,,,,,,,,,,,,,
,,H30,8,,1,,,2,,,,,,,,1,,,,1,,,,,,,,,,,,,,1,,,,,,,1,,,,0,1,,,,,,,,,,,,,,,,,,,,,,,,,,,,,1,,,,,,,,,,,,,,1,,,,,
,,R3,8,,,,,2,,,,,,,,1,,,,,,,,,,,,,,,,,,1,,,,,,,1,,,,0,1,,,,,,,,,,,,,,,,,,,,,,,,,1,,,,1,,,,,,2,,,,,,,,,,,,,
,,R6,10,,,,,3,,,,,,,,1,,,,,1,,,,,,,,,,,,,1,,,,,,,1,,,,0,1,,,,,,,,,,,,,,,,,,,1,,,,,,1,,,,1,,,,,,2,,,,,,,,,,,,,
31,立山センター周辺,H21,5,,,,,,,,,,,,,,,,,1,,,,,,,,,,,,,,,,,1,,,,3,,,,0,2,,,,,,,,,,,,,,,,,,,,,,,,,2,,,,,,,,,,,,,,,,,,,,,,,
,,H24,9,,,,,1,,,,,,,,,,,,,1,,,,,,,,,,,,,1,,2,,,,,3,,,,0,1,,,,,,,,,,,,,,,,,,,,,,,,,3,,,,2,,,,,2,,,,,,,,,,,,,,
,,H27,12,,,,,1,,,,,,,,,,,,,2,,,,,1,,,,,,,,1,,1,,,,,1,,,,0,,,1,,,,1,,,,,,,,,,,,,1,,,,,,1,,,,3,,,,,,2,,,,,,,,1,,,,,
,,H30,12,,,,,1,,,,,,,,1,1,,,,1,,,,,,,,,,,,,1,,2,,,,,3,,,,0,2,,,,,,1,,,,,,,,,,,,,,,,,,,1,,,,2,,,,,,1,,,,,,,,1,,,,,
,,R3,13,,,1,,1,,,,,,,,2,1,,,,1,,,,,,,,,,,,,1,,3,,,,,4,,,,0,2,,1,,,,,,,,,,,,,,,,,,,,,,,2,,,,2,,,,,,1,,,,,,,,,,,,,
,,R6,14,,,3,,1,,,,,,,,3,2,,,1,1,,,,,,,,,,,,,2,,3,,,,,3,,,,0,2,,2,,,,,,,,,,,,,,,,,,,,,,,2,,,,2,,,,,,1,,,,,,,,,,,,,
32,室堂ターミナル園地,H21,6,,,,,3,,,,,1,,,,3,,,,,,,,,,,,,,,,,,,,,,3,,3,,,,0,1,,,,,,,,,,,,,,,,,,,,,,,,,,,,,,,,,,,,,,,,,,,,,,,,
,,H24,8,,,,,3,,,,,,,1,,1,,,1,,,,,,,,,,,,,,,,,,,3,,2,,,,0,1,,,,,,,,,,,,,,,,,,,,,,,,,,,,,,,,,,3,,,,,,,,,,,,,,
,,H27,9,,,,,2,1,,,,,,,,,,,,,,,,,,1,,,,,,,1,,,,,2,,2,,,,0,1,,,,,,,,,,,,,,,,,,,,,,,,,,,,,2,,,,,,1,,,,,,,,1,,,,,
,,H30,13,,,,,1,1,,,,1,,,2,1,,,,,,,,,,1,,,,,,,1,,,,,2,,1,,,,0,1,,,,,,,,,,,,,,,,,,,,,,,,,,,,,1,,,,,2,2,,,,,,,,1,,,,,
,,R3,10,,,,,1,,,,,1,,,2,,,,,,,,,,,1,,,,,,,1,,,,,2,,1,,,,0,1,,,,,,,,,,,,,,,,,,,,,,,,,,,,,1,,,,,,1,,,,,,,,,,,,,
,,R6,10,,,,,1,1,,,,,,,1,1,,,,,,,,,,,,,,,,,1,,,,,2,,2,,,,0,1,,,,,,,,,,,,,,,,,,,,,,,,,,,,,2,,,,,,1,,,,,,,,,,,,,
33,室堂平広場遊歩道,H21,8,,,,,3,,,,,,,,,1,,,2,,,,,,,,,,,,,,,,2,1,1,,,2,,,,0,3,,,,,,,,,,,,,,,,,,,,,,,,,,,,,,,,,,,,,,,,,,,,,,,,
,,H24,8,,,,,3,,,,,,,1,1,,,,1,,,,,,,,,,,,,,2,,,,,,,1,,,,0,1,,,,,,,,,,,,,,,,,,,,,,,,,,,,,,,,,,2,,,,,,,,,,,,,,
,,H27,8,,,,,2,,,,,,,1,,1,,,,,,,,,,,,,,,,,1,,1,,,,,2,,,,0,1,,,,,,,,,,,,,,,,,,,,,,,,,,,,,,,,,,,1,,,,,,,,1,,,,,
,,H30,11,,,,,1,,,,,,,1,3,1,,,,,,,,,,,,,,,,,1,,1,,,,,1,,,,0,2,,,,,,,,,,,,,,,,,,,,,,,,,,1,,,1,,,,,,1,,,,,,,,2,,,,,
,,R3,8,,,,,1,,,,,,,,2,1,,,,,,,,,,,,,,,,,1,,1,,,,,1,,,,0,1,,,,,,,,,,,,,,,,,,,,,,,,,,,,,,,,,,,1,,,,,,,,,,,,,
,,R6,10,,,1,,1,,,,,,,,1,1,,,,,,,,,,,,,,,,,1,,1,,,,,1,,,,0,1,,,,,,,,,,,,,,,,,,,,,,,,,,,,,1,,,,,,1,,,,,,,,,,,,,
34,室堂平広場遊歩道,H21,4,,,,,3,,,,,,,,,,,,,,,,,,,,,,,,,,,,,2,,3,,,,,,0,1,,,,,,,,,,,,,,,,,,,,,,,,,,,,,,,,,,,,,,,,,,,,,,,,
,,H24,7,,,,,2,,,,,1,,,,,,,,,,,,,,,,,,,,,1,,,,,1,,1,,,,0,1,,,,,,,,,,,,,,,,,,,,,,,,,,,,,,,,,,1,,,,,,,,,,1,,,,
,,H27,6,,,,,1,,,,,,,,,,,,,,,,,,,,,,,,,,1,,,,,1,,1,,,,0,2,,,,,,,,,,,,,,,,,,,,,,,,,,,,,,,,,,1,,,,,,,,,1,1,,,,
,,H30,6,,,,,1,,,,,,,,,,,,,,,,,,,,,,,,,,1,,,,,1,,1,,,,0,1,,,,,,,,,,,,,,,,,,,,,,,,,,,,,,,,,,,1,,,,,,,,1,,,,,
,,R3,6,,,,,1,,,,,,,,,,,,,,,,,,,,,,,,,,1,,,,,1,,1,,,,0,2,,,,,,,,,,,,,,,,,,,,,,,,,,,,,,,,,,,1,,,,,,,,,,,,,
,,R6,6,,,,,1,,,,,,,,,,,,,,,,,,,,,,,,,,1,,,,,1,,1,,,,0,1,,,,,,,,,,,,,,,,,,,,,,,,,,,,,,,,,,,1,,,,,,,,,,,,,
35,供養塔広場,H21,3,,,,,,,,,,,,,,,,,,,,,,,,,,,,,,,,,,1,,,,2,,,,0,1,,,,,,,,,,,,,,,,,,,,,,,,,,,,,,,,,,,,,,,,,,,,,,,,
,,H24,6,,,,,1,,,,,,,,,,,,,,,,,,,,,,,,,,2,,,,,1,,3,,,,0,1,,,,,,,,,,,,,,,,,,,,,,,,,,,,,,,,,,1,,,,,,,,,,,,,,
,,H27,4,,,,,1,,,,,,,,,,,,,,,,,,,,,,,,,,1,,,,,,,3,,,,0,1,,,,,,,,,,,,,,,,,,,,,,,,,,,,,,,,,,,,,,,,,1,,,,,,,
,,H30,4,,,,,1,,,,,,,,,,,,,,,,,,,,,,,,,,1,,,,,,,3,,,,0,1,,,,,,,,,,,,,,,,,,,,,,,,,,,,,,,,,,,,,,,,,,,,,,,,
,,R3,6,,,,,1,,,,,,,,,,,,,,,,,,,,,,,,,,1,,,,,1,,3,,,,0,1,,,,,,,,,,,,,,,,,,,,,,,,,,,,,,,,,,,1,,,,,,,,,,,,,
,,R6,3,,,,,,,,,,,,,,,,,,,,,,,,,,,,,,,,,,,,1,,2,,,,0,1,,,,,,,,,,,,,,,,,,,,,,,,,,,,,,,,,,,,,,,,,,,,,,,,
36,みくりが池展望台,H21,4,,,,,,,,,,,,,,,,,1,,,,,,,,,,,,,,,,,1,,,,3,,,,0,2,,,,,,,,,,,,,,,,,,,,,,,,,,,,,,,,,,,,,,,,,,1,,,,,,
,,H24,4,,,,,,,,,,,,,,,,,,,,,,,,,,,,,,,1,,,,,,,2,,,,0,1,,,,,,,,,,,,,,,,,,,,,,,,,,,,,,,,1,,,,,,,,,,,,,,,,
,,H27,4,,,,,,,,,,,,,,1,,,,,,,,,,,,,,,,,1,,,,,,,2,,,,0,1,,,,,,,,,,,,,,,,,,,,,,,,,,,,,,,,,,,,,,,,,,,1,1,,,,
,,H30,4,,,,,,,,,,,,,1,1,,,,,,,,,,,,,,,,,,,,,,,,2,,,,0,1,,,,,,,,,,,,,,,,,,,,,,,,,,,,,,,,,,,,,,,,,,,1,,,,,
,,R3,2,,,,,,,,,,,,,,,,,,,,,,,,,,,,,,,,,,,,,,1,,,,0,2,,,,,,,,,,,,,,,,,,,,,,,,,,,,,,,,,,,,,,,,,,,,,,,,
,,r6,4,,,,,,,,,,,,,,,,,,,,,,,,,,,,,,,1,,,,,,,1,,,,0,1,,,,,,,,,,,,,,,,,,,,,,,,,,,,,,,,1,,,,,,,,,,,,,,,,
37,みくりが池遊歩道,H21,5,,,,,1,,,,,,,,,,,,,1,,,,,,,,,,,,,,,,1,,,,3,,,,0,3,,,,,,,,,,,,,,,,,,,,,,,,,,,,,,,,,,,,,,,,,,,,,,,,
,,H24,7,,1,,,,,,,,,,,1,1,,,,1,,,,,,,,,,,,,,,,,,,,2,,,,0,1,,,,,,,,,,,,,,,,,,,,,,,,,,,,,,,,,,1,,,,,,,,,,,,,,
,,H27,6,,1,,,1,,,,,,,,,,,,,1,,,,,,,,,,,,,1,,,,,,,1,,,,0,,,,,,,,,,,,,,,,,,,,,,,,,,,,,,,,,,,1,,,,,,,,,,,,,,
,,H30,6,,1,,,1,,,,,,,,2,1,,,,,,,,,,,,,,,,,,,,,,,,1,,,,0,1,,,,,,,,,,,,,,,,,,,,,,,,,,,,,,,,,,,,,,,,,,,,,,,,
,,R3,8,,,,,1,,,,,,,,1,1,,,,1,,,,,,,,,,,,,1,,,,,,,2,,,,0,1,,,,,,,,,,,,,,,,,,,,,,,,,,,,,1,,,,,,,,,,,,,,,,,,,
,,R6,8,,,,,1,,,,,,,,1,1,,,,1,,,1,,,,,,,,,,1,,,,,,,1,,,,0,1,,,,,,,,,,,,,,,,,,1,,,1,,,,,,,,,,,,,1,,,,,,,,,,,,,,
38,地獄谷への遊歩道,H21,2,,,,,1,,,,,,,,,,,,,,,,,,,,,,,,,,,,,,,,,1,,,,0,,,,,,,,,,,,,,,,,,,,,,,,,,,,,,,,,,,,,,,,,,,,,,,,,
,,H24,0,,,,,,,,,,,,,,,,,,,,,,,,,,,,,,,,,,,,,,,,,,0,,,,,,,,,,,,,,,,,,,,,,,,,,,,,,,,,,,,,,,,,,,,,,,,,
39,室堂山荘遊歩道,H21,3,,,,,,,,,,,,,,,,,,,,,,,,,,,,,,,,,,2,,,,2,,,,0,1,,,,,,,,,,,,,,,,,,,,,,,,,,,,,,,,,,,,,,,,,,,,,,,,
,,H24,7,,,,,1,,,,,,,,1,,,,,,,,,,,,,,,,,,1,,,,,,,2,,,,0,1,,,,,,,,,,,,,,,,,,,,,1,,,,,,,,,,,,,1,,,,,,,,,,,,,,
,,H27,6,,,,,1,,,,,,,,,,,,,,,,,,,,,,,,,,1,,,,,,,2,,,,0,1,,,,,,,,,,,,,,,,,,,,,1,,,,,,,,,,,,,,1,,,,,,,,,1,,,,
,,H30,5,,,,,1,,,,,,,,,,,,,,,,,,,,,,,,,,1,,,,,,,1,,,,0,1,,,,,,,,,,,,,,,,,,,,,1,,,,,,,,,,,,,,,,,,,,,,,,,,,
,,R3,6,,,,,1,,,,,,,,1,,,,,,,,,,,,,,,,,,1,,,,,,,1,,,,0,1,,,,,,,,,,,,,,,,,,,,,1,,,,,,,,,,,,,,,,,,,,,,,,,,,
,,R6,5,,,,,1,,,,,,,,,,,,,,,,,,,,,,,,,,1,,,,,,,1,,,,0,1,,,,,,,,,,,,,,,,,,,,,1,,,,,,,,,,,,,,,,,,,,,,,,,,,
40,室堂山荘遊歩道,H21,5,,,,,2,,,,,,,,,,,,1,,,,,,,,,,,,,,,,,2,,1,,3,,,,0,,,,,,,,,,,,,,,,,,,,,,,,,,,,,,,,,,,,,,,,,,,,,,1,,,
,,H24,6,,,,,2,,,,,,,,1,,,,,,,,,,,,,,,,,,,,,,,1,,1,,,,0,1,,,,,,,,,,,,,,,,,,,,,,,,,,,,,,,,,,1,,,,,,,,,,,,,,
,,H27,3,,,,,2,,,,,,,,,,,,,,,,,,,,,,,,,,,,,,,1,,1,,,,0,,,,,,,,,,,,,,,,,,,,,,,,,,,,,,,,,,,,,,,,,,,,,,,,,
,,H30,3,,,,,1,,,,,,,,,,,,1,,,,,,,,,,,,,,,,,,,,,1,,,,0,,,,,,,,,,,,,,,,,,,,,,,,,,,,,,,,,,,,,,,,,,,,,,,,,
,,R3,4,,,,,1,,,,,,,,,,,,,,,,,,,,,,,,,,1,,,,,,,1,,,,0,,,,,,,,,,,,,,,,,,,,,,,,,,,,,,,,,,,,,1,,,,,,,,,,,,
,,R6,7,,,1,,1,,,,,,,,,,,,,,,,,,,,,,,,,,1,,,,,1,,1,,,,0,1,,,,,,,,,,,,,,,,,,,,,,,,,,,,,1,,,,,,,,,,,,,,,,,,,
41,室堂山荘横,H21,4,,,,,1,,,,,,,,,1,,,,,,,,,,,,,,,,,,,,1,,,,3,,,,0,,,,,,,,,,,,,,,,,,,,,,,,,,,,,,,,,,,,,,,,,,,,,,,,,
,,H24,4,,,,,1,,,,,,,,1,,,,,,,,,,,,,,,,,,,,,,,,,3,,,,0,,,,,,,,,,,,,,,,,,,,,,,,,,,,,,,,,,,1,,,,,,,,,,,,,,
,,H27,2,,,,,,,,,,,,,,,,,,,,,,,,,,,,,,,1,,,,,,,3,,,,0,,,,,,,,,,,,,,,,,,,,,,,,,,,,,,,,,,,,,,,,,,,,1,,,,,
,,H30,3,,,,,1,,,,,,,,,,,,,,,,,,,,,,,,,,1,,,,,,,3,,,,0,,,,,,,,,,,,,,,,,,,,,,,,,,,,,,,,,,,,,,,,,,,,,,,,,
,,R3,4,,,,,,,,,,,,,1,,,,,1,,,,,,,,,,,,,,,,,,,,3,,,,0,1,,,,,,,,,,,,,,,,,,,,,,,,,,,,,,,,,,,,,,,,,,,,,,,,
,,R6,3,,,,,1,,,,,,,,,,,,,,,,,,,,,,,,,,,,,,,,,3,,,,0,,,,,,,,,,,,,,,,,,,,,,,,,,,,,,,,,,,,1,,,,,,,,,,,,,
42,玉殿岩屋への道,H21,2,,,,,,,,,,,,,,,,,,,,,,,,,,,,,,,,,,,,2,,,,,,0,3,,,,,,,,,,,,,,,,,,,,,,,,,,,,,,,,,,,,,,,,,,,,,,,,
,,H24,1,,,,,,,,,,,,,,,,,,,,,,,,,,,,,,,,,,,,,,1,,,,0,,,,,,,,,,,,,,,,,,,,,,,,,,,,,,,,,,,,,,,,,,,,,,,,,
,,H27,1,,,,,,,,,,,,,,,,,,,,,,,,,,,,,,,,,,,,,,1,,,,0,,,,,,,,,,,,,,,,,,,,,,,,,,,,,,,,,,,,,,,,,,,,,,,,,
,,H30,0,,,,,,,,,,,,,,,,,,,,,,,,,,,,,,,,,,,,,,,,,,0,,,,,,,,,,,,,,,,,,,,,,,,,,,,,,,,,,,,,,,,,,,,,,,,,
,,R3,2,,,,,,,,,,,,,,,,,,,,,,,,,,,,,,,,,,,,,,1,,,,0,1,,,,,,,,,,,,,,,,,,,,,,,,,,,,,,,,,,,,,,,,,,,,,,,,
,,R6,1,,,,,,,,,,,,,,,,,,,,,,,,,,,,,,,,,,,,,,,,,,0,1,,,,,,,,,,,,,,,,,,,,,,,,,,,,,,,,,,,,,,,,,,,,,,,,
43,エンマ台,H21,6,,,,,3,,,,,,,,,,,,,2,1,,,,,,,,,,,,,,,,,,,3,,,,0,1,,,,,,,,,,,,,,3,,,,,,,,,,,,,,,,,,,,,,,,,,,,,,,,,,
,,H24,5,,,,,2,,,,,,,,,,,,,,1,,,,,,,,,,,,,,,,,,,3,,,,0,,,,,,,,,,,,,,,1,,,,,,,,,,,,,,,,,,,,1,,,,,,,,,,,,,,
,,H27,5,,,,,2,,,,,,,,,,,,,,1,,,,,,,,,,,,1,,,,,,,1,,,,0,,,,,,,,,,,,,,,1,,,,,,,,,,,,,,,,,,,,,,,,,,,,,,,,,,
,,H30,6,,,,,2,,,,,1,,,2,,,,,,1,,,,,,,,,,,,,,,,,,,1,,,,0,,,,,,,,,,,,,,,,,,,,1,,,,,,,,,,,,,,,,,,,,,,,,,,,,,
,,R3,6,,,,,1,,,,,,,,2,,,,,,,,,,,,,,,,,,1,,,,,,,2,,,,0,1,,,,,,,,,,,,,,,,,,,1,,,,,,,,,,,,,,,,,,,,,,,,,,,,,
,,R6,6,,,,,1,,,,,,,,2,,,,,,,,,,,,,,,,,,1,,,,,,,2,,,,0,,,,,,,,,,,,,,,1,,,,,,,,,,,,,,,,,,,,,1,,,,,,,,,,,,,
44,みくりが池遊歩道,H21,9,,,,,2,,,,,,1,,2,1,,,3,2,,,,,,,,,,,,,,,,,,,,2,,,,0,,,,,,,,,,,,,,,3,,,,,,,,,,,1,,,,,,,,,,,,,,,,,,,,,,,
,,H24,8,,,,,1,,,,,,,,2,,,,3,1,,,,,,,,,,,,,,,,,,,,2,,,,0,,,,,,,,,,,,,,,1,,,,,,,,,,,1,,,,,,,,,3,,,,,,,,,,,,,,
,,H27,8,,,,,,,,,,,,,2,,,,3,1,,,,,,,,,,,,,1,,,,,,,1,,,,0,,,,,,,,,,,,,,,,,,,,1,,,,,,1,,,,,,,,,,1,,,,,,,,,,,,,
,,H30,8,,,,,2,,,,,,,,2,1,,,2,,,,,,,,,,,,,,,,,,,,,1,,,,0,,,,,,,,,,,,,,,,,,,,1,,,,,,1,,,,,,,,,,2,,,,,,,,,,,,,
,,R3,9,,,,,2,,,,,,,,2,1,,,1,,,,,,,,,,,,,,1,,,,,,,2,,,,0,,,,,,,,,,,,,,,,,,,,1,,,,,,1,,,,,,,,,,1,,,,,,,,,,,,,
,,R6,6,,,,,1,,,,,,,,2,,,,,,,,,,,,,,,,,,1,,,,,,,2,,,,0,,,,,,,,,,,,,,,,,,,,,,,,,,1,,,,,,,,,,1,,,,,,,,,,,,,
45,ミドリガ池遊歩道,H21,8,,,,,,,,,,1,,,,1,,,1,,,,,,,,,,,,,,,,,1,,,,2,,,,0,1,,,,,,,,,,,,,,1,,,,,,,,,,,2,,,,,,,,,,,,,,,,,,,,1,,,
,,H24,4,,,,,,,,,,,,,,,,,,1,,,,,,,,,,,,,,,,,,,,2,,,,0,,,,,,,,,,,,,,,1,,,,,,,,,,,1,,,,,,,,,,,,,,,,,,,,,,,
,,H27,8,,,,,,,,,,,,,1,,,,,1,,,,,1,,,,,,,,1,,,,,,,2,,,,0,,,,,,,,,,,,,,,1,,,,,,,,,,,1,,,,,,,,,,1,,,,,,,,,,,,,
,,H30,9,,,,,1,,,,,,,,1,,,,1,1,,,,,,,,,,,,,1,,,,,,,2,,,,0,1,,,,,,,,,,,,,,,,,,,1,,,,,,1,,,,,,,,,,,,,,,,,,,,,,,
,,R3,10,,,,,1,,,,,,,,1,1,,,1,1,,,,,,,,,,,,,1,,,,,,,2,,,,0,1,,,,,,,,,,,,,,,,,,,1,,,,,,1,,,,,,,,,,,,,,,,,,,,,,,
,,R6,11,,,1,,1,,,,,,,,1,1,,,1,1,,,,,,,,,,,,,1,,,,,,,2,,,,0,1,,,,,,,,,,,,,,,,,,,1,,,,,,1,,,,,,,,,,,,,,,,,,,,,,,
46,ミドリガ池広場,H21,4,,,,,,,,,,1,,,,,,,1,,,,,,,,,,,,,,,,,,,,,2,,,,0,,,,,,,,,,,,,,,1,,,,,,,,,,,,,,,,,,,,,,,,,,,,,,,,,,
,,H24,4,,,,,,,,,,,,,,,,,1,,,,,,,,,,,,,,1,,,,,,,2,,,,0,,,,,,,,,,,,,,,,,,,,,,,,,,,,,,,,,,,1,,,,,,,,,,,,,,
,,H27,7,,,,,,,,,,1,,1,,,,,1,,,,,,,,,,,,,,1,,,,,,,2,,,,0,,,,,,,,,,,,,,,,,,,,,,,,,,,,,,,,1,,,,1,,,,,,,,,,,,,
,,H30,7,,,,,,,,,,1,,1,,,,,1,,,,,,,,,,,,,,1,,,,,,,1,,,,0,,,,,,,,,,,,,,,,,,,,,,,,,,,,,,,,2,,,,1,,,,,,,,,,,,,
,,R3,5,,,,,,,,,,,,1,,,,,1,,,,,,,,,,,,,,1,,,,,,,1,,,,0,,,,,,,,,,,,,,,,,,,,,,,,,,,,,,,,1,,,,,,,,,,,,,,,,,
,,R6,5,,,,,,,,,,1,,1,,,,,1,,,,1,,,,,,,,,,1,,,,,,,1,,,,0,,,,,,,,,,,,,,,,,,,,,,,,,,,,,,,,2,,,,,,,,,,,,,,,,,
,,,,,,,,,,,,,,,,,,,,,,,,,,,,,,,,,,,,,,,,,,,,,0,,,,,,,,,,,,,,,,,,,,,,,,,,,,,,,,,,,,,,,,,,,,,,,,,
51,弥陀ヶ原ホテルと 休憩所の中間地点,H25,1,,,,,,,,,,,,,,,,,,,,,,,,,,,,,,,3,,,,,,,,,,,0,,,,,,,,,,,,,,,,,,,,,,,,,,,,,,,,,,,,,,,,,,,,,,,,,
,,H26,1,,,,,,,,,,,,,,,,,,,,,,,,,,,,,,,2,,,,,,,,,,,0,,,,,,,,,,,,,,,,,,,,,,,,,,,,,,,,,,,,,,,,,,,,,,,,,
,,H27,2,,,,,,,,,,,,,,,,,,,,,,,,,,,,,,,1,,,,,,,,,,,0,,,,1,,,,,,,,,,,,,,,,,,,,,,,,,,,,,,,,,,,,,,,,,,,,,
,,H28,2,,,,,,,,,,,,,,,,,,,,,,,,,,,,,,,1,,,,,,,,,,,0,,,,1,,,,,,,,,,,,,,,,,,,,,,,,,,,,,,,,,,,,,,,,,,,,,
,,H29,2,,,,,,,,,,,,,,,,,,,,,,,,,,,,,,,2,,,,,,,,,,,0,,,,1,,,,,,,,,,,,,,,,,,,,,,,,,,,,,,,,,,,,,,,,,,,,,
,,H30,2,,,,,,,,,,,,,,,,,,,,,,,,,,,,,,,2,,,,,,,,,,,0,,,,1,,,,,,,,,,,,,,,,,,,,,,,,,,,,,,,,,,,,,,,,,,,,,
,,R1,2,,,,,,,,,,,,,,,,,,,,,,,,,,,,,,,1,,,,,,,,,,,0,,,,1,,,,,,,,,,,,,,,,,,,,,,,,,,,,,,,,,,,,,,,,,,,,,
,,R2,2,,,,,,,,,,,,,,,,,,,,,,,,,,,,,,,1,,,,,,,,,,,0,,,,,,,,,,,,,,,,,,,1,,,,,,,,,,,,,,,,,,,,,,,,,,,,,,
,,R3,3,,,,,,,,,,,,,,,,,,,,,,,,,,,,,,,2,,,,,,,,,,,0,,,,1,,,,,,,,,,,,,,,1,,,,,,,,,,,,,,,,,,,,,,,,,,,,,,
,,R4,2,,,,,,,,,,,,,,,,,,,,,,,,,,,,,,,1,,,,,,,,,,,0,,,,1,,,,,,,,,,,,,,,,,,,,,,,,,,,,,,,,,,,,,,,,,,,,,
,,R5,3,,,,,,,,,,,,,,,,,,,,,,,,,,,,,,,1,,,,,,,,,,,0,,,,1,,,,,,,,,,,,,,,1,,,,,,,,,,,,,,,,,,,,,,,,,,,,,,
,,R6,2,,,,,,,,,,,,,,,,,,,,,,,,,,,,,,,1,,,,,,,,,,,0,,,,1,,,,,,,,,,,,,,,,,,,,,,,,,,,,,,,,,,,,,,,,,,,,,
,,R7,2,,,,,,,,,,,,,,,,,,,,,,,,,,,,,,,2,,,,,,,,,,,0,,,,1,,,,,,,,,,,,,,,,,,,,,,,,,,,,,,,,,,,,,,,,,,,,,
52,ガキの広場上部,H25,2,,,,,2,,,,,,,,,,,,,,,,,,,,,,,,,,1,,,,,,,,,,,0,,,,,,,,,,,,,,,,,,,,,,,,,,,,,,,,,,,,,,,,,,,,,,,,,
,,H26,10,,,,,2,1,,,,1,,1,,1,,,,,,,,,,,,,,,,,3,,,,,,,1,,,,0,,4,,,,,,1,,,,,,,,,,,,,,,,,,,,,,,,,,,,1,,,,,,,,1,,,,,
,,H27,10,,,,,3,1,,,,1,,1,,1,,,,,,,,,,,,,,,,,2,,,,,1,,1,,,,0,,4,,,,,,,,,,,,,,,,,,,,,,,2,,,,,,,,,,,,,,,,,,,,,,,,
,,H28,10,,,,,2,1,,,,,,1,,1,,,,,,,,,,,,,,,,,2,,,,,1,,1,,,,0,,3,,,,,,,,,,,,,,,,,,,,,,,2,,,,,,,,,,,1,,,,,,,,,,,,,
,,H29,9,,,,,2,,,,,,,1,,1,,,,,,,,,,,,,,,,,2,,,,,1,,1,,,,0,,2,,,,,,,,,,,,,,,,,,,,,,,2,,,,,,,,,,,1,,,,,,,,,,,,,
,,H30,10,,,,,2,1,,,,,,1,,1,,,,,,,,,,,,,,,,,3,,,,,1,,,,,,0,,2,,,,,,,,,,,,,,,,,,1,,,,,2,,,,,,,,,,,1,,,,,,,,,,,,,
,,R1,12,,,,,2,1,,,,,,1,,1,,,,,,,,,,,,,,,,,3,,,,,1,,1,,,,0,,2,,,,,,2,,,,,,,,,,,,2,,,,,3,,,,,,,,,,,1,,,,,,,,,,,,,
,,R2,16,,,,,2,1,,,,2,,,,1,,,1,2,,,,,,,,,,,,,2,,1,,,1,,1,,,,0,,1,,1,,,,2,,,,,,,,,,,,2,,,,,2,,,,,,,,,,,2,,,,,,,,,,,,,
,,R3,16,,,,,2,1,,,,1,,,,1,,,,1,,,,,,,,,,,,,3,,1,,,1,,1,,1,,1,,1,,1,,,,1,,,,,,,,,,,,1,,,,,1,,,,,,,,,,,2,,,,,,,,,,,,,
,,R4,18,,,,,2,1,,,,1,,,,1,,,1,1,,,,,,,,,,,,,3,,1,,,1,,1,,,,0,,,,1,,1,,1,,1,,,,,,,,,,1,,,,,1,,,,,,,,,,1,1,,,,,,,,,,,,,
,,R5,17,,,,,2,1,,,,1,,,,1,,,1,,,,,,,,,,,,,,2,,1,,,1,1,1,,,,0,,,,1,,1,,1,,1,,,,,,,,,,1,,,,,2,,,,,,,,,,,1,,,,,,,,,,,,,
,,R6,18,,,,,2,1,,,,1,,,,1,,,1,1,,,,,1,,,,,,,,2,,1,,,1,1,1,,,,0,,,,1,,1,,1,,1,,,,,,,,,,,,,,,1,,,,,,,,,,,1,,,,,,,,,,,,,
,,R7,18,,,,,2,1,,,,1,,,,1,,,1,,,,,,1,,,,,,,,2,,1,,,1,1,1,,1,,1,,,,1,,1,,1,,,,,,,,,,,,1,,,,,1,,,,,,,,,,,1,,,,,,,,,,,,,
53,ガキの広場下部,H25,3,,,,,2,,,,,,,,,1,,,,,,,,,,,,,,,,,1,,,,,,,,,,,0,,,,,,,,,,,,,,,,,,,,,,,,,,,,,,,,,,,,,,,,,,,,,,,,,
,,H26,8,,,,,2,,,,,1,,,,1,,,,,,,,,,,,,,,,,3,,,,,,,1,,,,0,,4,,,,,,,,,,,,,,,,,,,,,,1,,,,,,,,,,,,1,,,,,,,,,,,,,
,,H27,6,,,,,2,,,,,,,,,1,,,,,,,,,,,,,,,,,4,,,,,,,1,,,,0,,4,,,,,,,,,,,,,,,,,,,,,,,3,,,,,,,,,,,,,,,,,,,,,,,,
,,H28,11,,,,,2,,,,,2,,,,2,,,1,3,,,,,,,,,,,,,2,,2,,,,,1,,,,0,,3,,,,,,,,,,,,,,,,,,,,,,,2,,,,,,,,,,,1,,,,,,,,,,,,,
,,H29,11,,,,,2,,,,,,,,,1,,,1,2,,,,,,,,,,,,,2,,1,,,,,1,,,,0,,3,,,,,,1,,,,,,,,,,,,,,,,,1,,,,,,,,,,,1,,,,,,,,,,,,,
,,H30,13,,,,,2,,,,,1,,,,1,,,1,2,,,,,,,,,,,,,3,,1,,,,1,1,,,,0,,2,,,,,,1,,,,,,,,,,,,,,,,,1,,,,,,,,,,,1,,,,,,,,,,,,,
,,R1,16,,,,,2,,,,,1,,,,1,,,1,1,,,,,,,,,,,,,3,,2,,,,1,1,,,,0,,2,,,,,,1,,1,,,,,,,,,1,2,,,,,2,,,,,,,,,,,1,,,,,,,,,,,,,
,,R2,18,,,,,2,1,,,,,,,,2,,,2,1,,,,1,1,,,,,,,,3,,,,,,1,1,,,,0,,1,,,,,,1,,1,,,,,,,,,1,2,1,,,,1,,,,,,,,,,,1,,,,,,,,,,,,,
,,R3,12,,,,,1,,,,,,,,,1,,,1,1,,,,1,,,,,,,,,2,,,,,,,1,,,,0,,1,,,,,,,,,,,,,,,,,,1,1,,,,1,,,,,,,,,,,1,,,,,,,,,,,,,
,,R4,14,,,,,2,,,,,,,,,1,,,1,1,,,,1,,,,,,,,,2,,,,,,1,1,,,,0,,1,,,,,,,,1,,,,,,,,,,1,1,,,,1,,,,,,,,,,,1,,,,,,,,,,,,,
,,R5,12,,,,,1,,,,,,,,,1,,,1,1,,,,1,,,,,,,,,1,,,,,,,1,,,,0,,1,,,,,,,,1,,,,,,,,,,1,,,,,2,,,,,,,,,,,1,,,,,,,,,,,,,
,,R6,12,,,,,1,,,,,,,,,1,,,1,2,,,,1,,,,,,,,,1,,,,,,,1,,,,0,,1,,,,,,,,1,,,,,,,,,,1,,,,,1,,,,,,,,,,,1,,,,,,,,,,,,,
,,R7,14,,,,,1,,,,,,,,,1,,,1,1,,,,1,,,,,,,,,2,,,,,,,1,,,,0,1,1,,,,,,,,1,,,,,,,,,,1,,,1,,1,,,,,,,,,,,1,,,,,,,,,,,,,
54,弥陀ヶ原遊歩道内回り分岐点,H25,1,,,,,2,,,,,,,,,,,,,,,,,,,,,,,,,,,,,,,,,,,,,,,,,,,,,,,,,,,,,,,,,,,,,,,,,,,,,,,,,,,,,,,,,,,,,,
,,H26,1,,,,,1,,,,,,,,,,,,,,,,,,,,,,,,,,,,,,,,,,,,,,,,,,,,,,,,,,,,,,,,,,,,,,,,,,,,,,,,,,,,,,,,,,,,,,
,,H27,1,,,,,1,,,,,,,,,,,,,,,,,,,,,,,,,,,,,,,,,,,,,,,,,,,,,,,,,,,,,,,,,,,,,,,,,,,,,,,,,,,,,,,,,,,,,,
,,H28,1,,,,,1,,,,,,,,,,,,,,,,,,,,,,,,,,,,,,,,,,,,,,,,,,,,,,,,,,,,,,,,,,,,,,,,,,,,,,,,,,,,,,,,,,,,,,
,,H29,1,,,,,1,,,,,,,,,,,,,,,,,,,,,,,,,,,,,,,,,,,,,,,,,,,,,,,,,,,,,,,,,,,,,,,,,,,,,,,,,,,,,,,,,,,,,,
,,H30,2,,,,,1,,,,,,,,,,,,,,,,,,,,,,,,,,1,,,,,,,,,,,,,,,,,,,,,,,,,,,,,,,,,,,,,,,,,,,,,,,,,,,,,,,,,,,,
,,R1,2,,,,,1,,,,,,,,,,,,,,,,,,,,,,,,,,1,,,,,,,,,,,,,,,,,,,,,,,,,,,,,,,,,,,,,,,,,,,,,,,,,,,,,,,,,,,,
,,R2,1,,,,,,,,,,,,,,,,,,,,,,,,,,,,,,,1,,,,,,,,,,,,,,,,,,,,,,,,,,,,,,,,,,,,,,,,,,,,,,,,,,,,,,,,,,,,
,,R3,1,,,,,,,,,,,,,,,,,,,,,,,,,,,,,,,1,,,,,,,,,,,,,,,,,,,,,,,,,,,,,,,,,,,,,,,,,,,,,,,,,,,,,,,,,,,,
,,R4,1,,,,,,,,,,,,,,,,,,,,,,,,,,,,,,,1,,,,,,,,,,,,,,,,,,,,,,,,,,,,,,,,,,,,,,,,,,,,,,,,,,,,,,,,,,,,
,,R5,1,,,,,,,,,,,,,,,,,,,,,,,,,,,,,,,1,,,,,,,,,,,,,,,,,,,,,,,,,,,,,,,,,,,,,,,,,,,,,,,,,,,,,,,,,,,,
,,R6,1,,,,,,,,,,,,,,,,,,,,,,,,,,,,,,,1,,,,,,,,,,,,,,,,,,,,,,,,,,,,,,,,,,,,,,,,,,,,,,,,,,,,,,,,,,,,
,,R7,1,,,,,,,,,,,,,,,,,,,,,,,,,,,,,,,1,,,,,,,,,,,,,,,,,,,,,,,,,,,,,,,,,,,,,,,,,,,,,,,,,,,,,,,,,,,,
55,弥陀ヶ原遊歩道T字路,H25,1,,,,,,,,,,,,,,,,,,,,,,,,,,,,,,,1,,,,,,,,,,,,,,,,,,,,,,,,,,,,,,,,,,,,,,,,,,,,,,,,,,,,,,,,,,,,
,,H26,0,,,,,,,,,,,,,,,,,,,,,,,,,,,,,,,,,,,,,,,,,,,,,,,,,,,,,,,,,,,,,,,,,,,,,,,,,,,,,,,,,,,,,,,,,,,
,,H27,0,,,,,,,,,,,,,,,,,,,,,,,,,,,,,,,,,,,,,,,,,,,,,,,,,,,,,,,,,,,,,,,,,,,,,,,,,,,,,,,,,,,,,,,,,,,
,,H28,1,,,,,,,,,,,,,,,,,,,,,,,,,,,,,,,,,,,,,,,,,,,,,,,,,,,,,,,,,,,,,,,,,,,,,,1,,,,,,,,,,,,,,,,,,,,,
,,H29,1,,,,2,,,,,,,,,,,,,,,,,,,,,,,,,,,,,,,,,,,,,,,,,,,,,,,,,,,,,,,,,,,,,,,,,,,,,,,,,,,,,,,,,,,,,,,
,,H30,1,,,,2,,,,,,,,,,,,,,,,,,,,,,,,,,,,,,,,,,,,,,,,,,,,,,,,,,,,,,,,,,,,,,,,,,,,,,,,,,,,,,,,,,,,,,,
,,R1,1,,,,2,,,,,,,,,,,,,,,,,,,,,,,,,,,,,,,,,,,,,,,,,,,,,,,,,,,,,,,,,,,,,,,,,,,,,,,,,,,,,,,,,,,,,,,
,,R2,1,,,,2,,,,,,,,,,,,,,,,,,,,,,,,,,,,,,,,,,,,,,,,,,,,,,,,,,,,,,,,,,,,,,,,,,,,,,,,,,,,,,,,,,,,,,,
,,R3,1,,,,2,,,,,,,,,,,,,,,,,,,,,,,,,,,,,,,,,,,,,,,,,,,,,,,,,,,,,,,,,,,,,,,,,,,,,,,,,,,,,,,,,,,,,,,
,,R4,1,,,,1,,,,,,,,,,,,,,,,,,,,,,,,,,,,,,,,,,,,,,,,,,,,,,,,,,,,,,,,,,,,,,,,,,,,,,,,,,,,,,,,,,,,,,,
,,R5,1,,,,1,,,,,,,,,,,,,,,,,,,,,,,,,,,,,,,,,,,,,,,,,,,,,,,,,,,,,,,,,,,,,,,,,,,,,,,,,,,,,,,,,,,,,,,
,,R6,1,,,,1,,,,,,,,,,,,,,,,,,,,,,,,,,,,,,,,,,,,,,,,,,,,,,,,,,,,,,,,,,,,,,,,,,,,,,,,,,,,,,,,,,,,,,,
,,R7,1,,,,1,,,,,,,,,,,,,,,,,,,,,,,,,,,,,,,,,,,,,,,,,,,,,,,,,,,,,,,,,,,,,,,,,,,,,,,,,,,,,,,,,,,,,,,
