"","階層","種名","form","F2000","F2007","F2013","F2019","f2000","f2007","f2013","f2019","V2000","V2007","V2013","V2019","v2000","v2007","v2013","v2019","集計"
"1","B2","アオダモ","bl",4,68,88,76,"Ⅰ","Ⅳ","Ⅴ","Ⅳ",0.02,0.94,0.832,1,0.894427190999916,24.1826384003069,27.509998182479,28.1140534252889,"*"
"2","B2","アクシバ","bs",0,0,4,4,"-","-","Ⅰ","Ⅰ",0,0,0.04,0.08,0,0,1.26491106406735,1.78885438199983,""
"3","B2","イタヤカエデ","bl",20,40,68,56,"Ⅰ","Ⅱ","Ⅳ","Ⅲ",0.12,0.26,0.316,0.192,4.89897948556636,10.1980390271856,16.4924225024706,12.5219806739988,"*"
"4","B2","ウリハダカエデ","bl",44,92,92,100,"Ⅲ","Ⅴ","Ⅴ","Ⅴ",0.22,4,2.292,2.936,9.83869910099907,51.4742654148653,39.314119600978,45.6070170039655,"*"
"5","B2","ウワミズザクラ","bl",76,64,80,92,"Ⅳ","Ⅳ","Ⅳ","Ⅴ",2.76,2.02,1.96,2.436,45.7995633166955,32.5944780599414,37.5233260785874,43.9545219516718,"*"
"6","B2","エゾユズリハ","bs",4,4,8,4,"Ⅰ","Ⅰ","Ⅰ","Ⅰ",0.02,0.02,0.08,0.08,0.894427190999916,0.894427190999916,2.5298221281347,1.78885438199983,"*"
"7","B2","オオイタヤメイゲツ","bl",0,0,12,0,"-","-","Ⅰ","-",0,0,0.28,0,0,0,5.3665631459995,0,""
"8","B2","オオカメノキ","bs",100,96,100,100,"Ⅴ","Ⅴ","Ⅴ","Ⅴ",5.24,13.84,15.92,23.76,72.3878442834154,68.1645068932505,71.2741187248218,72.9383301152419,"*"
"9","B2","オオバクロモジ","bs",96,96,100,100,"Ⅴ","Ⅴ","Ⅴ","Ⅴ",4,6.48,6.08,9.52,61.9677335393187,60.0799467376595,56.5685424949238,63.5609943282828,"*"
"10","B2","クサアジサイ","bs",8,12,4,0,"Ⅰ","Ⅰ","Ⅰ","-",0.06,0.56,0.02,0,2.19089023002066,6.57267069006199,0.894427190999916,0,""
"11","B2","クロウスゴ","bs",0,0,4,4,"-","-","Ⅰ","Ⅰ",0,0,0.02,0.02,0,0,0.894427190999916,0.894427190999916,""
"12","B2","コシアブラ","bl",24,56,84,88,"Ⅱ","Ⅲ","Ⅴ","Ⅴ",0.14,0.44,1.096,2.236,5.79655069847578,15.6971334962789,30.1197609552267,37.989472225868,"*"
"13","B2","コマユミ","bs",60,20,44,60,"Ⅲ","Ⅰ","Ⅲ","Ⅲ",1.52,0.1,0.172,0.208,30.199337741083,4.47213595499958,9.83869910099907,13.4164078649987,"*"
"14","B2","サワフタギ","bs",24,32,32,40,"Ⅱ","Ⅱ","Ⅱ","Ⅱ",0.92,1.98,1.2,1.6,14.8593404968054,19.0997382181013,16.7809415707224,20.591260281974,"*"
"15","B2","スノキ","bs",0,4,4,0,"-","Ⅰ","Ⅰ","-",0,0.04,0.04,0,0,1.26491106406735,1.26491106406735,0,""
"16","B2","タカノツメ","bl",0,0,4,0,"-","-","Ⅰ","-",0,0,0.004,0,0,0,0.894427190999916,0,""
"17","B2","タニウツギ","bs",0,4,8,4,"-","Ⅰ","Ⅰ","Ⅰ",0,0.08,0.2,0.02,0,1.78885438199983,4,0.894427190999916,""
"18","B2","タムシバ","bs",0,4,12,20,"-","Ⅰ","Ⅰ","Ⅰ",0,0.02,0.14,0.188,0,0.894427190999916,4.09878030638384,6.32455532033676,""
"19","B2","ツノハシバミ","bs",40,24,28,16,"Ⅱ","Ⅱ","Ⅱ","Ⅰ",0.3,0.12,0.16,0.26,10.9544511501033,5.3665631459995,7.48331477354788,6.44980619863884,"*"
"20","B2","ツリバナ","bs",0,16,36,44,"-","Ⅰ","Ⅱ","Ⅲ",0,0.12,0.336,0.224,0,4.38178046004133,11.3841995766062,10.6957935656967,""
"21","B2","トチノキ","bl",4,40,56,68,"Ⅰ","Ⅱ","Ⅲ","Ⅳ",0.02,0.22,0.248,0.236,0.894427190999916,9.38083151964686,12.9614813968157,15.2052622469986,"*"
"22","B2","ナナカマド","bs",4,40,40,44,"Ⅰ","Ⅱ","Ⅱ","Ⅲ",0.02,0.26,0.34,0.476,0.894427190999916,10.1980390271856,12.328828005938,14.8323969741913,"*"
"23","B2","ノリウツギ","bs",20,28,40,36,"Ⅰ","Ⅱ","Ⅱ","Ⅱ",0.2,0.32,0.44,0.48,6.32455532033676,9.46572765295939,13.2664991614216,13.145341380124,"*"
"24","B2","ハイイヌガヤ","cs",48,48,56,60,"Ⅲ","Ⅲ","Ⅲ","Ⅲ",0.6,2.06,0.596,1.032,16.9705627484771,24.9799919935936,18.0222085217101,23.2379000772445,"*"
"25","B2","ハウチワカエデ","bl",0,0,0,8,"-","-","-","Ⅰ",0,0,0,0.084,0,0,0,2.82842712474619,""
"26","B2","ハリギリ","bl",0,4,0,0,"-","Ⅰ","-","-",0,0.24,0,0,0,2.5298221281347,0,0,""
"27","B2","ヒメアオキ","bs",48,60,84,88,"Ⅲ","Ⅲ","Ⅴ","Ⅴ",1.44,2.3,2.34,2.016,26.290682760248,32.6802692767364,39.9499687108763,39.1305507244659,"*"
"28","B2","ブナ","bl",60,76,92,100,"Ⅲ","Ⅳ","Ⅴ","Ⅴ",3.08,9.06,6.34,5.84,42.9883705204093,50.9823498869952,50.9352530179246,51.5751878329105,"*"
"29","B2","ホオノキ","bl",8,20,24,32,"Ⅰ","Ⅰ","Ⅱ","Ⅱ",0.06,0.44,0.84,0.56,2.19089023002066,8.94427190999916,12,12.3935467078637,"*"
"30","B2","マユミ","bs",56,0,0,8,"Ⅲ","-","-","Ⅰ",1.74,0,0,0.024,31.2153808242027,0,0,1.78885438199983,""
"31","B2","ミズキ","bl",96,12,28,20,"Ⅴ","Ⅰ","Ⅱ","Ⅰ",2.66,0.08,0.128,0.3232,50.533157431532,3.09838667696593,6.26099033699941,7.48331477354788,"*"
"32","B2","メイゲツカエデ","bl",4,40,56,60,"Ⅰ","Ⅱ","Ⅲ","Ⅲ",0.02,1.9,1.724,1.148,0.894427190999916,22.4499443206436,26.9814751264641,24.9799919935936,"*"
"33","B2","ヤマアジサイ","bs",0,4,4,4,"-","Ⅰ","Ⅰ","Ⅰ",0,0.02,0.02,0.008,0,0.894427190999916,0.894427190999916,0.894427190999916,""
"34","B2","ヤマウルシ","bs",20,64,72,72,"Ⅰ","Ⅳ","Ⅳ","Ⅳ",0.22,1.6,1.66,1.74,6.6332495807108,30.3578655376164,31.5214212877529,31.2921715449727,"*"
"35","B2","ヤマモミジ","bl",0,16,28,24,"-","Ⅰ","Ⅱ","Ⅱ",0,0.46,0.372,0.416,0,7.79743547584717,10.3150375665821,10.0399203184089,""
"36","C","アカミノルイヨウショウマ","h",8,0,0,0,"Ⅰ","-","-","-",0.04,0,0,0,1.78885438199983,0,0,0,""
"37","C","イボタノキ","ds",0,0,4,4,"-","-","Ⅰ","Ⅰ",0,0,0.008,0.012,0,0,0.894427190999916,0.894427190999916,""
"38","C","ウド","h",0,4,0,0,"-","Ⅰ","-","-",0,0.02,0,0,0,0.894427190999916,0,0,""
"39","C","ウメガサソウ","h",0,4,0,0,"-","Ⅰ","-","-",0,0.02,0,0,0,0.894427190999916,0,0,""
"40","C","エンレイソウ","h",0,12,4,24,"-","Ⅰ","Ⅰ","Ⅱ",0,0.06,0.02,0.076,0,2.68328157299975,0.894427190999916,5.3665631459995,""
"41","C","オオバユキザサ","h",0,8,4,4,"-","Ⅰ","Ⅰ","Ⅰ",0,0.1,0.02,0.02,0,2.82842712474619,0.894427190999916,0.894427190999916,""
"42","C","オシダ","f",8,28,24,24,"Ⅰ","Ⅱ","Ⅱ","Ⅱ",0.04,0.24,0.2,0.148,1.78885438199983,8.19756061276768,6.92820323027551,6.19677335393187,"*"
"43","C","カメバヒキオコシ","h",16,16,20,20,"Ⅰ","Ⅰ","Ⅰ","Ⅰ",0.14,0.1,0.148,0.228,4.73286382647969,4,5.65685424949238,6.92820323027551,"*"
"44","C","ギンリョウソウ","h",0,4,4,4,"-","Ⅰ","Ⅰ","Ⅰ",0,0.02,0.02,0.02,0,0.894427190999916,0.894427190999916,0.894427190999916,""
"45","C","クルマバソウ","h",0,4,0,0,"-","Ⅰ","-","-",0,0.02,0,0,0,0.894427190999916,0,0,""
"46","C","クルマバハグマ","h",0,0,4,4,"-","-","Ⅰ","Ⅰ",0,0,0.02,0.02,0,0,0.894427190999916,0.894427190999916,""
"47","C","コイワカガミ","h",20,0,4,0,"Ⅰ","-","Ⅰ","-",0.32,0,0.02,0,8,0,0.894427190999916,0,""
"48","C","コカンスゲ","h",92,0,4,0,"Ⅴ","-","Ⅰ","-",4.12,0,0.04,0,61.5662245066238,0,1.26491106406735,0,""
"49","C","サカゲイノデ","f",0,8,4,4,"-","Ⅰ","Ⅰ","Ⅰ",0,0.04,0.08,0.02,0,1.78885438199983,1.78885438199983,0.894427190999916,""
"50","C","サラシナショウマ","h",0,4,0,0,"-","Ⅰ","-","-",0,0.02,0,0,0,0.894427190999916,0,0,""
"51","C","サワダツ","ds",0,0,16,4,"-","-","Ⅰ","Ⅰ",0,0,0.08,0.02,0,0,3.57770876399966,0.894427190999916,""
"52","C","サンカヨウ","h",0,4,0,4,"-","Ⅰ","-","Ⅰ",0,0.02,0,0.02,0,0.894427190999916,0,0.894427190999916,""
"53","C","シノブカグマ","f",0,12,20,4,"-","Ⅰ","Ⅰ","Ⅰ",0,0.06,0.12,0.06,0,2.68328157299975,4.89897948556636,1.26491106406735,""
"54","C","ジュウモンジシダ","f",0,4,4,0,"-","Ⅰ","Ⅰ","-",0,0.02,0.02,0,0,0.894427190999916,0.894427190999916,0,""
"55","C","シラネアオイ","h",0,4,4,4,"-","Ⅰ","Ⅰ","Ⅰ",0,0.72,0.2,0.004,0,2.82842712474619,2.5298221281347,0.894427190999916,""
"56","C","シラネワラビ","f",100,96,100,100,"Ⅴ","Ⅴ","Ⅴ","Ⅴ",5.36,16.52,20.9,22.44,73.2120208708925,70.3818158333529,73.348483283569,74.8331477354788,"*"
"57","C","スミレサイシン","h",0,0,4,4,"-","-","Ⅰ","Ⅰ",0,0,0.004,0.004,0,0,0.894427190999916,0.894427190999916,""
"58","C","タケシマラン","h",0,28,32,24,"-","Ⅱ","Ⅱ","Ⅱ",0,0.18,0.096,0.104,0,7.09929573971954,7.15541752799933,5.3665631459995,""
"59","C","タチシオデ","h",16,32,16,28,"Ⅰ","Ⅱ","Ⅰ","Ⅱ",0.08,0.16,0.036,0.088,3.57770876399966,7.15541752799933,3.57770876399966,6.26099033699941,"*"
"60","C","タニギキョウ","h",12,28,20,20,"Ⅰ","Ⅱ","Ⅰ","Ⅰ",0.14,0.16,0.084,0.072,4.09878030638384,6.6932802122726,4.47213595499958,4.47213595499958,"*"
"61","C","チゴユリ","h",48,48,52,60,"Ⅲ","Ⅲ","Ⅲ","Ⅲ",0.62,0.84,0.34,0.48,17.2510869222783,18.0665436650179,13.2966161108757,17.3205080756888,"*"
"62","C","ツクバネソウ","h",16,16,8,12,"Ⅰ","Ⅰ","Ⅰ","Ⅰ",0.08,0.08,0.024,0.032,3.57770876399966,3.57770876399966,1.78885438199983,2.68328157299975,"*"
"63","C","ツルアリドオシ","h",64,56,48,56,"Ⅳ","Ⅲ","Ⅲ","Ⅲ",0.78,1.72,0.332,0.456,22.3427840700303,27.1882327487463,13.145341380124,16.0499221181911,"*"
"64","C","ツルリンドウ","h",0,24,16,16,"-","Ⅱ","Ⅰ","Ⅰ",0,0.12,0.1,0.052,0,5.3665631459995,4,3.57770876399966,""
"65","C","テンニンソウ","h",0,0,12,16,"-","-","Ⅰ","Ⅰ",0,0,0.46,0.432,0,0,6,7.15541752799933,""
"66","C","トチバニンジン","h",0,12,4,8,"-","Ⅰ","Ⅰ","Ⅰ",0,0.06,0.008,0.028,0,2.68328157299975,0.894427190999916,1.78885438199983,""
"67","C","ナライシダ","f",0,40,36,16,"-","Ⅱ","Ⅱ","Ⅰ",0,0.82,0.34,0.1,0,17.2046505340853,11.0634533487515,4,""
"68","C","ハイイヌツゲ","ds",72,36,24,28,"Ⅳ","Ⅱ","Ⅱ","Ⅱ",0.66,0.44,0.196,0.252,21.7990825495019,12,7.26636084983398,8.85437744847146,"*"
"69","C","ヒメカンアオイ","h",24,16,28,28,"Ⅱ","Ⅰ","Ⅱ","Ⅱ",0.32,0.28,0.32,0.26,8.76356092008266,6.19677335393187,9.46572765295939,8.19756061276768,"*"
"70","C","ヒメモチ","ds",20,52,96,96,"Ⅰ","Ⅲ","Ⅴ","Ⅴ",0.34,0.7,0.78,1.256,8.24621125123532,19.0787840283389,28.3971829588782,30.0399733688297,"*"
"71","C","ヒロバスゲ","h",0,0,4,0,"-","-","Ⅰ","-",0,0,0.004,0,0,0,0.894427190999916,0,""
"72","C","ヒロハユキザサ","h",0,0,12,8,"-","-","Ⅰ","Ⅰ",0,0,0.06,0.04,0,0,2.68328157299975,1.78885438199983,""
"73","C","ホウチャクソウ","h",24,0,0,4,"Ⅱ","-","-","Ⅰ",0.16,0,0,0.02,6.19677335393187,0,0,0.894427190999916,""
"74","C","マイヅルソウ","h",0,16,8,0,"-","Ⅰ","Ⅰ","-",0,0.08,0.04,0,0,3.57770876399966,1.78885438199983,0,""
"75","C","ミヤマイタチシダ","f",0,0,0,8,"-","-","-","Ⅰ",0,0,0,0.04,0,0,0,1.78885438199983,""
"76","C","ミヤマイボタ","ds",0,4,4,4,"-","Ⅰ","Ⅰ","Ⅰ",0,0.02,0.02,0.008,0,0.894427190999916,0.894427190999916,0.894427190999916,""
"77","C","ミヤマウズラ","h",0,28,24,12,"-","Ⅱ","Ⅱ","Ⅰ",0,0.14,0.148,0.032,0,6.26099033699941,6.19677335393187,2.68328157299975,""
"78","C","ミヤマカンスゲ","h",0,100,100,100,"-","Ⅴ","Ⅴ","Ⅴ",0,10.28,11.92,8.62,0,68.9927532426414,68.1175454637056,64.8074069840786,""
"79","C","ミヤマシキミ","ds",0,24,0,0,"-","Ⅱ","-","-",0,0.2,0,0,0,6.92820323027551,0,0,""
"80","C","ヤマイヌワラビ","f",0,56,40,48,"-","Ⅲ","Ⅱ","Ⅲ",0,0.28,0.256,0.244,0,12.5219806739988,10.5830052442584,12,""
"81","C","ヤマソテツ","f",96,100,100,100,"Ⅴ","Ⅴ","Ⅴ","Ⅴ",2.78,3.46,4.28,5.4,51.6604297310814,52.3450093132096,56.2138772902208,57.0964096944808,"*"
"82","C","ヤマドリゼンマイ","f",4,4,4,16,"Ⅰ","Ⅰ","Ⅰ","Ⅰ",0.02,0.02,0.02,0.112,0.894427190999916,0.894427190999916,0.894427190999916,4.38178046004133,"*"
"83","C","ユキザサ","h",100,92,84,92,"Ⅴ","Ⅴ","Ⅴ","Ⅴ",2,2.32,0.708,0.548,44.7213595499958,42.4641024866887,24.9319072675959,23.4946802489415,"*"
"84","S","チシマザサ","sasa",100,96,96,100,"Ⅴ","Ⅴ","Ⅴ","Ⅴ",7.96,45.22,19.88,17.04,89.2188320927819,81.6235260203821,72.7956042628949,73.4846922834953,"*"
