"","階層","種名","f2000","v2000","f2007","v2007","f2013","v2013","f2019","v2019","種名.1","階層.1","form","V2000","F2000","V2007","F2007","V2013","F2013","V2019","F2019","解析対象"
"1","B2","アオダモ","Ⅰ",0.894427190999916,"Ⅳ",24.1826384003069,"Ⅴ",27.509998182479,"Ⅳ",28.1140534252889,"アオダモ","B2","bl",0.02,4,0.94,68,0.832,88,1,76,1
"2","B2","アクシバ","-",0,"-",0,"Ⅰ",1.26491106406735,"Ⅰ",1.78885438199983,"アクシバ","B2","bs",0,0,0,0,0.04,4,0.08,4,0
"3","B2","イタヤカエデ","Ⅰ",4.89897948556636,"Ⅱ",10.1980390271856,"Ⅳ",16.4924225024706,"Ⅲ",12.5219806739988,"イタヤカエデ","B2","bl",0.12,20,0.26,40,0.316,68,0.192,56,1
"4","B2","ウリハダカエデ","Ⅲ",9.83869910099907,"Ⅴ",51.4742654148653,"Ⅴ",39.314119600978,"Ⅴ",45.6070170039655,"ウリハダカエデ","B2","bl",0.22,44,4,92,2.292,92,2.936,100,1
"5","B2","ウワミズザクラ","Ⅳ",45.7995633166955,"Ⅳ",32.5944780599414,"Ⅳ",37.5233260785874,"Ⅴ",43.9545219516718,"ウワミズザクラ","B2","bl",2.76,76,2.02,64,1.96,80,2.436,92,1
"6","B2","エゾユズリハ","Ⅰ",0.894427190999916,"Ⅰ",0.894427190999916,"Ⅰ",2.5298221281347,"Ⅰ",1.78885438199983,"エゾユズリハ","B2","bs",0.02,4,0.02,4,0.08,8,0.08,4,1
"7","B2","オオイタヤメイゲツ","-",0,"-",0,"Ⅰ",5.3665631459995,"-",0,"オオイタヤメイゲツ","B2","bl",0,0,0,0,0.28,12,0,0,0
"8","B2","オオカメノキ","Ⅴ",72.3878442834154,"Ⅴ",68.1645068932505,"Ⅴ",71.2741187248218,"Ⅴ",72.9383301152419,"オオカメノキ","B2","bs",5.24,100,13.84,96,15.92,100,23.76,100,1
"9","B2","オオバクロモジ","Ⅴ",61.9677335393187,"Ⅴ",60.0799467376595,"Ⅴ",56.5685424949238,"Ⅴ",63.5609943282828,"オオバクロモジ","B2","bs",4,96,6.48,96,6.08,100,9.52,100,1
"10","B2","クサアジサイ","Ⅰ",2.19089023002066,"Ⅰ",6.57267069006199,"Ⅰ",0.894427190999916,"-",0,"クサアジサイ","B2","bs",0.06,8,0.56,12,0.02,4,0,0,0
"11","B2","クロウスゴ","-",0,"-",0,"Ⅰ",0.894427190999916,"Ⅰ",0.894427190999916,"クロウスゴ","B2","bs",0,0,0,0,0.02,4,0.02,4,0
"12","B2","コシアブラ","Ⅱ",5.79655069847578,"Ⅲ",15.6971334962789,"Ⅴ",30.1197609552267,"Ⅴ",37.989472225868,"コシアブラ","B2","bl",0.14,24,0.44,56,1.096,84,2.236,88,1
"13","B2","コマユミ","Ⅲ",30.199337741083,"Ⅰ",4.47213595499958,"Ⅲ",9.83869910099907,"Ⅲ",13.4164078649987,"コマユミ","B2","bs",1.52,60,0.1,20,0.172,44,0.208,60,1
"14","B2","サワフタギ","Ⅱ",14.8593404968054,"Ⅱ",19.0997382181013,"Ⅱ",16.7809415707224,"Ⅱ",20.591260281974,"サワフタギ","B2","bs",0.92,24,1.98,32,1.2,32,1.6,40,1
"15","B2","スノキ","-",0,"Ⅰ",1.26491106406735,"Ⅰ",1.26491106406735,"-",0,"スノキ","B2","bs",0,0,0.04,4,0.04,4,0,0,0
"16","B2","タカノツメ","-",0,"-",0,"Ⅰ",0.894427190999916,"-",0,"タカノツメ","B2","bl",0,0,0,0,0.004,4,0,0,0
"17","B2","タニウツギ","-",0,"Ⅰ",1.78885438199983,"Ⅰ",4,"Ⅰ",0.894427190999916,"タニウツギ","B2","bs",0,0,0.08,4,0.2,8,0.02,4,0
"18","B2","タムシバ","-",0,"Ⅰ",0.894427190999916,"Ⅰ",4.09878030638384,"Ⅰ",6.32455532033676,"タムシバ","B2","bs",0,0,0.02,4,0.14,12,0.188,20,0
"19","B2","ツノハシバミ","Ⅱ",10.9544511501033,"Ⅱ",5.3665631459995,"Ⅱ",7.48331477354788,"Ⅰ",6.44980619863884,"ツノハシバミ","B2","bs",0.3,40,0.12,24,0.16,28,0.26,16,1
"20","B2","ツリバナ","-",0,"Ⅰ",4.38178046004133,"Ⅱ",11.3841995766062,"Ⅲ",10.6957935656967,"ツリバナ","B2","bs",0,0,0.12,16,0.336,36,0.224,44,0
"21","B2","トチノキ","Ⅰ",0.894427190999916,"Ⅱ",9.38083151964686,"Ⅲ",12.9614813968157,"Ⅳ",15.2052622469986,"トチノキ","B2","bl",0.02,4,0.22,40,0.248,56,0.236,68,1
"22","B2","ナナカマド","Ⅰ",0.894427190999916,"Ⅱ",10.1980390271856,"Ⅱ",12.328828005938,"Ⅲ",14.8323969741913,"ナナカマド","B2","bs",0.02,4,0.26,40,0.34,40,0.476,44,1
"23","B2","ノリウツギ","Ⅰ",6.32455532033676,"Ⅱ",9.46572765295939,"Ⅱ",13.2664991614216,"Ⅱ",13.145341380124,"ノリウツギ","B2","bs",0.2,20,0.32,28,0.44,40,0.48,36,1
"24","B2","ハイイヌガヤ","Ⅲ",16.9705627484771,"Ⅲ",24.9799919935936,"Ⅲ",18.0222085217101,"Ⅲ",23.2379000772445,"ハイイヌガヤ","B2","cs",0.6,48,2.06,48,0.596,56,1.032,60,1
"25","B2","ハウチワカエデ","-",0,"-",0,"-",0,"Ⅰ",2.82842712474619,"ハウチワカエデ","B2","bl",0,0,0,0,0,0,0.084,8,0
"26","B2","ハリギリ","-",0,"Ⅰ",2.5298221281347,"-",0,"-",0,"ハリギリ","B2","bl",0,0,0.24,4,0,0,0,0,0
"27","B2","ヒメアオキ","Ⅲ",26.290682760248,"Ⅲ",32.6802692767364,"Ⅴ",39.9499687108763,"Ⅴ",39.1305507244659,"ヒメアオキ","B2","bs",1.44,48,2.3,60,2.34,84,2.016,88,1
"28","B2","ブナ","Ⅲ",42.9883705204093,"Ⅳ",50.9823498869952,"Ⅴ",50.9352530179246,"Ⅴ",51.5751878329105,"ブナ","B2","bl",3.08,60,9.06,76,6.34,92,5.84,100,1
"29","B2","ホオノキ","Ⅰ",2.19089023002066,"Ⅰ",8.94427190999916,"Ⅱ",12,"Ⅱ",12.3935467078637,"ホオノキ","B2","bl",0.06,8,0.44,20,0.84,24,0.56,32,1
"30","B2","マユミ","Ⅲ",31.2153808242027,"-",0,"-",0,"Ⅰ",1.78885438199983,"マユミ","B2","bs",1.74,56,0,0,0,0,0.024,8,0
"31","B2","ミズキ","Ⅴ",50.533157431532,"Ⅰ",3.09838667696593,"Ⅱ",6.26099033699941,"Ⅰ",7.48331477354788,"ミズキ","B2","bl",2.66,96,0.08,12,0.128,28,0.3232,20,1
"32","B2","メイゲツカエデ","Ⅰ",0.894427190999916,"Ⅱ",22.4499443206436,"Ⅲ",26.9814751264641,"Ⅲ",24.9799919935936,"メイゲツカエデ","B2","bl",0.02,4,1.9,40,1.724,56,1.148,60,1
"33","B2","ヤマアジサイ","-",0,"Ⅰ",0.894427190999916,"Ⅰ",0.894427190999916,"Ⅰ",0.894427190999916,"ヤマアジサイ","B2","bs",0,0,0.02,4,0.02,4,0.008,4,0
"34","B2","ヤマウルシ","Ⅰ",6.6332495807108,"Ⅳ",30.3578655376164,"Ⅳ",31.5214212877529,"Ⅳ",31.2921715449727,"ヤマウルシ","B2","bs",0.22,20,1.6,64,1.66,72,1.74,72,1
"35","B2","ヤマモミジ","-",0,"Ⅰ",7.79743547584717,"Ⅱ",10.3150375665821,"Ⅱ",10.0399203184089,"ヤマモミジ","B2","bl",0,0,0.46,16,0.372,28,0.416,24,0
"36","C","アカミノルイヨウショウマ","Ⅰ",1.78885438199983,"-",0,"-",0,"-",0,"アカミノルイヨウショウマ","C","h",0.04,8,0,0,0,0,0,0,0
"37","C","イボタノキ","-",0,"-",0,"Ⅰ",0.894427190999916,"Ⅰ",0.894427190999916,"イボタノキ","C","ds",0,0,0,0,0.008,4,0.012,4,0
"38","C","ウド","-",0,"Ⅰ",0.894427190999916,"-",0,"-",0,"ウド","C","h",0,0,0.02,4,0,0,0,0,0
"39","C","ウメガサソウ","-",0,"Ⅰ",0.894427190999916,"-",0,"-",0,"ウメガサソウ","C","h",0,0,0.02,4,0,0,0,0,0
"40","C","エンレイソウ","-",0,"Ⅰ",2.68328157299975,"Ⅰ",0.894427190999916,"Ⅱ",5.3665631459995,"エンレイソウ","C","h",0,0,0.06,12,0.02,4,0.076,24,0
"41","C","オオバユキザサ","-",0,"Ⅰ",2.82842712474619,"Ⅰ",0.894427190999916,"Ⅰ",0.894427190999916,"オオバユキザサ","C","h",0,0,0.1,8,0.02,4,0.02,4,0
"42","C","オシダ","Ⅰ",1.78885438199983,"Ⅱ",8.19756061276768,"Ⅱ",6.92820323027551,"Ⅱ",6.19677335393187,"オシダ","C","f",0.04,8,0.24,28,0.2,24,0.148,24,1
"43","C","カメバヒキオコシ","Ⅰ",4.73286382647969,"Ⅰ",4,"Ⅰ",5.65685424949238,"Ⅰ",6.92820323027551,"カメバヒキオコシ","C","h",0.14,16,0.1,16,0.148,20,0.228,20,1
"44","C","ギンリョウソウ","-",0,"Ⅰ",0.894427190999916,"Ⅰ",0.894427190999916,"Ⅰ",0.894427190999916,"ギンリョウソウ","C","h",0,0,0.02,4,0.02,4,0.02,4,0
"45","C","クルマバソウ","-",0,"Ⅰ",0.894427190999916,"-",0,"-",0,"クルマバソウ","C","h",0,0,0.02,4,0,0,0,0,0
"46","C","クルマバハグマ","-",0,"-",0,"Ⅰ",0.894427190999916,"Ⅰ",0.894427190999916,"クルマバハグマ","C","h",0,0,0,0,0.02,4,0.02,4,0
"47","C","コイワカガミ","Ⅰ",8,"-",0,"Ⅰ",0.894427190999916,"-",0,"コイワカガミ","C","h",0.32,20,0,0,0.02,4,0,0,0
"48","C","コカンスゲ","Ⅴ",61.5662245066238,"-",0,"Ⅰ",1.26491106406735,"-",0,"コカンスゲ","C","h",4.12,92,0,0,0.04,4,0,0,0
"49","C","サカゲイノデ","-",0,"Ⅰ",1.78885438199983,"Ⅰ",1.78885438199983,"Ⅰ",0.894427190999916,"サカゲイノデ","C","f",0,0,0.04,8,0.08,4,0.02,4,0
"50","C","サラシナショウマ","-",0,"Ⅰ",0.894427190999916,"-",0,"-",0,"サラシナショウマ","C","h",0,0,0.02,4,0,0,0,0,0
"51","C","サワダツ","-",0,"-",0,"Ⅰ",3.57770876399966,"Ⅰ",0.894427190999916,"サワダツ","C","ds",0,0,0,0,0.08,16,0.02,4,0
"52","C","サンカヨウ","-",0,"Ⅰ",0.894427190999916,"-",0,"Ⅰ",0.894427190999916,"サンカヨウ","C","h",0,0,0.02,4,0,0,0.02,4,0
"53","C","シノブカグマ","-",0,"Ⅰ",2.68328157299975,"Ⅰ",4.89897948556636,"Ⅰ",1.26491106406735,"シノブカグマ","C","f",0,0,0.06,12,0.12,20,0.06,4,0
"54","C","ジュウモンジシダ","-",0,"Ⅰ",0.894427190999916,"Ⅰ",0.894427190999916,"-",0,"ジュウモンジシダ","C","f",0,0,0.02,4,0.02,4,0,0,0
"55","C","シラネアオイ","-",0,"Ⅰ",2.82842712474619,"Ⅰ",2.5298221281347,"Ⅰ",0.894427190999916,"シラネアオイ","C","h",0,0,0.72,4,0.2,4,0.004,4,0
"56","C","シラネワラビ","Ⅴ",73.2120208708925,"Ⅴ",70.3818158333529,"Ⅴ",73.348483283569,"Ⅴ",74.8331477354788,"シラネワラビ","C","f",5.36,100,16.52,96,20.9,100,22.44,100,1
"57","C","スミレサイシン","-",0,"-",0,"Ⅰ",0.894427190999916,"Ⅰ",0.894427190999916,"スミレサイシン","C","h",0,0,0,0,0.004,4,0.004,4,0
"58","C","タケシマラン","-",0,"Ⅱ",7.09929573971954,"Ⅱ",7.15541752799933,"Ⅱ",5.3665631459995,"タケシマラン","C","h",0,0,0.18,28,0.096,32,0.104,24,0
"59","C","タチシオデ","Ⅰ",3.57770876399966,"Ⅱ",7.15541752799933,"Ⅰ",3.57770876399966,"Ⅱ",6.26099033699941,"タチシオデ","C","h",0.08,16,0.16,32,0.036,16,0.088,28,1
"60","C","タニギキョウ","Ⅰ",4.09878030638384,"Ⅱ",6.6932802122726,"Ⅰ",4.47213595499958,"Ⅰ",4.47213595499958,"タニギキョウ","C","h",0.14,12,0.16,28,0.084,20,0.072,20,1
"61","C","チゴユリ","Ⅲ",17.2510869222783,"Ⅲ",18.0665436650179,"Ⅲ",13.2966161108757,"Ⅲ",17.3205080756888,"チゴユリ","C","h",0.62,48,0.84,48,0.34,52,0.48,60,1
"62","C","ツクバネソウ","Ⅰ",3.57770876399966,"Ⅰ",3.57770876399966,"Ⅰ",1.78885438199983,"Ⅰ",2.68328157299975,"ツクバネソウ","C","h",0.08,16,0.08,16,0.024,8,0.032,12,1
"63","C","ツルアリドオシ","Ⅳ",22.3427840700303,"Ⅲ",27.1882327487463,"Ⅲ",13.145341380124,"Ⅲ",16.0499221181911,"ツルアリドオシ","C","h",0.78,64,1.72,56,0.332,48,0.456,56,1
"64","C","ツルリンドウ","-",0,"Ⅱ",5.3665631459995,"Ⅰ",4,"Ⅰ",3.57770876399966,"ツルリンドウ","C","h",0,0,0.12,24,0.1,16,0.052,16,0
"65","C","テンニンソウ","-",0,"-",0,"Ⅰ",6,"Ⅰ",7.15541752799933,"テンニンソウ","C","h",0,0,0,0,0.46,12,0.432,16,0
"66","C","トチバニンジン","-",0,"Ⅰ",2.68328157299975,"Ⅰ",0.894427190999916,"Ⅰ",1.78885438199983,"トチバニンジン","C","h",0,0,0.06,12,0.008,4,0.028,8,0
"67","C","ナライシダ","-",0,"Ⅱ",17.2046505340853,"Ⅱ",11.0634533487515,"Ⅰ",4,"ナライシダ","C","f",0,0,0.82,40,0.34,36,0.1,16,0
"68","C","ハイイヌツゲ","Ⅳ",21.7990825495019,"Ⅱ",12,"Ⅱ",7.26636084983398,"Ⅱ",8.85437744847146,"ハイイヌツゲ","C","ds",0.66,72,0.44,36,0.196,24,0.252,28,1
"69","C","ヒメカンアオイ","Ⅱ",8.76356092008266,"Ⅰ",6.19677335393187,"Ⅱ",9.46572765295939,"Ⅱ",8.19756061276768,"ヒメカンアオイ","C","h",0.32,24,0.28,16,0.32,28,0.26,28,1
"70","C","ヒメモチ","Ⅰ",8.24621125123532,"Ⅲ",19.0787840283389,"Ⅴ",28.3971829588782,"Ⅴ",30.0399733688297,"ヒメモチ","C","ds",0.34,20,0.7,52,0.78,96,1.256,96,1
"71","C","ヒロバスゲ","-",0,"-",0,"Ⅰ",0.894427190999916,"-",0,"ヒロバスゲ","C","h",0,0,0,0,0.004,4,0,0,0
"72","C","ヒロハユキザサ","-",0,"-",0,"Ⅰ",2.68328157299975,"Ⅰ",1.78885438199983,"ヒロハユキザサ","C","h",0,0,0,0,0.06,12,0.04,8,0
"73","C","ホウチャクソウ","Ⅱ",6.19677335393187,"-",0,"-",0,"Ⅰ",0.894427190999916,"ホウチャクソウ","C","h",0.16,24,0,0,0,0,0.02,4,0
"74","C","マイヅルソウ","-",0,"Ⅰ",3.57770876399966,"Ⅰ",1.78885438199983,"-",0,"マイヅルソウ","C","h",0,0,0.08,16,0.04,8,0,0,0
"75","C","ミヤマイタチシダ","-",0,"-",0,"-",0,"Ⅰ",1.78885438199983,"ミヤマイタチシダ","C","f",0,0,0,0,0,0,0.04,8,0
"76","C","ミヤマイボタ","-",0,"Ⅰ",0.894427190999916,"Ⅰ",0.894427190999916,"Ⅰ",0.894427190999916,"ミヤマイボタ","C","ds",0,0,0.02,4,0.02,4,0.008,4,0
"77","C","ミヤマウズラ","-",0,"Ⅱ",6.26099033699941,"Ⅱ",6.19677335393187,"Ⅰ",2.68328157299975,"ミヤマウズラ","C","h",0,0,0.14,28,0.148,24,0.032,12,0
"78","C","ミヤマカンスゲ","-",0,"Ⅴ",68.9927532426414,"Ⅴ",68.1175454637056,"Ⅴ",64.8074069840786,"ミヤマカンスゲ","C","h",0,0,10.28,100,11.92,100,8.62,100,0
"79","C","ミヤマシキミ","-",0,"Ⅱ",6.92820323027551,"-",0,"-",0,"ミヤマシキミ","C","ds",0,0,0.2,24,0,0,0,0,0
"80","C","ヤマイヌワラビ","-",0,"Ⅲ",12.5219806739988,"Ⅱ",10.5830052442584,"Ⅲ",12,"ヤマイヌワラビ","C","f",0,0,0.28,56,0.256,40,0.244,48,0
"81","C","ヤマソテツ","Ⅴ",51.6604297310814,"Ⅴ",52.3450093132096,"Ⅴ",56.2138772902208,"Ⅴ",57.0964096944808,"ヤマソテツ","C","f",2.78,96,3.46,100,4.28,100,5.4,100,1
"82","C","ヤマドリゼンマイ","Ⅰ",0.894427190999916,"Ⅰ",0.894427190999916,"Ⅰ",0.894427190999916,"Ⅰ",4.38178046004133,"ヤマドリゼンマイ","C","f",0.02,4,0.02,4,0.02,4,0.112,16,1
"83","C","ユキザサ","Ⅴ",44.7213595499958,"Ⅴ",42.4641024866887,"Ⅴ",24.9319072675959,"Ⅴ",23.4946802489415,"ユキザサ","C","h",2,100,2.32,92,0.708,84,0.548,92,1
"84","S","チシマザサ","Ⅴ",89.2188320927819,"Ⅴ",81.6235260203821,"Ⅴ",72.7956042628949,"Ⅴ",73.4846922834953,"チシマザサ","S","sasa",7.96,100,45.22,96,19.88,96,17.04,100,1
