サブプロット,階層,種名,DK2000,被度2007,被度2013,被度2019,被度2025
1,B2,アオダモ,0,1,1,1,0
1,B2,イタヤカエデ,0.5,0.5,1,0.3,0.3
1,B2,ウリハダカエデ,0,12,3,0.5,0.5
1,B2,ウワミズザクラ,4,5,5,0.8,0.5
1,B2,オオカメノキ,5,10,5,14,2
1,B2,オオバクロモジ,5,18,15,10,3
1,B2,コシアブラ,0,1,1,4,3
1,B2,コマユミ,2,0,0,0.1,0
1,B2,サワフタギ,2,4,3,2,1.2
1,B2,タムシバ,0,0,2,3,1
1,B2,ツノハシバミ,1,0,1,0.5,0
1,B2,ツリバナ,0,0,3,0.5,0
1,B2,トチノキ,0,0.5,0,0.5,0.1
1,B2,ノリウツギ,0,1,2,0.5,0.1
1,B2,ハイイヌガヤ,0,3,1,3.5,0.5
1,B2,ヒメアオキ,4,8,5,2,5
1,B2,ブナ,0,0.5,0.5,2,0.5
1,B2,ホオノキ,0,1,1,1.5,0.5
1,B2,ミズキ,4,0,0,0,0
1,B2,ヤマウルシ,0.5,2,5,1,2
1,C,コカンスゲ,4,0,0,0,0
1,C,シノブカグマ,0,0.5,0,0,0
1,C,シラネワラビ,5,20,30,25,20
1,C,タケシマラン,0,0,0,0,0.1
1,C,チゴユリ,0.5,0.5,0.5,0,0
1,C,ツルアリドオシ,0,8,0.5,0.5,0.1
1,C,ツルリンドウ,0,0,0.5,0,0.2
1,C,ヒメカンアオイ,0.5,0.5,0,0.5,0
1,C,ヒメモチ,1,0.5,1.5,1,0.1
1,C,ミヤマウズラ,0,0,0.5,0,0
1,C,ミヤマカンスゲ,0,6,15,15,10
1,C,ヤマソテツ,5,8,5,3,3
1,C,ヤマトユキザサ,0,0.5,0,0.5,0
1,C,ユキザサ,0.5,0,1,0.5,0
1,S,チシマザサ,6,20,20,15,20
2,B2,アオダモ,0,0,2,3.5,0.5
2,B2,ウリハダカエデ,0.5,0,3,13,5
2,B2,ウワミズザクラ,4,0,3,3,0.5
2,B2,オオカメノキ,7,0,20,37,15
2,B2,オオバクロモジ,5,0,30,25,10
2,B2,クロウスゴ,0,0,0.5,0.5,0
2,B2,コシアブラ,0,0,0,0,0.3
2,B2,コマユミ,3,0,0.5,0.5,0.3
2,B2,ツノハシバミ,2,0,1,0,0
2,B2,ツリバナ,0,0,0,0.5,0.36
2,B2,トチノキ,0,0,0.5,0.5,0.1
2,B2,ナナカマド,0,0,2,3,0
2,B2,ノリウツギ,0,0,2,2,0
2,B2,ハイイヌガヤ,0.5,0,1,2.5,0.3
2,B2,ハウチワカエデ,0,0,5,0.5,6
2,B2,ヒメアオキ,3,0,2,6.5,3
2,B2,ブナ,6,0,2,2,0
2,B2,マユミ,2,0,0,0.5,0
2,B2,ミズキ,4,0,0,0,0
2,B2,ヤマウルシ,0,0,2,0,0
2,C,イワカガミ,2,0,0.5,0,0
2,C,ウメガサソウ,0,0.5,0,0,0
2,C,エンレイソウ,0,0,0,0.5,0
2,C,オシダ,0.5,0.5,0,0.5,0
2,C,コカンスゲ,3,0,0,0,0
2,C,サワダツ,0,0,0.5,0.5,0
2,C,シノブカグマ,0,0,0.5,0,0.5
2,C,シラネワラビ,5,20,30,30,20
2,C,タケシマラン,0,0.5,0.5,0.5,0.1
2,C,タチシオデ,0,0.5,0,0,0
2,C,タニギキョウ,0,0.5,0,0,0.1
2,C,チゴユリ,4,8,0.5,1,0.1
2,C,ツルアリドオシ,3,4,0.5,0.5,0.1
2,C,ツルリンドウ,0,0,0,0,0
2,C,ハイイヌツゲ,0.5,0,0,0,0
2,C,ヒメカンアオイ,0,0.5,0.5,0.5,0
2,C,ヒメモチ,1,0,0.5,0.5,1
2,C,ホウチャクソウ,0.5,0,0,0,0
2,C,ホソバナライシダ,0,0,0,0,0.1
2,C,ミヤマカンスゲ,0,5,5,10,5
2,C,ヤマソテツ,4,1,1,1,1
2,C,ヤマトユキザサ,0,2,0.5,0,0.1
2,C,ユキザサ,1,0,0.5,0.5,0.1
2,S,チシマザサ,7,30,10,20,20
3,B2,アオダモ,0,0.5,1,0.5,1.5
3,B2,イタヤカエデ,0,0,1,0,0
3,B2,ウリハダカエデ,0.5,5,1,1.5,2
3,B2,ウワミズザクラ,4,1,1,3,0.6
3,B2,オオカメノキ,6,25,25,30,20
3,B2,オオバクロモジ,5,15,1,20,0.5
3,B2,コシアブラ,0,1,4,5.5,5
3,B2,コマユミ,0,0,0,0,0.1
3,B2,ツノハシバミ,1,0,0,0,0
3,B2,ナナカマド,0,0.5,1,0,0
3,B2,ノリウツギ,0,0,0.5,0,0
3,B2,ハイイヌガヤ,0.5,0,0,0,0
3,B2,ハウチワカエデ,0,0,0,2,0
3,B2,ヒメアオキ,0,5,1,1,0
3,B2,ブナ,5,8,5,1,0.5
3,B2,ホオノキ,0,5,5,3,4
3,B2,ミズキ,3,0,0,0,0
3,B2,ヤマウルシ,3,2,1,0.5,0
3,C,イワカガミ,4,0,0,0,0
3,C,コカンスゲ,4,0,0,0,0
3,C,シラネワラビ,5,10,20,35,15
3,C,チゴユリ,3,3,1,1,0.1
3,C,ツクバネソウ,0.5,0,0,0,0
3,C,ツルアリドオシ,3,8,1,0.8,1
3,C,ツルリンドウ,0,0.5,0.5,0,0
3,C,ハイイヌツゲ,0.5,0,0,0,0
3,C,ヒメカンアオイ,0.5,1,3,2,1
3,C,ヒメモチ,0,0,1,0.5,0.33
3,C,ホソバナライシダ,0,4,0.5,0,0.5
3,C,マイヅルソウ,0,0.5,0.5,0,0
3,C,ミヤマカンスゲ,0,6,8,8,6
3,C,ミヤマシキミ,0,0.5,0,0,0
3,C,ヤマイヌワラビ,0,0,0,0,0.1
3,C,ヤマソテツ,4,3,1,1,0.5
3,C,ユキザサ,1,2,0.5,0.5,0.1
3,S,チシマザサ,8,50,35,30,30
4,B2,アオダモ,0,0.5,1,3,2
4,B2,イタヤカエデ,0,0,0.5,0,0
4,B2,ウリハダカエデ,0,4,4,2,1
4,B2,ウワミズザクラ,3,4,1,3,1
4,B2,エゾユズリハ,0,0.5,1,0,0
4,B2,オオカメノキ,6,20,15,20,0.15
4,B2,オオバクロモジ,5,6,1,4,0.3
4,B2,コシアブラ,0.5,0,2,1.5,1
4,B2,コマユミ,0.5,0,0.5,0.5,0.1
4,B2,ツリバナ,0,0,0,0,0.1
4,B2,トチノキ,0,0,0.5,0,0
4,B2,ナナカマド,0,0.5,1,1,0.2
4,B2,ハウチワカエデ,0,15,7,6.5,3
4,B2,ヒメアオキ,3,1,1,0.5,0.4
4,B2,ブナ,5,12,3,6,3.5
4,B2,ホオノキ,0,0,3,1,0
4,B2,マユミ,5,0,0,0,0
4,B2,ミズキ,3,0,0,0,0
4,B2,ヤマウルシ,0,5,1,0.5,0.3
4,C,エンレイソウ,0,0,0,0,0.1
4,C,コカンスゲ,3,0,0,0,0
4,C,サワダツ,0,0,0.5,0,0
4,C,シラネワラビ,5,10,7,8,6
4,C,チゴユリ,1,1,0.5,0.5,0
4,C,ハイイヌツゲ,0.5,0,0,0,0
4,C,ヒメカンアオイ,0,0,1,0.5,0
4,C,ヒメモチ,0,0,1,1,0
4,C,ホソバナライシダ,0,5,2,0,0.25
4,C,ミヤマカンスゲ,0,5,15,8,5
4,C,ヤマイヌワラビ,0,0.5,0,0,0.5
4,C,ヤマソテツ,4,3,10,2.5,5
4,C,ユキザサ,0.5,0.5,0.5,0.5,0.2
4,S,チシマザサ,8,60,30,20,20
5,B2,アオダモ,0,0,0.5,0,0.1
5,B2,イタヤカエデ,0,0,0.5,0.5,0
5,B2,ウリハダカエデ,0,8,20,10,6
5,B2,ウワミズザクラ,4,2,5,4,2.5
5,B2,オオイタヤメイゲツ,0,0,0,0,0.1
5,B2,オオカメノキ,5,15,4,15,10
5,B2,オオバクロモジ,5,5,2,6,3
5,B2,コシアブラ,0,0.5,0.5,0.7,0.5
5,B2,コマユミ,0,0.5,0.5,0.5,0.2
5,B2,タニウツギ,0,0,3,0,0
5,B2,ツリバナ,0,1,0,0.5,0
5,B2,トチノキ,0,0.5,0.5,0.5,0
5,B2,ノリウツギ,0,2,1,3,2
5,B2,ハウチワカエデ,0,0,0.5,1,0.5
5,B2,ブナ,6,30,20,6,3
5,B2,ミズキ,4,0,0,0,0
5,B2,ヤマウルシ,0,0,0,0.5,1
5,C,ギンリョウソウ,0,0,0,0.5,0
5,C,サワダツ,0,0,0.5,0,0
5,C,シノブカグマ,0,0,0.5,0,0
5,C,シラネワラビ,6,20,15,30,29
5,C,タニギキョウ,0,0,0.5,0.5,0
5,C,チゴユリ,1,1,0.5,0.5,1
5,C,ツルアリドオシ,2,3,0,0.5,0
5,C,トチバニンジン,0,0.5,0,0,0
5,C,ハイイヌツゲ,1,0,0,0,0
5,C,ヒメカンアオイ,4,0,0,0,0
5,C,ヒメモチ,3,1,0.5,0.5,0.1
5,C,ヒロハユキザサ,0,0,0.5,0,0
5,C,マイヅルソウ,0,0.5,0,0,0
5,C,ミヤマイタチシダ,0,0,0,0.5,0
5,C,ミヤマウズラ,0,0.5,0,0,0
5,C,ミヤマカンスゲ,0,10,5,8,7
5,C,ヤマソテツ,5,10,10,20,9
5,C,ヤマドリゼンマイ,0,0,0,0,0.1
5,C,ユキザサ,0.5,0.5,5,0.5,0.1
5,S,チシマザサ,7,35,10,7,8
6,B2,アオダモ,0,0.5,1,0,0.1
6,B2,イタヤカエデ,0,0,0.5,0.5,0.1
6,B2,ウリハダカエデ,0.5,5,1,1,0.3
6,B2,ウワミズザクラ,4,0.5,0.5,2,0
6,B2,エゾユズリハ,0.5,0,0,0,0.5
6,B2,オオカメノキ,5,12,25,25,20
6,B2,オオバクロモジ,5,10,10,18,2
6,B2,コシアブラ,0,0,0,0,1
6,B2,コマユミ,6,0,0,0.5,0
6,B2,ツノハシバミ,0.5,0,0,0,0
6,B2,トチノキ,0,0.5,0.5,0.5,0
6,B2,ノリウツギ,0,0,0,0,0.1
6,B2,ハイイヌガヤ,0.5,20,4,7,0.5
6,B2,ヒメアオキ,3,5,10,2,4
6,B2,ブナ,0,10,1,0.5,0.1
6,B2,ミズキ,3,0,0,0,0
6,B2,ヤマウルシ,0,3,2,0.5,1.5
6,C,オシダ,0,0.5,0.5,0.5,0
6,C,コカンスゲ,5,0,0,0,0
6,C,シラネワラビ,5,18,30,32,25
6,C,タケシマラン,0,0,0.5,0.5,0
6,C,チゴユリ,0,0.5,0.5,0.5,0.2
6,C,ツクバネソウ,0,0,0,0.5,0
6,C,ツルアリドオシ,0.5,3,0.5,0.5,15
6,C,ツルリンドウ,0,0,0,0,0.1
6,C,トチバニンジン,0,0.5,0,0.5,0
6,C,ヒメカンアオイ,0,5,1,1.5,3.5
6,C,ヒメモチ,0,3,1,0.5,0.1
6,C,ミヤマカンスゲ,0,15,20,8,15
6,C,ヤマイヌワラビ,0,0.5,0.5,0.5,0
6,C,ヤマソテツ,1,3,3,5,3.5
6,C,ユキザサ,3,3,1,0.5,0.1
6,S,チシマザサ,8,60,20,30,35
7,B2,アオダモ,0,2,1,1,0.2
7,B2,イタヤカエデ,0,0.5,0.5,0.5,0.1
7,B2,ウリハダカエデ,0.5,4,3,6,4
7,B2,ウワミズザクラ,0,0,1,4,0.5
7,B2,エゾユズリハ,0,0,1,2,0.3
7,B2,オオカメノキ,5,15,20,23,22
7,B2,オオバクロモジ,5,10,7,15,6
7,B2,コシアブラ,0,1,2,1,1.5
7,B2,コマユミ,4,0,0.5,0.5,0.2
7,B2,ツリバナ,0,0,0,0,0.1
7,B2,トチノキ,0,0,0,0.5,0
7,B2,ノリウツギ,0.5,0,0,0,0
7,B2,ハイイヌガヤ,0.5,4,1,3,0.5
7,B2,ハウチワカエデ,0,0,0,0,0.1
7,B2,ヒメアオキ,4,5,3,2,4
7,B2,ブナ,5,12,1,0.5,0
7,B2,ミズキ,2,0,0.5,0,0
7,B2,ヤマウルシ,0,5,2,3.5,0.1
7,C,イワカガミ,1,0,0,0,0
7,C,コカンスゲ,4,0,0,0,0
7,C,サワダツ,0,0,0,0,0.1
7,C,シラネワラビ,6,25,40,28,15
7,C,タチシオデ,0,0.5,0,0.5,0
7,C,チゴユリ,0,0,0.5,0.5,0.1
7,C,ツルアリドオシ,0,0,0.5,0.5,1
7,C,ツルリンドウ,0,0.5,0,0.5,0
7,C,ハイイヌツゲ,0.5,1,0.5,0.5,0.5
7,C,ヒメカンアオイ,0.5,0,1,0.5,0
7,C,ヒメモチ,0,3,2,1,0.5
7,C,ホソバナライシダ,0,2,0.5,0.5,0.3
7,C,ミヤマイタチシダ,0,0,0,0.5,0
7,C,ミヤマウズラ,0,0,0,0.5,0
7,C,ミヤマカンスゲ,0,12,10,7,5
7,C,ヤマイヌワラビ,0,0.5,0,0,0
7,C,ヤマソテツ,1,2,3,5,1.5
7,C,ユキザサ,0.5,2,1,0.5,0
7,S,チシマザサ,8,30,25,23,20
8,B2,アオダモ,0,1,0.5,1,0.2
8,B2,イタヤカエデ,0,0,1,0,0
8,B2,ウリハダカエデ,0,6,0,4,3
8,B2,ウワミズザクラ,3,0,0.5,0.5,1
8,B2,オオカメノキ,6,30,30,35,3
8,B2,オオバクロモジ,4,5,5,19,4
8,B2,コシアブラ,0,1,2,4,3
8,B2,サワフタギ,0,0,1,1.5,0
8,B2,タムシバ,0,0,0,0.5,0
8,B2,トチノキ,0,0,0.5,0,0
8,B2,ナナカマド,0,0,0,0,0.1
8,B2,ハイイヌガヤ,1,0,0.5,0.5,0.5
8,B2,ハウチワカエデ,0,0,0.5,0.5,0
8,B2,ヒメアオキ,1,0,0.5,0.5,0
8,B2,ブナ,4,10,1,0.5,0
8,B2,ホオノキ,0,0,0,1.5,0
8,B2,マユミ,0.5,0,0,0,0
8,B2,ミズキ,0.5,0,0,0,0
8,B2,ヤマウルシ,0,1,2,4,0.5
8,C,イワカガミ,0.5,0,0,0,0
8,C,コカンスゲ,4,0,0,0,0
8,C,シラネワラビ,5,20,0.5,14,25
8,C,タケシマラン,0,1,0.5,0.5,0
8,C,チゴユリ,0.5,0.5,0.5,5,0.1
8,C,ツクバネソウ,0,0.5,0.5,0,0
8,C,ツルアリドオシ,0.5,0.5,0.5,0.5,0.2
8,C,ハイイヌツゲ,0,0.5,0,0.5,0
8,C,ヒメモチ,0,0,0.5,0.5,0.3
8,C,ホウチャクソウ,1,0,0,0,0
8,C,ホソバナライシダ,0,3,0.5,0.5,0.5
8,C,ミヤマカンスゲ,0,10,3,4.5,5
8,C,ヤマソテツ,1,2,1,0.5,0.5
8,C,ユキザサ,3,4,0.5,0.3,0.1
8,S,チシマザサ,7,35,15,11,15
9,B2,イタヤカエデ,0,0,0,0,0.1
9,B2,ウリハダカエデ,0,5,1,1,2
9,B2,ウワミズザクラ,4,2,2,2,0.5
9,B2,オオカメノキ,5,12,25,21,8.5
9,B2,オオバクロモジ,4,2,4,7,2
9,B2,コシアブラ,0,0.5,1,0,0
9,B2,コマユミ,0,0,0,0.5,0
9,B2,サワフタギ,0,3,3,7,2
9,B2,タムシバ,0,0.5,0.5,0.5,0.5
9,B2,ツノハシバミ,0.5,0,0,0,0
9,B2,ハイイヌガヤ,0.5,0,0,0,0
9,B2,ハウチワカエデ,0,4,5,5,3
9,B2,ブナ,6,25,5,5,3
9,B2,ホオノキ,0,0,0,1,0
9,B2,マユミ,4,0,0,0,0
9,B2,ミズキ,3,0,0,0,0
9,B2,ヤマウルシ,0,0.5,0.5,0.5,0
9,C,エンレイソウ,0,0.5,0,0,0
9,C,コカンスゲ,4,0,0,0,0
9,C,シラネワラビ,6,20,25,30,20
9,C,タチシオデ,0,0.5,0,0,0
9,C,ツルアリドオシ,0.5,0,0,0,0
9,C,ハイイヌツゲ,0.5,0,0,0,0
9,C,ヒメモチ,0,0.5,0.5,0.5,0
9,C,ヒロハユキザサ,0,0,0.5,0.5,0
9,C,ミヤマカンスゲ,0,10,12,8,5
9,C,ヤマイヌワラビ,0,0,0.5,0.5,0
9,C,ヤマソテツ,4,4,3,5,0.5
9,C,ユキザサ,3,4,1,1,0.1
9,S,チシマザサ,8,50,10,12,11
10,B2,アオダモ,0,0.5,0.5,0,0
10,B2,イタヤカエデ,0.5,0,0,0,0
10,B2,ウリハダカエデ,0,5,2,2,2
10,B2,ウワミズザクラ,4,6,5,5,2
10,B2,オオカメノキ,5,15,10,4,10
10,B2,オオバクロモジ,0,2,6,7,1
10,B2,コシアブラ,0,0,0,2,1
10,B2,サワフタギ,0,0.5,0,0.5,0
10,B2,ツリバナ,0,0,0,0.5,0
10,B2,トチノキ,0,0.5,0,0.5,0
10,B2,ハイイヌガヤ,0,0,0,0,0.2
10,B2,ハウチワカエデ,0,3,3,0,0
10,B2,ヒメアオキ,0,0,0,0.5,0.1
10,B2,ブナ,0,0,0,5,1.5
10,B2,ホオノキ,0,3,1,1,0.5
10,B2,マユミ,3,0,0,0,0
10,B2,ミズキ,3,0,0.5,0.5,1.5
10,B2,ヤマウルシ,1,0.5,1,1,0
10,C,エンレイソウ,0,0,0,0.5,0.1
10,C,ギンリョウソウ,0,0.5,0.5,0,0
10,C,サンカヨウ,0,0,0,0.5,0
10,C,シラネワラビ,5,18,20,15,19
10,C,タケシマラン,0,0.5,0,0,0
10,C,タチシオデ,0,0,0,0.5,0
10,C,タニギキョウ,0,0.5,0,0,0
10,C,チゴユリ,3,3,1,1,0
10,C,ツクバネソウ,0,0.5,0,0,0
10,C,ツルアリドオシ,0.5,1,0,0,0
10,C,ツルリンドウ,0,0,0.5,0.5,0
10,C,ハイイヌツゲ,0.5,0,0,0,0
10,C,ヒメカンアオイ,2,0,0.5,0,0
10,C,ヒメモチ,0,2,2,2,0
10,C,ホウチャクソウ,0.5,0,0,0,0.3
10,C,マイヅルソウ,0,0,0.5,0,0
10,C,ミヤマイタチシダ,0,0,0,0,0.1
10,C,ミヤマウズラ,0,0,0.5,0,0
10,C,ミヤマカンスゲ,0,5,15,8,10
10,C,ヤマイヌワラビ,0,0.5,0,0.5,0
10,C,ヤマソテツ,4,5,4,13,4
10,C,ユキザサ,4,4,1,1,0.1
10,S,チシマザサ,8,50,10,13,15
11,B2,アオダモ,0,1,1,1,0.2
11,B2,イタヤカエデ,0.5,1,0.5,0.5,0.5
11,B2,ウリハダカエデ,0,2,1,1,0.5
11,B2,ウワミズザクラ,3,0,0,0,0
11,B2,オオイタヤメイゲツ,0,0,1,0,0
11,B2,オオカメノキ,5,18,30,20,7
11,B2,オオバクロモジ,5,6,10,13,8
11,B2,クサアジサイ,0,1,0.5,0,0
11,B2,コシアブラ,0,0.5,1,3,1
11,B2,コマユミ,4,0.5,0.5,0.2,0.5
11,B2,ツノハシバミ,0,0.5,0,0,0
11,B2,ツリバナ,0,0.5,0.5,0,0.1
11,B2,トチノキ,0.5,0,0.5,0,0.5
11,B2,ノリウツギ,2,0,0,0,0
11,B2,ハイイヌガヤ,1,6,1,2,3
11,B2,ハウチワカエデ,0,1,1,1,0.1
11,B2,ヒメアオキ,0,5,5,3,2
11,B2,ブナ,0,0,3,2,1
11,B2,マユミ,1,0,0,0,0
11,B2,ミズキ,4,0.5,0.5,0,0
11,B2,ヤマウルシ,0,0,0.5,3,0.1
11,C,オシダ,0,0,0,0.2,0
11,C,コカンスゲ,5,0,1,0,0
11,C,シノブカグマ,0,0,0.5,0,0
11,C,シラネワラビ,5,15,30,30,9
11,C,タケシマラン,0,0,0,0,0.1
11,C,タチシオデ,0,0,0.5,0.2,0
11,C,タニギキョウ,0,0.5,0.5,0,0.1
11,C,チゴユリ,0.5,2,1,0.2,0
11,C,ツルアリドオシ,3,3,0.5,0.5,0.5
11,C,ハイイヌツゲ,0,1,0,0,0
11,C,ヒメカンアオイ,0,0,1,1,0
11,C,ヒメモチ,0,2,2,2,0.2
11,C,ホソバナライシダ,0,3,0.5,0,0.2
11,C,ミヤマウズラ,0,0.5,0.5,0.2,0
11,C,ミヤマカンスゲ,0,10,20,20,20
11,C,ヤマイヌワラビ,0,0.5,0,1,0
11,C,ヤマソテツ,4,4,3,5,4
11,C,ユキザサ,0.5,3,0,0.5,0
11,S,チシマザサ,8,60,40,40,20
12,B2,アオダモ,0,0.5,0.5,3,1
12,B2,イタヤカエデ,0,0.5,0.5,0.5,0.1
12,B2,ウリハダカエデ,0,3,1,2,0.2
12,B2,ウワミズザクラ,0,0,1,1,0.1
12,B2,オオイタヤメイゲツ,0,0,5,0,0
12,B2,オオカメノキ,4,8,35,20,9
12,B2,オオバクロモジ,5,6,5,8,5
12,B2,コシアブラ,0.5,0.5,2,4,2
12,B2,コマユミ,0,0,0.5,0.2,0
12,B2,タムシバ,0,0,0,0,0.1
12,B2,ツリバナ,0,0,0.5,1,0
12,B2,トチノキ,0,0.5,0.5,0.5,0.2
12,B2,ナナカマド,0,0.5,0.5,0.5,0
12,B2,ノリウツギ,1,0,0,0,0
12,B2,ハイイヌガヤ,0.5,0,0,1,0.2
12,B2,ハウチワカエデ,0,4,5,2,2
12,B2,ヒメアオキ,3,5,1,4,2
12,B2,ブナ,5,12,5,4,1
12,B2,マユミ,4,0,0,0,0
12,B2,ミズキ,2,0,0,0,0.1
12,B2,ヤマウルシ,0,2,7,8,1
12,B2,ヤマモミジ,0,2,1,3,0.2
12,C,コカンスゲ,5,0,0,0,0
12,C,シノブカグマ,0,0.5,1,1.5,0.5
12,C,シラネワラビ,6,15,40,15,8
12,C,チゴユリ,0,0,1,0.5,0.1
12,C,ツクバネソウ,0,0,0,0,0.1
12,C,ツルアリドオシ,2,2,3,3,2
12,C,ツルリンドウ,0,0.5,0,0,0
12,C,ハイイヌツゲ,0.5,4,3,2,2
12,C,ヒメモチ,0,0,1,1,0.2
12,C,ホソバナライシダ,0,1,1,0,0
12,C,ミヤマウズラ,0,0.5,1,0,0.1
12,C,ミヤマカンスゲ,0,20,30,20,10
12,C,ヤマイヌワラビ,0,0.5,0.5,0.5,0
12,C,ヤマソテツ,0,0.5,5,8,3
12,C,ユキザサ,2,2,1,0.5,0.1
12,S,チシマザサ,8,0.5,40,30,17
13,B2,アオダモ,0,2,2,2,0.2
13,B2,イタヤカエデ,0,1,0.5,0.5,0.1
13,B2,ウリハダカエデ,0.5,5,1,1,3
13,B2,ウワミズザクラ,4,0,0,2,0.2
13,B2,オオカメノキ,5,10,25,20,15
13,B2,オオバクロモジ,4,10,10,25,6
13,B2,コシアブラ,0.5,1,5,14,5
13,B2,コマユミ,0.5,0,0,0.2,0
13,B2,サワフタギ,0,0,1,1,1
13,B2,ツノハシバミ,0.5,0,0,0,0.2
13,B2,トチノキ,0,0.5,1,0.2,0
13,B2,ナナカマド,0,0,0.5,1,0.5
13,B2,ノリウツギ,0,0,0,0,0.1
13,B2,ハウチワカエデ,0,5,1,2,0.5
13,B2,ブナ,0,0,40,5,5
13,B2,ホオノキ,0,1,10,4,2
13,B2,マユミ,3,0,0,0,0
13,B2,ミズキ,3,0,0,0,0
13,B2,ヤマウルシ,0.5,1,1,5,2
13,C,ウド,0,0.5,0,0,0
13,C,エンレイソウ,0,0,0.5,0,0
13,C,オシダ,0,0.5,1,1,0
13,C,コカンスゲ,4,0,0,0,0
13,C,サワダツ,0,0,0.5,0,0
13,C,シノブカグマ,0,0.5,0.5,0,0
13,C,シラネワラビ,4,5,10,10,5
13,C,タチシオデ,0.5,0,0,0,0
13,C,タニギキョウ,0,0,0.5,0.2,0
13,C,チゴユリ,0.5,0,0.5,0.1,0
13,C,ツクバネソウ,0,0.5,0,0,0.1
13,C,ツルアリドオシ,0.5,5,0.5,2,2
13,C,ツルリンドウ,0,0,0,0,0.1
13,C,ヒメカンアオイ,0.5,0,0,0,0
13,C,ヒメモチ,0,0.5,0.5,0.5,1
13,C,ヒロハユキザサ,0,0,0.5,0.5,0
13,C,ホソバナライシダ,0,1,1,0.5,0.1
13,C,ミヤマウズラ,0,0,1,0,0
13,C,ミヤマカンスゲ,0,8,15,3,5
13,C,ヤマイヌワラビ,0,0.5,2,0.5,0.1
13,C,ヤマソテツ,2,3,5,4,4
13,C,ヤマドリゼンマイ,0,0,0,1,0
13,C,ユキザサ,3,2,0.5,1,0.1
13,C,リョウメンシダ,0,0,0,0,0.1
13,S,チシマザサ,6,25,30,20,8
14,B2,アクシバ,0,0,1,2,1.5
14,B2,イタヤカエデ,0,0,0.5,0,0
14,B2,ウリハダカエデ,0.5,8,1,5,4
14,B2,ウワミズザクラ,5,0,2,2,1
14,B2,オオイタヤメイゲツ,0,0,1,0,0
14,B2,オオカメノキ,4,5,5,10,10.5
14,B2,オオバクロモジ,5,6,1,3,5
14,B2,コシアブラ,0,0,1,1,0.5
14,B2,コマユミ,0,0,0.5,0.5,0.2
14,B2,スノキ,0,1,1,0,0
14,B2,タムシバ,0,0,1,0.5,0
14,B2,ツリバナ,0,0,0.5,0.2,0
14,B2,トチノキ,0,0,0.5,0.5,0.1
14,B2,ハイイヌガヤ,0,0,0,0,0.1
14,B2,ハウチワカエデ,0,0,1,1,0.1
14,B2,ヒメアオキ,3,2,1,1,5
14,B2,ブナ,6,25,20,8,9
14,B2,ミズキ,2,0.5,0.5,1,0.1
14,B2,ヤマウルシ,0,3,1,2,0.1
14,C,エンレイソウ,0,0,0,0.2,0.1
14,C,オオバタケシマラン,0,0,0,0,0.1
14,C,オシダ,0.5,3,1,0,0
14,C,カメバヒキオコシ,0.5,0.5,0.5,1,0.2
14,C,コカンスゲ,5,0,0,0,0
14,C,サンカヨウ,0,0.5,0,0,0
14,C,シラネアオイ,0,18,5,0.1,0
14,C,シラネワラビ,5,0,7,10,4
14,C,ジュウモンジシダ,0,0,0.5,0,0
14,C,タケシマラン,0,0,0.5,0.5,0.1
14,C,タチシオデ,0,0.5,0,0,0.1
14,C,タニギキョウ,0,0,0.5,0.5,0.1
14,C,チゴユリ,0,0,0.5,0.5,0.1
14,C,ツクバネソウ,0,0,0,0,0.1
14,C,ツルアリドオシ,0,0,0,1,0
14,C,ツルリンドウ,0,0,1,0,0
14,C,ハイイヌツゲ,0.5,0,0,0,0
14,C,ヒメモチ,0,0.5,0.5,14,3
14,C,ホソバナライシダ,0,0.5,0.5,1,0
14,C,ミヤマウズラ,0,0.5,0,0,0
14,C,ミヤマカンスゲ,0,8,15,20,5
14,C,ミヤマシキミ,0,0.5,0,0,0
14,C,ヤマイヌワラビ,0,0,0.5,1,0
14,C,ヤマソテツ,5,10,6,10,5
14,C,ヤマトユキザサ,0,0,0,0,0.1
14,C,ユキザサ,4,4,0.5,0.5,0.1
14,S,チシマザサ,8,50,10,10,10
15,B2,アオダモ,0,0,0.1,0.1,0.1
15,B2,イタヤカエデ,0,0,0.1,0.2,0
15,B2,ウリハダカエデ,0,1,0.1,2,6.5
15,B2,ウワミズザクラ,0,6,5,3,1
15,B2,オオカメノキ,5,5,7,4,5
15,B2,オオバクロモジ,4,4,4,3,3
15,B2,コシアブラ,0,0,0.1,0.5,0.3
15,B2,コマユミ,0,0.5,0.1,0.2,0.1
15,B2,ツノハシバミ,0,0.5,0,0,0
15,B2,ツリバナ,0,0,2,1,0.2
15,B2,トチノキ,0,0.5,0.2,0.5,0.5
15,B2,ノリウツギ,0,0,0,0,0.1
15,B2,ハウチワカエデ,0,0,0,0,1
15,B2,ヒメアオキ,0,0.5,0.5,1,0.5
15,B2,ブナ,6,20,10,16,15
15,B2,ホオノキ,0,1,1,1,0.2
15,B2,ミズキ,4,0,0,0,0.1
15,B2,ヤマウルシ,0.5,0,0,0,0
15,C,オシダ,0,0.5,0,1,0
15,C,カメバヒキオコシ,0.5,0.5,1,3,0
15,C,コカンスゲ,5,0,0,0,0
15,C,サカゲイノデ,0,0.5,2,0.5,0
15,C,サラシナショウマ,0,0.5,0,0,0
15,C,シラネワラビ,4,10,5,15,15
15,C,ジュウモンジシダ,0,0.5,0,0,0
15,C,タケシマラン,0,1,0.1,0.5,0.1
15,C,タチシオデ,0,0.5,0.1,0.7,0
15,C,タニギキョウ,0,0,0,0.5,0.1
15,C,チゴユリ,0,0,0,0,0.1
15,C,ツクバネソウ,0.5,0,0,0,0
15,C,ツルアリドオシ,0.5,0.5,0,0,0.2
15,C,ツルリンドウ,0,0.5,0,0.2,0.1
15,C,テンニンソウ,0,0,0,0.5,0
15,C,トチバニンジン,0,0,0.2,0.2,0.1
15,C,ハイイヌツゲ,2,0,0,0,0
15,C,ヒメモチ,0,0,0,0,0.1
15,C,ホウチャクソウ,1,0,0,0.5,0
15,C,ミヤマイタチシダ,0,0,0,0,0.1
15,C,ミヤマカンスゲ,0,10,6,6,7
15,C,ミヤマシキミ,0,0.5,0,0,0
15,C,ヤマイヌワラビ,0,0.5,0.2,1,0
15,C,ヤマソテツ,3,3,8,6,4
15,C,ユキザサ,3,3,0.5,0.5,0.1
15,S,チシマザサ,8,50,20,20,8
16,B2,アオダモ,0,3,2,2,2.5
16,B2,イタヤカエデ,0,0.5,0.1,0.1,0
16,B2,ウリハダカエデ,0.5,4,1,0.2,1
16,B2,ウワミズザクラ,4,0,0,0,1.5
16,B2,オオカメノキ,6,18,12,13,10
16,B2,オオバクロモジ,4,5,5,4,1.5
16,B2,クサアジサイ,0.5,5,0,0,0
16,B2,コシアブラ,0.5,0,0.5,0.1,0.2
16,B2,コマユミ,1,0,0,0.2,0
16,B2,ツノハシバミ,0.5,0,0,2,0
16,B2,トチノキ,0,0,0.2,0.1,0.1
16,B2,ナナカマド,0,0.5,0,0.1,0
16,B2,ノリウツギ,0,0.5,0.5,0.5,0.5
16,B2,ハイイヌガヤ,3,2,2,0.2,1.5
16,B2,ヒメアオキ,3,0,1,0.2,0.5
16,B2,ブナ,0,4,3,2,1.5
16,B2,マユミ,4,0,0,0,0
16,B2,ヤマアジサイ,0,0.5,0.5,0.2,0
16,B2,ヤマウルシ,0,3,1,1,0.2
16,B2,ヤマモミジ,0,5,4,2,1.5
16,C,オシダ,0,0.5,1,0.5,0
16,C,カメバヒキオコシ,0,1,1,0.2,0
16,C,コカンスゲ,5,0,0,0,0
16,C,シラネワラビ,6,20,8,10,13
16,C,タケシマラン,0,0,0.1,0,0
16,C,タニギキョウ,0,0,0,0,0.1
16,C,ツルアリドオシ,0.5,3,0.2,0.1,1
16,C,ツルリンドウ,0,0,0,0,0.1
16,C,テンニンソウ,0,0,7,7,6
16,C,トチバニンジン,0,0.5,0,0,0
16,C,ハイイヌツゲ,1,0.5,0.2,2,0.2
16,C,ヒメモチ,0,0.5,0.2,0.2,0.2
16,C,ホソバナライシダ,0,0.5,2,0,0.3
16,C,ミヤマイボタ,0,0.5,0.5,0.2,0.1
16,C,ミヤマウズラ,0,0.5,0,0,0.1
16,C,ミヤマカンスゲ,0,10,15,10,10
16,C,ヤマイヌワラビ,0,0.5,0.5,0.1,0.1
16,C,ヤマソテツ,3,3,3,3,5
16,C,ヤマドリゼンマイ,0,0.5,0,0.3,0
16,C,ユキザサ,0.5,0.5,0,0,0.1
16,S,チシマザサ,7,40,10,10,9
17,B2,アオダモ,0,4,4,5,2
17,B2,イタヤカエデ,0,0,0,0.5,0
17,B2,ウリハダカエデ,0,4,4,3.4,1
17,B2,ウワミズザクラ,3,2,2,1.5,1
17,B2,オオカメノキ,6,10,25,17,13
17,B2,オオバクロモジ,4,6,4,6,4
17,B2,コシアブラ,0,0.5,1,1,0.5
17,B2,コマユミ,2,0,0,0,0.1
17,B2,ツノハシバミ,0.5,0.5,1,0,0
17,B2,ツリバナ,0,0,0.2,0.5,0
17,B2,トチノキ,0,0,0,0.5,0
17,B2,ノリウツギ,0.5,0.5,0.5,0.5,0.5
17,B2,ハイイヌガヤ,3,2,0.5,1,0.5
17,B2,ハウチワカエデ,0,5,8,3,0.5
17,B2,ヒメアオキ,1,2,3,3,1
17,B2,ブナ,0,4,4,1.5,1
17,B2,マユミ,4,0,0,0,0
17,B2,ミズキ,1,0,0,0,0
17,B2,ヤマウルシ,0,1,3,4,0.5
17,C,エンレイソウ,0,0,0,0,0.1
17,C,コカンスゲ,5,0,0,0,0
17,C,シラネワラビ,5,15,15,18,14
17,C,タニギキョウ,0,0,0,0,0.1
17,C,チゴユリ,0.5,0.5,0,0.5,0.2
17,C,ツルアリドオシ,1,1,0.1,0.5,0
17,C,ツルリンドウ,0,0.5,0,0,0
17,C,ハイイヌツゲ,0,2,0.5,1,1
17,C,ヒメモチ,0,0,0.1,0.5,1
17,C,ミヤマウズラ,0,0,0,0,0.1
17,C,ミヤマカンスゲ,0,10,20,5,5
17,C,ヤマイヌワラビ,0,0.5,0,0,0
17,C,ヤマソテツ,3,3,5,7,1
17,C,ユキザサ,1,1,0.1,0.5,0.2
17,S,チシマザサ,8,40,20,15,10
18,B2,アオダモ,0,0,1,1,0.5
18,B2,イタヤカエデ,1,1,0.2,0,0
18,B2,ウリハダカエデ,0,3,2,6,8
18,B2,ウワミズザクラ,4,4,3,5,0
18,B2,オオカメノキ,5,15,20,14,15
18,B2,オオバクロモジ,5,15,15,13,8
18,B2,コシアブラ,1,0,1,3,0.5
18,B2,ツノハシバミ,0,0,0.1,0,0
18,B2,ツリバナ,0,0,0,0,0.1
18,B2,ナナカマド,0,1,0.2,0.5,0.5
18,B2,ノリウツギ,0,0.5,1,1,1
18,B2,ハウチワカエデ,0,0,0,0.1,0.1
18,B2,ヒメアオキ,4,4,4,5,1
18,B2,ブナ,4,5,2,1,0.5
18,B2,ミズキ,1,0,0,0,0
18,B2,ヤマウルシ,0,5,6,6,1
18,C,イワカガミ,0.5,0,0,0,0
18,C,オシダ,0,0.5,0.5,0,0
18,C,コカンスゲ,5,0,0,0,0
18,C,シラネワラビ,6,18,25,25,20
18,C,タチシオデ,0.5,0.5,0.2,0.1,0.1
18,C,タニギキョウ,0,0.5,0.1,0.1,0
18,C,チゴユリ,0,0,0,0,0.1
18,C,ツルアリドオシ,0,1,0.5,0.5,0.5
18,C,ツルリンドウ,0,0.5,0,0,0
18,C,ハイイヌツゲ,1,0,0,0,0
18,C,ヒメモチ,0.5,1,2,2,1.5
18,C,ミヤマウズラ,0,0.5,0.2,0.1,0.1
18,C,ミヤマカンスゲ,0,20,10,10,1
18,C,ヤマソテツ,2,1,5,5,2
18,C,ユキザサ,1,0.5,0.1,0.2,0.1
18,S,チシマザサ,9,0,0,5,10
19,B2,アオダモ,0,0.5,0,0,0
19,B2,ウリハダカエデ,0.5,5,2,4,3
19,B2,ウワミズザクラ,4,3,3,2,1.5
19,B2,オオカメノキ,5,10,10,11,6
19,B2,オオバクロモジ,3,5,5,12,2.5
19,B2,コシアブラ,0,0.5,1,4,1
19,B2,コマユミ,2,0,0,0,0
19,B2,サワフタギ,5,10,7,7,3
19,B2,タニウツギ,0,2,2,0.5,0.5
19,B2,ツノハシバミ,0.5,0.5,0,2,1.5
19,B2,ツリバナ,0,0,0.5,0.2,0.2
19,B2,トチノキ,0,0.5,0,0,0
19,B2,ナナカマド,0,0.5,1,2,0.1
19,B2,ノリウツギ,0,0,0.5,0.5,0.1
19,B2,ハイイヌガヤ,0,1,0,0,0
19,B2,ハウチワカエデ,0,0,0,0,0.5
19,B2,ヒメアオキ,0,0,1,1,1
19,B2,ブナ,5,10,20,4,5
19,B2,ミズキ,1,0,0,0,0
19,C,アカミノルイヨウショウマ,0.5,0,0,0,0
19,C,エンレイソウ,0,0.5,0,0,0
19,C,コカンスゲ,4,0,0,0,0
19,C,シラネワラビ,6,15,10,14,10
19,C,タニギキョウ,0.5,0.5,0,0,0
19,C,チゴユリ,0,0,0,0.1,0
19,C,ツルアリドオシ,1,0,0,0,0
19,C,ハイイヌツゲ,0.5,0,0,0,0
19,C,ヒメモチ,0,0,0.2,1,1
19,C,マイヅルソウ,0,0.5,0,0,0
19,C,ミヤマカンスゲ,0,15,10,5,4
19,C,ミヤマシキミ,0,0.5,0,0,0
19,C,ヤマイヌワラビ,0,0.5,0,0,0
19,C,ヤマソテツ,0.5,1,2,2,1
19,C,ユキザサ,4,3,0.1,1,0.2
19,S,チシマザサ,9,60,12,10,8
20,B2,アオダモ,0,0,0.2,0.2,0.2
20,B2,ウリハダカエデ,0,4,1,0.6,0.5
20,B2,ウワミズザクラ,4,1,1,1,1.5
20,B2,オオカメノキ,5,10,10,10,7
20,B2,オオバクロモジ,1,2,1,2,1
20,B2,コシアブラ,0.5,0,0.1,0.5,0.2
20,B2,コマユミ,0,0,0.1,0.1,0.1
20,B2,サワフタギ,5,15,2,4,2
20,B2,タムシバ,0,0,0,0.2,0.5
20,B2,ツノハシバミ,0,0,0.2,0,0
20,B2,トチノキ,0,0,0,0.2,0
20,B2,ナナカマド,0,1,2,2,2.5
20,B2,ハイイヌガヤ,0,0,0.5,2,0.6
20,B2,ハウチワカエデ,0,0,2,2,0.1
20,B2,ヒメアオキ,0,0,3,4,4
20,B2,ブナ,0,4,8,11,4
20,B2,マユミ,1,0,0,0.1,0
20,B2,ミズキ,1,0,0.5,4,1
20,B2,ヤマモミジ,0,0.5,0,0.2,0
20,C,イボタノキ,0,0,0.2,0.3,0
20,C,エンレイソウ,0,0.5,0,0.5,0
20,C,コカンスゲ,5,0,0,0,0
20,C,シラネワラビ,5,16,25,24,20
20,C,タケシマラン,0,0.5,0.1,0,0
20,C,タチシオデ,0,0.5,0,0.1,0.1
20,C,タニギキョウ,0,0.5,0,0,0
20,C,チゴユリ,0.5,0.5,0,0.1,0.1
20,C,ツクバネソウ,0.5,0,0,0.2,0
20,C,ツルアリドオシ,0.5,0,0,0,0
20,C,ツルリンドウ,0,0,0,0.1,0
20,C,ハイイヌツゲ,3,0.5,0,0,0
20,C,ヒメモチ,0,2,0.5,0.5,0.5
20,C,ヒロバスゲ,0,0,0.1,0,0
20,C,ホウチャクソウ,0.5,0,0,0,0
20,C,マイヅルソウ,0,0.5,0,0,0
20,C,ミヤマカンスゲ,0,8,3,2,5
20,C,ヤマイヌワラビ,0,0.5,0.5,0.2,0
20,C,ヤマソテツ,3,3,3,7,3
20,C,ユキザサ,4,6,0.5,2,0.5
20,S,チシマザサ,9,85,10,20,12
21,B2,アオダモ,0,0.5,0.2,0.2,1
21,B2,イタヤカエデ,0.5,0.5,0.2,0.2,0.1
21,B2,ウリハダカエデ,0.5,0.5,0,0.5,0.2
21,B2,ウワミズザクラ,0,4,0,6,0.2
21,B2,オオカメノキ,6,35,20,18,10
21,B2,オオバクロモジ,2,5,3,2,2
21,B2,クサアジサイ,0,8,0,0,0
21,B2,コシアブラ,0,0,0.1,0.2,1
21,B2,コマユミ,3,0.5,0.5,0.5,0.1
21,B2,ツリバナ,0,0,1,0.2,0.1
21,B2,トチノキ,0,0.5,0.2,0.1,0.5
21,B2,ナナカマド,0,0.5,0.1,0,0.1
21,B2,ハイイヌガヤ,0,5,1,1,1
21,B2,ハウチワカエデ,0,5,0,0,0
21,B2,ヒメアオキ,0,0,4,3,2
21,B2,ブナ,4,5,2,3,0.5
21,B2,マユミ,4,0,0,0,0
21,B2,ミズキ,4,0,0.2,0.58,0.2
21,B2,ヤマモミジ,0,0,0.1,5,4
21,C,エンレイソウ,0,0,0,0.1,0.1
21,C,オシダ,0,0,0,0,1
21,C,カメバヒキオコシ,0,0,1,0.5,0
21,C,コカンスゲ,4,0,0,0,0
21,C,サカゲイノデ,0,0.5,0,0,0.5
21,C,シラネワラビ,6,20,15,13,9
21,C,ジュウモンジシダ,0,0,0,0,0.5
21,C,スミレサイシン,0,0,0.1,0.1,0
21,C,タケシマラン,0,0.5,0,0,0
21,C,タチシオデ,0.5,0,0,0,0.1
21,C,チゴユリ,0.5,0.5,0,0,0
21,C,テンニンソウ,0,0,4,3,0.1
21,C,ハイイヌツゲ,0.5,0.5,0.2,0.1,1
21,C,ヒメモチ,0,0,0.2,0.1,0.1
21,C,ミヤマカンスゲ,0,10,15,10,9
21,C,ミヤマシキミ,0,1,0,0,0
21,C,ミヤマワラビ,0,0,0,0,0.1
21,C,ヤマイヌワラビ,0,0.5,1,0.2,0.1
21,C,ヤマソテツ,4,5,10,12,9.5
21,C,ヤマドリゼンマイ,0,0,0.5,1,0
21,C,ユキザサ,0.5,0.5,0,0.1,0
21,S,チシマザサ,8,60,15,10,6
22,B2,アオダモ,0,5,0.1,0.1,1
22,B2,イタヤカエデ,0,0.5,0.2,0.1,0.1
22,B2,ウリハダカエデ,0,3,2,5,1.5
22,B2,ウワミズザクラ,0,0,0,0.1,0
22,B2,オオカメノキ,6,25,8,15,14
22,B2,オオバクロモジ,4,6,4,6,2
22,B2,コシアブラ,0,0.5,1,0.1,1.5
22,B2,コマユミ,4,0,0,0,0
22,B2,ツノハシバミ,0.5,0.5,0.5,2,2
22,B2,ツリバナ,0,0,0,0,0.5
22,B2,トチノキ,0,0,0,0.1,0
22,B2,ナナカマド,0,1,0,1,1
22,B2,ノリウツギ,0,3,2,2,1
22,B2,ハイイヌガヤ,3,4,1,0.5,0.6
22,B2,ハウチワカエデ,0,5,4,3,0
22,B2,ヒメアオキ,0,5,5,4,2
22,B2,ブナ,0,0,0,2,0.5
22,B2,ホオノキ,0.5,0,0,0,0
22,B2,マユミ,4,0,0,0,0
22,B2,ミズキ,4,0,0,0,0
22,B2,ヤマウルシ,0,0,0,0,0.5
22,B2,ヤマモミジ,0,0,0.1,0,0
22,C,コカンスゲ,5,0,0,0,0
22,C,シラネワラビ,6,28,50,45,20
22,C,タチシオデ,0.5,0,0,0,0
22,C,ツクバネソウ,0,0,0,0,0.3
22,C,ツルアリドオシ,0.5,0,0,0,0
22,C,ハイイヌツゲ,1,0,0,0,0
22,C,ヒメモチ,3,0,0.5,0.5,2
22,C,ミヤマウズラ,0,0.5,0,0,0
22,C,ミヤマカンスゲ,0,12,4,5,0.2
22,C,ミヤマシキミ,0,2,0,0,0
22,C,ヤマソテツ,1,3,3,2,9
22,C,ユキザサ,0.5,0.5,0,0,0
22,S,チシマザサ,9,60,25,15,12
23,B2,アオダモ,0,0.5,0.5,0.2,1
23,B2,イタヤカエデ,0,0.5,0,0.1,0.1
23,B2,ウリハダカエデ,0.5,0.5,2,1,1
23,B2,ウワミズザクラ,0,2,4,4,2
23,B2,オオカメノキ,5,10,5,5,7
23,B2,オオバクロモジ,3,3,1,6,4
23,B2,コシアブラ,0,0.5,1,5,2
23,B2,コマユミ,2,0,0,0,0
23,B2,サワフタギ,4,6,0,5,3
23,B2,タカノツメ,0,0,0.1,0,0
23,B2,ツリバナ,0,0,0,0,0.2
23,B2,トチノキ,0,1,0.5,0.1,0.5
23,B2,ナナカマド,0,0,0,0.3,0
23,B2,ノリウツギ,0,0.5,1,2,0.5
23,B2,ハイイヌガヤ,1,2,0.2,1,0.5
23,B2,ハウチワカエデ,0,0.5,0.1,0.1,0.1
23,B2,ヒメアオキ,4,4,4,4,0.3
23,B2,ブナ,0,0,0.5,1,1
23,B2,ミズキ,3,0,0,0,0
23,B2,ヤマウルシ,0,5,5,2,0.1
23,B2,ヤマモミジ,0,0,3,0,0.2
23,C,アカミノルイヨウショウマ,0.5,0,0,0,0
23,C,エンレイソウ,0,0,0,0,0.1
23,C,オシダ,0,0,1,0,0.2
23,C,カメバヒキオコシ,2,0.5,0.2,1,2
23,C,クルマバソウ,0,0.5,0,0,0
23,C,クルマバハグマ,0,0,0.5,0.5,0.1
23,C,コカンスゲ,5,0,0,0,0
23,C,シラネワラビ,5,15,25,30,28
23,C,タニギキョウ,2,0,0,0,0.2
23,C,ツクバネソウ,0,0,0.1,0.1,0
23,C,ヒメモチ,0,0,0.1,0.1,0.2
23,C,ホソバナライシダ,0,0.5,0,0,0
23,C,ミヤマカンスゲ,0,10,2,2,1
23,C,ヤマソテツ,2,2,2,2,1.5
23,C,ヤマドリゼンマイ,0.5,0,0,0.5,3
23,C,ユキザサ,1,2,0.2,0.5,0.2
23,S,チシマザサ,9,80,20,10,8
24,B2,アオダモ,0,0,0.2,0.1,0.5
24,B2,ウリハダカエデ,0.5,3,1,0.5,2
24,B2,ウワミズザクラ,1,5,3,5,3
24,B2,オオカメノキ,5,8,5,6,6
24,B2,オオバクロモジ,4,5,1,3,0.5
24,B2,コシアブラ,0,0,0.1,0.5,0.5
24,B2,コマユミ,2,0,0.1,0,0
24,B2,サワフタギ,4,6,3,2,3
24,B2,ツリバナ,0,0.5,0,0.5,0
24,B2,トチノキ,0,0,0.1,0.1,0
24,B2,ナナカマド,0,0.5,0.2,0.5,0.1
24,B2,ハイイヌガヤ,0,0.5,0.2,0.1,0.1
24,B2,ハウチワカエデ,0,0,0,0.1,0
24,B2,ハリギリ,0,6,0,0,0
24,B2,ヒメアオキ,0,4,3,2,0.1
24,B2,ブナ,5,15,0.5,1,2
24,B2,マユミ,4,0,0,0,0
24,B2,ミズキ,3,0,0,0,0
24,B2,ヤマウルシ,0,1,0.5,0.5,1
24,B2,ヤマモミジ,0,4,1,0.1,0
24,C,オシダ,0,0,0,0,2
24,C,カメバヒキオコシ,0.5,0,0,0,0
24,C,コカンスゲ,5,0,0,0,0
24,C,シラネワラビ,7,25,25,30,28
24,C,タチシオデ,0,0.5,0.1,0.1,0
24,C,ハイイヌツゲ,2,0,0,0,0
24,C,ヒメモチ,0,0,0.2,0.5,1.5
24,C,ミヤマカンスゲ,0,10,5,3,1
24,C,ヤマソテツ,3,3,2,4,3.5
24,C,ユキザサ,4,6,0.2,0.1,0.2
24,S,チシマザサ,9,60,40,10,15
25,B2,アオダモ,0.5,0.5,0.5,0.1,0.2
25,B2,イタヤカエデ,0,0,0.1,0.3,1
25,B2,ウリハダカエデ,0,0,0.2,0.2,1
25,B2,ウワミズザクラ,3,3,1,1,3
25,B2,オオカメノキ,4,5,2,7,5
25,B2,オオバクロモジ,4,5,2,1,1.5
25,B2,クサアジサイ,1,0,0,0,0
25,B2,コシアブラ,0,2,0,0.3,0.2
25,B2,コマユミ,2,0.5,0,0,0
25,B2,サワフタギ,3,5,10,10,10
25,B2,ツノハシバミ,0,0.5,0.2,0,0.5
25,B2,ツリバナ,0,1,0.2,0,0.5
25,B2,ナナカマド,0.5,0,0,0,0
25,B2,ノリウツギ,1,0,0,0,0
25,B2,ハイイヌガヤ,0,2,1,0.5,1
25,B2,ハウチワカエデ,0.5,0,0,1,0.1
25,B2,ヒメアオキ,0,2,0.5,0.2,1
25,B2,ブナ,5,15,2,3,2
25,B2,ホオノキ,1,0,0,0,0
25,B2,ミズキ,4,1,0.5,2,1
25,B2,ヤマモミジ,0,0,0.1,0.1,0
25,C,エンレイソウ,0,0,0,0.1,0.1
25,C,コカンスゲ,5,0,0,0,0
25,C,シラネワラビ,5,15,15,25,25
25,C,タケシマラン,0,0.5,0.1,0.1,0
25,C,タニギキョウ,1,1,0,0,0
25,C,チゴユリ,0,0,0,0,0.1
25,C,ツクバネソウ,0.5,0.5,0,0,0.1
25,C,テンニンソウ,0,0,0.5,0.3,0
25,C,ハイイヌツゲ,0.5,1,0.5,0.2,0.5
25,C,ヒメモチ,0,1,1,0.5,0.5
25,C,ホウチャクソウ,0.5,0,0,0,0
25,C,ミヤマカンスゲ,0,12,20,10,5
25,C,ヤマイヌワラビ,0,0.5,0.2,0.1,0.1
25,C,ヤマソテツ,1,1,4,2,3
25,C,ユキザサ,4,4,2,0.5,0.5
25,S,チシマザサ,9,40,20,20,10
