layer,sp,form,f1,f2,f3,f4,f5,F1,F2,F3,F4,F5,c1,c2,c3,c4,c5,di1,di2,di3,di4,di5,cal
B2,アオダモ,bl,0.07692307692307693,0.6923076923076923,0.8846153846153846,0.7692307692307693,0.8076923076923077,Ⅰ,Ⅳ,Ⅴ,Ⅳ,Ⅴ,0.02,0.94,0.832,1,0.6,1.2403473458920846,25.51017896388088,27.12931993250107,27.735009811261452,22.013981571160283,1
B2,アクシバ,bs,0,0,0.07692307692307693,0.07692307692307693,0.07692307692307693,-,-,Ⅰ,Ⅰ,Ⅰ,0,0,0.04,0.08,0.06,0,0,1.7541160386140586,2.4806946917841692,2.1483446221182985,0
B2,イタヤカエデ,bl,0.23076923076923078,0.4230769230769231,0.6923076923076923,0.5769230769230769,0.46153846153846156,Ⅱ,Ⅲ,Ⅳ,Ⅲ,Ⅲ,0.12,0.26,0.316,0.192,0.104,5.262348115842174,10.488088481701514,14.790849562118828,10.524696231684349,6.928203230275509,1
B2,ウリハダカエデ,bl,0.46153846153846156,0.9230769230769231,0.9230769230769231,1,1,Ⅲ,Ⅴ,Ⅴ,Ⅴ,Ⅴ,0.22,4,2.292,2.936,2.368,10.076629473115577,60.76436202502,45.99665539680366,54.184868736576256,48.66210024238576,1
B2,ウワミズザクラ,bl,0.7692307692307693,0.6538461538461539,0.8076923076923077,0.9230769230769231,0.8461538461538461,Ⅳ,Ⅳ,Ⅴ,Ⅴ,Ⅴ,2.76,2.02,1.96,2.436,1.004,46.076858867298256,36.3423888973913,39.78789920411636,47.419567528767956,29.146843080142684,1
B2,エゾユズリハ,bs,0.07692307692307693,0.07692307692307693,0.11538461538461539,0.07692307692307693,0.11538461538461539,Ⅰ,Ⅰ,Ⅰ,Ⅰ,Ⅰ,0.02,0.02,0.08,0.08,0.032,1.2403473458920846,1.2403473458920846,3.038218101251,2.4806946917841692,1.9215378456610457,1
B2,オオイタヤメイゲツ,bl,0,0,0.15384615384615385,0,0.07692307692307693,-,-,Ⅰ,-,Ⅰ,0,0,0.28,0,0.004,0,0,6.563301233138936,0,0.554700196225229,0
B2,オオカメノキ,bs,1,0.9615384615384616,1,1,1,Ⅴ,Ⅴ,Ⅴ,Ⅴ,Ⅴ,5.24,13.84,15.92,16.56,10.006,72.38784428341543,115.35897150933822,126.17448236470003,128.6856635371633,100.02999550134949,1
B2,オオバクロモジ,bs,0.9615384615384616,0.9615384615384616,1,1,1,Ⅴ,Ⅴ,Ⅴ,Ⅴ,Ⅴ,4,6.48,6.08,9.52,3.432,62.01736729460423,78.93522173763263,77.9743547584717,97.57048734120373,58.58327406350724,1
B2,クサアジサイ,bs,0.11538461538461539,0.15384615384615385,0.07692307692307693,0,0,Ⅰ,Ⅰ,Ⅰ,-,-,0.06,0.56,0.02,0,0,2.631174057921087,9.281909617845141,1.2403473458920846,0,0,0
B2,クロウスゴ,bs,0,0,0.07692307692307693,0.07692307692307693,0,-,-,Ⅰ,Ⅰ,-,0,0,0.02,0.02,0,0,0,1.2403473458920846,1.2403473458920846,0,0
B2,コシアブラ,bl,0.2692307692307692,0.5769230769230769,0.8461538461538461,0.8846153846153846,0.9615384615384616,Ⅱ,Ⅲ,Ⅴ,Ⅴ,Ⅴ,0.14,0.44,1.096,2.236,1.308,6.139406135149204,15.932550136313827,30.45299025357962,44.47471191587417,35.46395786840926,1
B2,コマユミ,bs,0.6153846153846154,0.23076923076923078,0.46153846153846156,0.6153846153846154,0.46153846153846156,Ⅳ,Ⅱ,Ⅲ,Ⅳ,Ⅲ,1.52,0.1,0.17200000000000001,0.208,0.08,30.58405819025028,4.803844614152615,8.909804452658621,11.31370849898476,6.076436202502,1
B2,サワフタギ,bs,0.2692307692307692,0.34615384615384615,0.34615384615384615,0.4230769230769231,0.34615384615384615,Ⅱ,Ⅱ,Ⅱ,Ⅲ,Ⅱ,0.92,1.98,1.2,1.6,1.008,15.738243475442475,26.179851324723277,20.380986614602723,26.017745423519635,18.679482779859747,1
B2,スノキ,bs,0,0.07692307692307693,0.07692307692307693,0,0,-,Ⅰ,Ⅰ,-,-,0,0.04,0.04,0,0,0,1.7541160386140586,1.7541160386140586,0,0,0
B2,タカノツメ,bl,0,0,0.07692307692307693,0,0,-,-,Ⅰ,-,-,0,0,0.004,0,0,0,0,0.554700196225229,0,0,0
B2,タニウツギ,bs,0,0.07692307692307693,0.11538461538461539,0.07692307692307693,0.07692307692307693,-,Ⅰ,Ⅰ,Ⅰ,Ⅰ,0,0.08,0.2,0.02,0.02,0,2.4806946917841692,4.803844614152615,1.2403473458920846,1.2403473458920846,0
B2,タムシバ,bs,0,0.07692307692307693,0.15384615384615385,0.23076923076923078,0.19230769230769232,-,Ⅰ,Ⅰ,Ⅱ,Ⅰ,0,0.02,0.14,0.188,0.084,0,1.2403473458920846,4.6409548089225705,6.586699885725429,4.019184762342501,0
B2,ツノハシバミ,bs,0.4230769230769231,0.2692307692307692,0.3076923076923077,0.19230769230769232,0.19230769230769232,Ⅲ,Ⅱ,Ⅱ,Ⅰ,Ⅰ,0.3,0.12,0.16,0.26,0.168,11.26601424298216,5.683985600588051,7.0164641544562345,7.0710678118654755,5.683985600588051,1
B2,ツリバナ,bs,0,0.19230769230769232,0.38461538461538464,0.46153846153846156,0.46153846153846156,-,Ⅰ,Ⅱ,Ⅲ,Ⅲ,0,0.12,0.336,0.224,0.0984,0,4.803844614152615,11.367971201176102,10.16782254883588,6.739093753271624,0
B2,トチノキ,bl,0.07692307692307693,0.4230769230769231,0.5769230769230769,0.6923076923076923,0.38461538461538464,Ⅰ,Ⅲ,Ⅲ,Ⅳ,Ⅱ,0.02,0.22,0.248,0.23600000000000002,0.104,1.2403473458920846,9.64763821237732,11.961476626107792,12.782199160731901,6.324555320336758,1
B2,ナナカマド,bs,0.07692307692307693,0.4230769230769231,0.4230769230769231,0.46153846153846156,0.38461538461538464,Ⅰ,Ⅲ,Ⅲ,Ⅲ,Ⅱ,0.02,0.26,0.34,0.476,0.20400000000000001,1.2403473458920846,10.488088481701514,11.99358803053339,14.822021039396336,8.857851797221404,1
B2,ノリウツギ,bs,0.23076923076923078,0.3076923076923077,0.4230769230769231,0.38461538461538464,0.46153846153846156,Ⅱ,Ⅱ,Ⅲ,Ⅱ,Ⅲ,0.2,0.32,0.44,0.48,0.24,6.793662204867575,9.922778767136677,13.643820804812927,13.58732440973515,10.524696231684349,1
B2,ハイイヌガヤ,cs,0.5,0.5,0.5769230769230769,0.6153846153846154,0.6923076923076923,Ⅲ,Ⅲ,Ⅲ,Ⅳ,Ⅳ,0.6,2.06,0.596,1.032,0.464,17.32050807568877,32.09361307176243,18.54308911282459,25.200732590084023,17.922911851336245,1
B2,ハウチワカエデ,bl,0.07692307692307693,0.4230769230769231,0.5769230769230769,0.6923076923076923,0.6538461538461539,Ⅰ,Ⅲ,Ⅲ,Ⅳ,Ⅳ,0.02,1.9,1.724,1.232,0.708,1.2403473458920846,28.35218075997248,31.537523438205866,29.204846805334842,21.515647257823243,1
B2,ハリギリ,bl,0,0.07692307692307693,0,0,0,-,Ⅰ,-,-,-,0,0.24,0,0,0,0,4.296689244236597,0,0,0,0
B2,ヒメアオキ,bs,0.5,0.6153846153846154,0.8461538461538461,0.8846153846153846,0.8076923076923077,Ⅲ,Ⅳ,Ⅴ,Ⅴ,Ⅴ,1.44,2.3,2.34,2.016,1.556,26.832815729997474,37.62159772503841,44.49719092257397,42.2301387090383,35.45094118312278,1
B2,ブナ,bl,0.6153846153846154,0.7692307692307693,0.9230769230769231,1,0.8846153846153846,Ⅳ,Ⅳ,Ⅴ,Ⅴ,Ⅴ,3.08,9.06,6.34,3.72,2.444,43.53601515279752,83.481918816177,76.50037707297717,60.99180272790762,46.497311750250674,1
B2,ホオノキ,bl,0.11538461538461539,0.23076923076923078,0.2692307692307692,0.34615384615384615,0.23076923076923078,Ⅰ,Ⅱ,Ⅱ,Ⅱ,Ⅱ,0.06,0.44,0.84,0.56,0.288,2.631174057921087,10.076629473115577,15.038412354828088,13.922864426767713,8.152394645841088,1
B2,マユミ,bs,0.5769230769230769,0,0,0.11538461538461539,0,Ⅲ,-,-,Ⅰ,-,1.74,0,0,0.024,0,31.683531271721492,0,0,1.6641005886756872,0,0
B2,ミズキ,bl,0.9615384615384616,0.15384615384615385,0.3076923076923077,0.23076923076923078,0.3076923076923077,Ⅴ,Ⅰ,Ⅱ,Ⅱ,Ⅱ,2.66,0.08,0.128,0.3232,0.16,50.573632534081504,3.5082320772281173,6.2757163244218885,8.636238497437143,7.0164641544562345,1
B2,ヤマアジサイ,bs,0,0.07692307692307693,0.07692307692307693,0.07692307692307693,0,-,Ⅰ,Ⅰ,Ⅰ,-,0,0.02,0.02,0.008,0,0,1.2403473458920846,1.2403473458920846,0.7844645405527361,0,0
B2,ヤマウルシ,bs,0.23076923076923078,0.6538461538461539,0.7307692307692307,0.7307692307692307,0.6538461538461539,Ⅱ,Ⅳ,Ⅳ,Ⅳ,Ⅳ,0.22,1.6,1.66,1.74,0.476,7.125253031944252,32.344301602505595,34.829253840369915,35.65863796527373,17.641733736534206,1
B2,ヤマモミジ,bl,0,0.19230769230769232,0.3076923076923077,0.2692307692307692,0.19230769230769232,-,Ⅰ,Ⅱ,Ⅱ,Ⅰ,0,0.46,0.372,0.416,0.236,0,9.405399431259603,10.698669938900744,10.583005244258361,6.736810475634251,0
C,アカミノルイヨウショウマ,h,0.11538461538461539,0,0,0,0,Ⅰ,-,-,-,-,0.04,0,0,0,0,2.1483446221182985,0,0,0,0,0
C,イボタノキ,ds,0,0,0.07692307692307693,0.07692307692307693,0,-,-,Ⅰ,Ⅰ,-,0,0,0.008,0.012,0,0,0,0.7844645405527361,0.9607689228305228,0,0
C,イワカガミ,h,0.23076923076923078,0,0.07692307692307693,0,0,Ⅱ,-,Ⅰ,-,-,0.32,0,0.02,0,0,8.593378488473194,0,1.2403473458920846,0,0,0
C,ウド,h,0,0.07692307692307693,0,0,0,-,Ⅰ,-,-,-,0,0.02,0,0,0,0,1.2403473458920846,0,0,0,0
C,ウメガサソウ,h,0,0.07692307692307693,0,0,0,-,Ⅰ,-,-,-,0,0.02,0,0,0,0,1.2403473458920846,0,0,0,0
C,エンレイソウ,h,0,0.15384615384615385,0.07692307692307693,0.2692307692307692,0.3076923076923077,-,Ⅰ,Ⅰ,Ⅱ,Ⅱ,0,0.06,0.02,0.076,0.028,0,3.038218101251,1.2403473458920846,4.523443208612048,2.935197542821371,0
C,オオバタケシマラン,h,0,0,0,0,0.07692307692307693,-,-,-,-,Ⅰ,0,0,0,0,0.004,0,0,0,0,0.554700196225229,0
C,オシダ,f,0.11538461538461539,0.3076923076923077,0.2692307692307692,0.2692307692307692,0.15384615384615385,Ⅰ,Ⅱ,Ⅱ,Ⅱ,Ⅰ,0.04,0.24,0.2,0.148,0.128,2.1483446221182985,8.593378488473194,7.337993857053427,6.312380996593427,4.437601569801832,1
C,カメバヒキオコシ,h,0.19230769230769232,0.19230769230769232,0.23076923076923078,0.23076923076923078,0.11538461538461539,Ⅰ,Ⅰ,Ⅱ,Ⅱ,Ⅰ,0.14,0.1,0.148,0.228,0.088,5.188745216627709,4.385290096535146,5.844129204068486,7.253646297923867,3.1865100272627656,1
C,ギンリョウソウ,h,0,0.07692307692307693,0.07692307692307693,0.07692307692307693,0,-,Ⅰ,Ⅰ,Ⅰ,-,0,0.02,0.02,0.02,0,0,1.2403473458920846,1.2403473458920846,1.2403473458920846,0,0
C,クルマバソウ,h,0,0.07692307692307693,0,0,0,-,Ⅰ,-,-,-,0,0.02,0,0,0,0,1.2403473458920846,0,0,0,0
C,クルマバハグマ,h,0,0,0.07692307692307693,0.07692307692307693,0.07692307692307693,-,-,Ⅰ,Ⅰ,Ⅰ,0,0,0.02,0.02,0.004,0,0,1.2403473458920846,1.2403473458920846,0.554700196225229,0
C,コカンスゲ,h,0.9230769230769231,0,0.07692307692307693,0,0,Ⅴ,-,Ⅰ,-,-,4.12,0,0.04,0,0,61.66909212139355,0,1.7541160386140586,0,0,0
C,サカゲイノデ,f,0,0.11538461538461539,0.07692307692307693,0.07692307692307693,0.07692307692307693,-,Ⅰ,Ⅰ,Ⅰ,Ⅰ,0,0.04,0.08,0.02,0.02,0,2.1483446221182985,2.4806946917841692,1.2403473458920846,1.2403473458920846,0
C,サラシナショウマ,h,0,0.07692307692307693,0,0,0,-,Ⅰ,-,-,-,0,0.02,0,0,0,0,1.2403473458920846,0,0,0,0
C,サワダツ,ds,0,0,0.19230769230769232,0.07692307692307693,0.07692307692307693,-,-,Ⅰ,Ⅰ,Ⅰ,0,0,0.08,0.02,0.004,0,0,3.9223227027636804,1.2403473458920846,0.554700196225229,0
C,サンカヨウ,h,0,0.07692307692307693,0,0.07692307692307693,0,-,Ⅰ,-,Ⅰ,-,0,0.02,0,0.02,0,0,1.2403473458920846,0,1.2403473458920846,0,0
C,シノブカグマ,f,0,0.15384615384615385,0.23076923076923078,0.07692307692307693,0.11538461538461539,-,Ⅰ,Ⅱ,Ⅰ,Ⅰ,0,0.06,0.12,0.06,0.04,0,3.038218101251,5.262348115842174,2.1483446221182985,2.1483446221182985,0
C,シラネアオイ,h,0,0.07692307692307693,0.07692307692307693,0.07692307692307693,0,-,Ⅰ,Ⅰ,Ⅰ,-,0,0.72,0.2,0.004,0,0,7.442084075352507,3.9223227027636804,0.554700196225229,0,0
C,シラネワラビ,f,1,0.9615384615384616,1,1,1,Ⅴ,Ⅴ,Ⅴ,Ⅴ,Ⅴ,5.36,16.52,20.9,22.44,16.88,73.2120208708925,126.03418339726483,144.5683229480096,149.79986648859204,129.9230541512937,1
C,ジュウモンジシダ,f,0,0.07692307692307693,0.07692307692307693,0,0.07692307692307693,-,Ⅰ,Ⅰ,-,Ⅰ,0,0.02,0.02,0,0.02,0,1.2403473458920846,1.2403473458920846,0,1.2403473458920846,0
C,スミレサイシン,h,0,0,0.07692307692307693,0.07692307692307693,0,-,-,Ⅰ,Ⅰ,-,0,0,0.004,0.004,0,0,0,0.554700196225229,0.554700196225229,0,0
C,タケシマラン,h,0,0.3076923076923077,0.34615384615384615,0.2692307692307692,0.23076923076923078,-,Ⅱ,Ⅱ,Ⅱ,Ⅱ,0,0.18,0.096,0.104,0.02,0,7.442084075352507,5.764613536983137,5.2915026221291805,2.1483446221182985,0
C,タチシオデ,h,0.19230769230769232,0.34615384615384615,0.19230769230769232,0.3076923076923077,0.19230769230769232,Ⅰ,Ⅱ,Ⅰ,Ⅱ,Ⅰ,0.08,0.16,0.036000000000000004,0.088,0.016,3.9223227027636804,7.442084075352507,2.631174057921087,5.203549084703926,1.7541160386140586,1
C,タニギキョウ,h,0.15384615384615385,0.3076923076923077,0.23076923076923078,0.23076923076923078,0.3076923076923077,Ⅰ,Ⅱ,Ⅱ,Ⅱ,Ⅱ,0.14,0.16,0.084,0.072,0.032,4.6409548089225705,7.0164641544562345,4.402796314232057,4.076197322920544,3.1378581622109443,1
C,チゴユリ,h,0.5,0.5,0.5384615384615384,0.6153846153846154,0.5384615384615384,Ⅲ,Ⅲ,Ⅲ,Ⅳ,Ⅲ,0.62,0.84,0.34,0.48,0.096,17.60681686165901,20.493901531919192,13.530592118489238,17.186756976946388,7.189736274183336,1
C,ツクバネソウ,h,0.19230769230769232,0.19230769230769232,0.11538461538461539,0.15384615384615385,0.23076923076923078,Ⅰ,Ⅰ,Ⅰ,Ⅰ,Ⅱ,0.08,0.08,0.024,0.032,0.028,3.9223227027636804,3.9223227027636804,1.6641005886756872,2.218800784900916,2.54195563720897,1
C,ツルアリドオシ,h,0.6538461538461539,0.5769230769230769,0.5,0.5769230769230769,0.5,Ⅳ,Ⅲ,Ⅲ,Ⅲ,Ⅲ,0.78,1.72,0.332,0.456,0.944,22.583179581272425,31.500915737605023,12.884098726725126,16.219646206897455,21.725560982400427,1
C,ツルリンドウ,h,0,0.2692307692307692,0.19230769230769232,0.19230769230769232,0.23076923076923078,-,Ⅱ,Ⅰ,Ⅰ,Ⅱ,0,0.12,0.1,0.052,0.024,0,5.683985600588051,4.385290096535146,3.162277660168379,2.3533936216582085,0
C,テンニンソウ,h,0,0,0.15384615384615385,0.19230769230769232,0.11538461538461539,-,-,Ⅰ,Ⅰ,Ⅰ,0,0,0.46,0.432,0.244,0,0,8.412444993533732,9.114654303752998,5.306019803378627,0
C,トチバニンジン,h,0,0.15384615384615385,0.07692307692307693,0.11538461538461539,0.07692307692307693,-,Ⅰ,Ⅰ,Ⅰ,Ⅰ,0,0.06,0.008,0.028,0.004,0,3.038218101251,0.7844645405527361,1.797434068545834,0.554700196225229,0
C,ハイイヌツゲ,ds,0.7307692307692307,0.38461538461538464,0.2692307692307692,0.3076923076923077,0.2692307692307692,Ⅳ,Ⅱ,Ⅱ,Ⅱ,Ⅱ,0.66,0.44,0.196,0.252,0.208,21.96150478240715,13.008872711759818,7.264243303278791,8.805592628464114,7.483314773547881,1
C,ヒメカンアオイ,h,0.2692307692307692,0.19230769230769232,0.3076923076923077,0.3076923076923077,0.11538461538461539,Ⅱ,Ⅰ,Ⅱ,Ⅱ,Ⅰ,0.32,0.28,0.32,0.26,0.18,9.281909617845141,7.337993857053428,9.922778767136677,8.94427190999916,4.557327151876499,1
C,ヒメモチ,ds,0.23076923076923078,0.5384615384615384,0.9615384615384616,0.9615384615384616,0.8846153846153846,Ⅱ,Ⅲ,Ⅴ,Ⅴ,Ⅴ,0.34,0.7,0.78,1.256,0.6172,8.857851797221404,19.414506867883016,27.386127875258303,34.751867686389275,23.36631368839799,1
C,ヒロハユキザサ,h,0,0,0.15384615384615385,0.11538461538461539,0,-,-,Ⅰ,Ⅰ,-,0,0,0.06,0.04,0,0,0,3.038218101251,2.1483446221182985,0,0
C,ヒロバスゲ,h,0,0,0.07692307692307693,0,0,-,-,Ⅰ,-,-,0,0,0.004,0,0,0,0,0.554700196225229,0,0,0
C,ホウチャクソウ,h,0.2692307692307692,0,0,0.07692307692307693,0.07692307692307693,Ⅱ,-,-,Ⅰ,Ⅰ,0.16,0,0,0.02,0.012,6.563301233138936,0,0,1.2403473458920846,0.9607689228305228,0
C,ホソバナライシダ,f,0,0.4230769230769231,0.38461538461538464,0.19230769230769232,0.34615384615384615,-,Ⅲ,Ⅱ,Ⅰ,Ⅱ,0,0.82,0.34,0.1,0.09,0,18.62587117219157,11.435437497937313,4.385290096535146,5.581563056514381,0
C,マイヅルソウ,h,0,0.19230769230769232,0.11538461538461539,0,0,-,Ⅰ,Ⅰ,-,-,0,0.08,0.04,0,0,0,3.9223227027636804,2.1483446221182985,0,0,0
C,ミヤマイタチシダ,f,0,0,0,0.11538461538461539,0.11538461538461539,-,-,-,Ⅰ,Ⅰ,0,0,0,0.04,0.008,0,0,0,2.1483446221182985,0.9607689228305228,0
C,ミヤマイボタ,ds,0,0.07692307692307693,0.07692307692307693,0.07692307692307693,0.07692307692307693,-,Ⅰ,Ⅰ,Ⅰ,Ⅰ,0,0.02,0.02,0.008,0.004,0,1.2403473458920846,1.2403473458920846,0.7844645405527361,0.554700196225229,0
C,ミヤマウズラ,h,0,0.3076923076923077,0.2692307692307692,0.15384615384615385,0.19230769230769232,-,Ⅱ,Ⅱ,Ⅰ,Ⅰ,0,0.14,0.148,0.032,0.016,0,6.563301233138936,6.312380996593427,2.218800784900916,1.7541160386140586,0
C,ミヤマカンスゲ,h,0,1,1,1,1,-,Ⅴ,Ⅴ,Ⅴ,Ⅴ,0,10.28,11.92,8.62,6.448,0,101.3903348450926,109.17875251164944,92.84395510748128,80.29943959953893,0
C,ミヤマシキミ,ds,0,0.2692307692307692,0,0,0,-,Ⅱ,-,-,-,0,0.2,0,0,0,0,7.337993857053427,0,0,0,0
C,ミヤマワラビ,f,0,0,0,0,0.07692307692307693,-,-,-,-,Ⅰ,0,0,0,0,0.004,0,0,0,0,0.554700196225229,0
C,ヤマイヌワラビ,f,0,0.5769230769230769,0.4230769230769231,0.5,0.2692307692307692,-,Ⅲ,Ⅲ,Ⅲ,Ⅱ,0,0.28,0.256,0.244,0.04,0,12.70977818604485,10.407098169407853,11.045361017187261,3.281650616569468,0
C,ヤマソテツ,f,0.9615384615384616,1,1,1,1,Ⅴ,Ⅴ,Ⅴ,Ⅴ,Ⅴ,2.78,3.46,4.28,5.4,3.48,51.70180773509687,58.82176467941097,65.4217089351845,73.48469228349533,58.9915248150105,1
C,ヤマトユキザサ,h,0,0.11538461538461539,0.07692307692307693,0.07692307692307693,0.11538461538461539,-,Ⅰ,Ⅰ,Ⅰ,Ⅰ,0,0.1,0.02,0.02,0.008,0,3.3968311024337874,1.2403473458920846,1.2403473458920846,0.9607689228305228,0
C,ヤマドリゼンマイ,f,0.07692307692307693,0.07692307692307693,0.07692307692307693,0.19230769230769232,0.11538461538461539,Ⅰ,Ⅰ,Ⅰ,Ⅰ,Ⅰ,0.02,0.02,0.02,0.112,0.124,1.2403473458920846,1.2403473458920846,1.2403473458920846,4.6409548089225705,3.7825510317366913,1
C,ユキザサ,h,1,0.9230769230769231,0.8461538461538461,0.9230769230769231,0.8076923076923077,Ⅴ,Ⅴ,Ⅴ,Ⅴ,Ⅴ,2,2.32,0.708,0.548,0.132,44.721359549995796,46.27675941051255,24.476047946450073,22.491023850553223,10.325472609783274,1
C,リョウメンシダ,f,0,0,0,0,0.07692307692307693,-,-,-,-,Ⅰ,0,0,0,0,0.004,0,0,0,0,0.554700196225229,0
S,チシマザサ,sasa,1,0.9615384615384616,0.9615384615384616,1,1,Ⅴ,Ⅴ,Ⅴ,Ⅴ,Ⅴ,7.96,45.22,19.88,17.04,14.28,89.21883209278184,208.52042880919183,138.25839799225437,130.53735097664574,119.49895397031723,1
