sp,Meandk01,Frequencydk01,FreqCodedk01,DominatIndexdk01,Meandk01dk,Frequencydk01dk,FreqCodedk01dk,DominatIndexdk01dk,Meanc02,Frequencyc02,FreqCodec02,DominatIndexc02,Meanc02dk,Frequencyc02dk,FreqCodec02dk,DominatIndexc02dk,Meanc03,Frequencyc03,FreqCodec03,DominatIndexc03,Meanc03dk,Frequencyc03dk,FreqCodec03dk,DominatIndexc03dk,Meanc04,Frequencyc04,FreqCodec04,DominatIndexc04,Meanc04dk,Frequencyc04dk,FreqCodec04dk,DominatIndexc04dk,Meanc05,Frequencyc05,FreqCodec05,DominatIndexc05,Meanc05dk,Frequencyc05dk,FreqCodec05dk,DominatIndexc05dk
アオダモ,0.02,0.07692307692307693,Ⅰ,1.2403473458920846,0.02,0.07692307692307693,Ⅰ,1.2403473458920846,0.94,0.6923076923076923,Ⅳ,25.51017896388088,0.86,0.6923076923076923,Ⅳ,24.40050440840548,0.832,0.8846153846153846,Ⅴ,27.12931993250107,0.86,0.8846153846153846,Ⅴ,27.582045442084798,1,0.7692307692307693,Ⅳ,27.735009811261452,1.04,0.7692307692307693,Ⅳ,28.284271247461902,1,0.7692307692307693,Ⅳ,27.735009811261452,1.04,0.7692307692307693,Ⅳ,28.284271247461902
イタヤカエデ,0.12,0.23076923076923078,Ⅱ,5.262348115842174,0.12,0.23076923076923078,Ⅱ,5.262348115842174,0.26,0.4230769230769231,Ⅲ,10.488088481701514,0.26,0.4230769230769231,Ⅲ,10.488088481701514,0.316,0.6923076923076923,Ⅳ,14.790849562118828,0.4,0.6923076923076923,Ⅳ,16.641005886756876,0.192,0.5769230769230769,Ⅲ,10.524696231684349,0.28,0.5769230769230769,Ⅲ,12.70977818604485,0.192,0.5769230769230769,Ⅲ,10.524696231684349,0.28,0.5769230769230769,Ⅲ,12.70977818604485
ウリハダカエデ,0.22,0.46153846153846156,Ⅲ,10.076629473115577,0.22,0.46153846153846156,Ⅲ,10.076629473115577,4,0.9230769230769231,Ⅴ,60.76436202502,2.88,0.9230769230769231,Ⅴ,51.56027093083916,2.292,0.9230769230769231,Ⅴ,45.99665539680366,1.68,0.9230769230769231,Ⅴ,39.37980739883361,2.936,1,Ⅴ,54.184868736576256,2.08,1,Ⅴ,45.60701700396552,2.936,1,Ⅴ,54.184868736576256,2.08,1,Ⅴ,45.60701700396552
ウワミズザクラ,2.76,0.7692307692307693,Ⅳ,46.076858867298256,2.76,0.7692307692307693,Ⅳ,46.076858867298256,2.02,0.6538461538461539,Ⅳ,36.3423888973913,1.66,0.6538461538461539,Ⅳ,32.945175904593604,1.96,0.8076923076923077,Ⅴ,39.78789920411636,1.76,0.8076923076923077,Ⅴ,37.703295101866914,2.436,0.9230769230769231,Ⅴ,47.419567528767956,2.1,0.9230769230769231,Ⅴ,44.027963142320566,2.436,0.9230769230769231,Ⅴ,47.419567528767956,2.1,0.9230769230769231,Ⅴ,44.027963142320566
オオカメノキ,5.24,1,Ⅴ,72.38784428341543,5.24,1,Ⅴ,72.38784428341543,13.84,0.9615384615384616,Ⅴ,115.35897150933822,4.84,0.9615384615384616,Ⅴ,68.21910402406465,15.92,1,Ⅴ,126.17448236470003,5.08,1,Ⅴ,71.27411872482183,16.56,1,Ⅴ,128.6856635371633,5.2,1,Ⅴ,72.11102550927978,16.56,1,Ⅴ,128.6856635371633,5.2,1,Ⅴ,72.11102550927978
オオバクロモジ,4,0.9615384615384616,Ⅴ,62.01736729460423,4,0.9615384615384616,Ⅴ,62.01736729460423,6.48,0.9615384615384616,Ⅴ,78.93522173763263,3.76,0.9615384615384616,Ⅴ,60.12806844880863,6.08,1,Ⅴ,77.9743547584717,3.2,1,Ⅴ,56.568542494923804,9.52,1,Ⅴ,97.57048734120373,4.04,1,Ⅴ,63.56099432828281,9.52,1,Ⅴ,97.57048734120373,4.04,1,Ⅴ,63.56099432828281
コシアブラ,0.14,0.2692307692307692,Ⅱ,6.139406135149204,0.14,0.2692307692307692,Ⅱ,6.139406135149204,0.44,0.5769230769230769,Ⅲ,15.932550136313827,0.44,0.5769230769230769,Ⅲ,15.932550136313827,1.096,0.8461538461538461,Ⅴ,30.45299025357962,1.08,0.8461538461538461,Ⅴ,30.22988841934673,2.236,0.8846153846153846,Ⅴ,44.47471191587417,1.64,0.8846153846153846,Ⅴ,38.08896468492193,2.236,0.8846153846153846,Ⅴ,44.47471191587417,1.64,0.8846153846153846,Ⅴ,38.08896468492193
コマユミ,1.52,0.6153846153846154,Ⅳ,30.58405819025028,1.52,0.6153846153846154,Ⅳ,30.58405819025028,0.1,0.23076923076923078,Ⅱ,4.803844614152615,0.1,0.23076923076923078,Ⅱ,4.803844614152615,0.17200000000000001,0.46153846153846156,Ⅲ,8.909804452658621,0.22,0.46153846153846156,Ⅲ,10.076629473115577,0.208,0.6153846153846154,Ⅳ,11.31370849898476,0.3,0.6153846153846154,Ⅳ,13.58732440973515,0.208,0.6153846153846154,Ⅳ,11.31370849898476,0.3,0.6153846153846154,Ⅳ,13.58732440973515
サワフタギ,0.92,0.2692307692307692,Ⅱ,15.738243475442475,0.92,0.2692307692307692,Ⅱ,15.738243475442475,1.98,0.34615384615384615,Ⅱ,26.179851324723277,1.14,0.34615384615384615,Ⅱ,19.8649285076837,1.2,0.34615384615384615,Ⅱ,20.380986614602723,0.88,0.34615384615384615,Ⅱ,17.453234216482187,1.6,0.4230769230769231,Ⅲ,26.017745423519635,1.06,0.4230769230769231,Ⅲ,21.176910503223514,1.6,0.4230769230769231,Ⅲ,26.017745423519635,1.06,0.4230769230769231,Ⅲ,21.176910503223514
タムシバ,0,0,-,0,0,0,-,0,0.02,0.07692307692307693,Ⅰ,1.2403473458920846,0.02,0.07692307692307693,Ⅰ,1.2403473458920846,0.14,0.15384615384615385,Ⅰ,4.6409548089225705,0.14,0.15384615384615385,Ⅰ,4.6409548089225705,0.188,0.23076923076923078,Ⅱ,6.586699885725429,0.2,0.23076923076923078,Ⅱ,6.793662204867575,0.188,0.23076923076923078,Ⅱ,6.586699885725429,0.2,0.23076923076923078,Ⅱ,6.793662204867575
ツノハシバミ,0.3,0.4230769230769231,Ⅲ,11.26601424298216,0.3,0.4230769230769231,Ⅲ,11.26601424298216,0.12,0.2692307692307692,Ⅱ,5.683985600588051,0.12,0.2692307692307692,Ⅱ,5.683985600588051,0.16,0.3076923076923077,Ⅱ,7.0164641544562345,0.2,0.3076923076923077,Ⅱ,7.844645405527361,0.26,0.19230769230769232,Ⅰ,7.0710678118654755,0.26,0.19230769230769232,Ⅰ,7.0710678118654755,0.26,0.19230769230769232,Ⅰ,7.0710678118654755,0.26,0.19230769230769232,Ⅰ,7.0710678118654755
ツリバナ,0,0,-,0,0,0,-,0,0.12,0.19230769230769232,Ⅰ,4.803844614152615,0.12,0.19230769230769232,Ⅰ,4.803844614152615,0.336,0.38461538461538464,Ⅱ,11.367971201176102,0.36,0.38461538461538464,Ⅱ,11.76696810829104,0.224,0.46153846153846156,Ⅲ,10.16782254883588,0.26,0.46153846153846156,Ⅲ,10.954451150103322,0.224,0.46153846153846156,Ⅲ,10.16782254883588,0.26,0.46153846153846156,Ⅲ,10.954451150103322
トチノキ,0.02,0.07692307692307693,Ⅰ,1.2403473458920846,0.02,0.07692307692307693,Ⅰ,1.2403473458920846,0.22,0.4230769230769231,Ⅲ,9.64763821237732,0.22,0.4230769230769231,Ⅲ,9.64763821237732,0.248,0.5769230769230769,Ⅲ,11.961476626107792,0.3,0.5769230769230769,Ⅲ,13.155870289605437,0.23600000000000002,0.6923076923076923,Ⅳ,12.782199160731901,0.34,0.6923076923076923,Ⅳ,15.342249358702764,0.23600000000000002,0.6923076923076923,Ⅳ,12.782199160731901,0.34,0.6923076923076923,Ⅳ,15.342249358702764
ノリウツギ,0.2,0.23076923076923078,Ⅱ,6.793662204867575,0.2,0.23076923076923078,Ⅱ,6.793662204867575,0.32,0.3076923076923077,Ⅱ,9.922778767136677,0.32,0.3076923076923077,Ⅱ,9.922778767136677,0.44,0.4230769230769231,Ⅲ,13.643820804812927,0.44,0.4230769230769231,Ⅲ,13.643820804812927,0.48,0.38461538461538464,Ⅱ,13.58732440973515,0.48,0.38461538461538464,Ⅱ,13.58732440973515,0.48,0.38461538461538464,Ⅱ,13.58732440973515,0.48,0.38461538461538464,Ⅱ,13.58732440973515
ハイイヌガヤ,0.6,0.5,Ⅲ,17.32050807568877,0.6,0.5,Ⅲ,17.32050807568877,2.06,0.5,Ⅲ,32.09361307176243,1.3,0.5,Ⅲ,25.495097567963924,0.596,0.5769230769230769,Ⅲ,18.54308911282459,0.58,0.5769230769230769,Ⅲ,18.292495308606327,1.032,0.6153846153846154,Ⅳ,25.200732590084023,0.9,0.6153846153846154,Ⅳ,23.53393621658208,1.032,0.6153846153846154,Ⅳ,25.200732590084023,0.9,0.6153846153846154,Ⅳ,23.53393621658208
ヒメアオキ,1.44,0.5,Ⅲ,26.832815729997474,1.44,0.5,Ⅲ,26.832815729997474,2.3,0.6153846153846154,Ⅳ,37.62159772503841,1.78,0.6153846153846154,Ⅳ,33.0965952234458,2.34,0.8461538461538461,Ⅴ,44.49719092257397,1.9,0.8461538461538461,Ⅴ,40.09603855360661,2.016,0.8846153846153846,Ⅴ,42.2301387090383,1.74,0.8846153846153846,Ⅴ,39.23303160897421,2.016,0.8846153846153846,Ⅴ,42.2301387090383,1.74,0.8846153846153846,Ⅴ,39.23303160897421
ブナ,3.08,0.6153846153846154,Ⅳ,43.53601515279752,3.08,0.6153846153846154,Ⅳ,43.53601515279752,9.06,0.7692307692307693,Ⅳ,83.481918816177,3.42,0.7692307692307693,Ⅳ,51.29102485590661,6.34,0.9230769230769231,Ⅴ,76.50037707297717,2.82,0.9230769230769231,Ⅴ,51.02035792776176,5.84,1,Ⅴ,76.4198926981712,2.66,1,Ⅴ,51.57518783291051,5.84,1,Ⅴ,76.4198926981712,2.66,1,Ⅴ,51.57518783291051
ホオノキ,0.06,0.11538461538461539,Ⅰ,2.631174057921087,0.06,0.11538461538461539,Ⅰ,2.631174057921087,0.44,0.23076923076923078,Ⅱ,10.076629473115577,0.4,0.23076923076923078,Ⅱ,9.60768922830523,0.84,0.2692307692307692,Ⅱ,15.038412354828088,0.6,0.2692307692307692,Ⅱ,12.709778186044847,0.56,0.34615384615384615,Ⅱ,13.922864426767713,0.48,0.34615384615384615,Ⅱ,12.89006773270979,0.56,0.34615384615384615,Ⅱ,13.922864426767713,0.48,0.34615384615384615,Ⅱ,12.89006773270979
ミズキ,2.66,0.9615384615384616,Ⅴ,50.573632534081504,2.66,0.9615384615384616,Ⅴ,50.573632534081504,0.08,0.15384615384615385,Ⅰ,3.5082320772281173,0.08,0.15384615384615385,Ⅰ,3.5082320772281173,0.128,0.3076923076923077,Ⅱ,6.2757163244218885,0.14,0.3076923076923077,Ⅱ,6.563301233138936,0.3232,0.23076923076923078,Ⅱ,8.636238497437143,0.28,0.23076923076923078,Ⅱ,8.038369524685002,0.3232,0.23076923076923078,Ⅱ,8.636238497437143,0.28,0.23076923076923078,Ⅱ,8.038369524685002
ヤマウルシ,0.22,0.23076923076923078,Ⅱ,7.125253031944252,0.22,0.23076923076923078,Ⅱ,7.125253031944252,1.6,0.6538461538461539,Ⅳ,32.344301602505595,1.44,0.6538461538461539,Ⅳ,30.68449871740553,1.66,0.7307692307692307,Ⅳ,34.829253840369915,1.38,0.7307692307692307,Ⅳ,31.756283448500994,1.74,0.7307692307692307,Ⅳ,35.65863796527373,1.36,0.7307692307692307,Ⅳ,31.5253255946097,1.74,0.7307692307692307,Ⅳ,35.65863796527373,1.36,0.7307692307692307,Ⅳ,31.5253255946097
コカンスゲ,4.12,0.9230769230769231,Ⅴ,61.66909212139355,4.12,0.9230769230769231,Ⅴ,61.66909212139355,0,0,-,0,0,0,-,0,0.04,0.07692307692307693,Ⅰ,1.7541160386140586,0.04,0.07692307692307693,Ⅰ,1.7541160386140586,0,0,-,0,0,0,-,0,0,0,-,0,0,0,-,0
シノブカグマ,0,0,-,0,0,0,-,0,0.06,0.15384615384615385,Ⅰ,3.038218101251,0.06,0.15384615384615385,Ⅰ,3.038218101251,0.12,0.23076923076923078,Ⅱ,5.262348115842174,0.12,0.23076923076923078,Ⅱ,5.262348115842174,0.06,0.07692307692307693,Ⅰ,2.1483446221182985,0.04,0.07692307692307693,Ⅰ,1.7541160386140586,0.06,0.07692307692307693,Ⅰ,2.1483446221182985,0.04,0.07692307692307693,Ⅰ,1.7541160386140586
シラネワラビ,5.36,1,Ⅴ,73.2120208708925,5.36,1,Ⅴ,73.2120208708925,16.52,0.9615384615384616,Ⅴ,126.03418339726483,5.16,0.9615384615384616,Ⅴ,70.43818894277778,20.9,1,Ⅴ,144.5683229480096,5.38,1,Ⅴ,73.34848328356898,22.44,1,Ⅴ,149.79986648859204,5.6,1,Ⅴ,74.83314773547882,22.44,1,Ⅴ,149.79986648859204,5.6,1,Ⅴ,74.83314773547882
チゴユリ,0.62,0.5,Ⅲ,17.60681686165901,0.62,0.5,Ⅲ,17.60681686165901,0.84,0.5,Ⅲ,20.493901531919192,0.68,0.5,Ⅲ,18.439088914585774,0.34,0.5384615384615384,Ⅲ,13.530592118489238,0.34,0.5384615384615384,Ⅲ,13.530592118489238,0.48,0.6153846153846154,Ⅳ,17.186756976946388,0.5,0.6153846153846154,Ⅳ,17.541160386140582,0.48,0.6153846153846154,Ⅳ,17.186756976946388,0.5,0.6153846153846154,Ⅳ,17.541160386140582
ツルアリドオシ,0.78,0.6538461538461539,Ⅳ,22.583179581272425,0.78,0.6538461538461539,Ⅳ,22.583179581272425,1.72,0.5769230769230769,Ⅲ,31.500915737605023,1.32,0.5769230769230769,Ⅲ,27.59598633023399,0.332,0.5,Ⅲ,12.884098726725126,0.36,0.5,Ⅲ,13.416407864998737,0.456,0.5769230769230769,Ⅲ,16.219646206897455,0.46,0.5769230769230769,Ⅲ,16.290629680421052,0.456,0.5769230769230769,Ⅲ,16.219646206897455,0.46,0.5769230769230769,Ⅲ,16.290629680421052
ツルリンドウ,0,0,-,0,0,0,-,0,0.12,0.2692307692307692,Ⅱ,5.683985600588051,0.12,0.2692307692307692,Ⅱ,5.683985600588051,0.1,0.19230769230769232,Ⅰ,4.385290096535146,0.1,0.19230769230769232,Ⅰ,4.385290096535146,0.052,0.19230769230769232,Ⅰ,3.162277660168379,0.08,0.19230769230769232,Ⅰ,3.9223227027636804,0.052,0.19230769230769232,Ⅰ,3.162277660168379,0.08,0.19230769230769232,Ⅰ,3.9223227027636804
ヒメカンアオイ,0.32,0.2692307692307692,Ⅱ,9.281909617845141,0.32,0.2692307692307692,Ⅱ,9.281909617845141,0.28,0.19230769230769232,Ⅰ,7.337993857053428,0.24,0.19230769230769232,Ⅰ,6.793662204867575,0.32,0.3076923076923077,Ⅱ,9.922778767136677,0.32,0.3076923076923077,Ⅱ,9.922778767136677,0.26,0.3076923076923077,Ⅱ,8.94427190999916,0.24,0.3076923076923077,Ⅱ,8.593378488473194,0.26,0.3076923076923077,Ⅱ,8.94427190999916,0.24,0.3076923076923077,Ⅱ,8.593378488473194
ヒメモチ,0.34,0.23076923076923078,Ⅱ,8.857851797221404,0.34,0.23076923076923078,Ⅱ,8.857851797221404,0.7,0.5384615384615384,Ⅲ,19.414506867883016,0.7,0.5384615384615384,Ⅲ,19.414506867883016,0.78,0.9615384615384616,Ⅴ,27.386127875258303,0.84,0.9615384615384616,Ⅴ,28.419928002940257,1.256,0.9615384615384616,Ⅴ,34.751867686389275,0.94,0.9615384615384616,Ⅴ,30.064034224404313,1.256,0.9615384615384616,Ⅴ,34.751867686389275,0.94,0.9615384615384616,Ⅴ,30.064034224404313
ミヤマウズラ,0,0,-,0,0,0,-,0,0.14,0.3076923076923077,Ⅱ,6.563301233138936,0.14,0.3076923076923077,Ⅱ,6.563301233138936,0.148,0.2692307692307692,Ⅱ,6.312380996593427,0.16,0.2692307692307692,Ⅱ,6.563301233138936,0.032,0.15384615384615385,Ⅰ,2.218800784900916,0.06,0.15384615384615385,Ⅰ,3.038218101251,0.032,0.15384615384615385,Ⅰ,2.218800784900916,0.06,0.15384615384615385,Ⅰ,3.038218101251
ミヤマカンスゲ,0,0,-,0,0,0,-,0,10.28,1,Ⅴ,101.3903348450926,4.76,1,Ⅴ,68.99275324264136,11.92,1,Ⅴ,109.17875251164944,4.64,1,Ⅴ,68.1175454637056,8.62,1,Ⅴ,92.84395510748128,4.2,1,Ⅴ,64.8074069840786,8.62,1,Ⅴ,92.84395510748128,4.2,1,Ⅴ,64.8074069840786
ヤマソテツ,2.78,0.9615384615384616,Ⅴ,51.70180773509687,2.78,0.9615384615384616,Ⅴ,51.70180773509687,3.46,1,Ⅴ,58.82176467941097,2.74,1,Ⅴ,52.3450093132096,4.28,1,Ⅴ,65.4217089351845,3.16,1,Ⅴ,56.21387729022078,5.4,1,Ⅴ,73.48469228349533,3.26,1,Ⅴ,57.09640969448078,5.4,1,Ⅴ,73.48469228349533,3.26,1,Ⅴ,57.09640969448078
ヤマトユキザサ,0,0,-,0,0,0,-,0,0.1,0.11538461538461539,Ⅰ,3.3968311024337874,0.1,0.11538461538461539,Ⅰ,3.3968311024337874,0.02,0.07692307692307693,Ⅰ,1.2403473458920846,0.02,0.07692307692307693,Ⅰ,1.2403473458920846,0.02,0.07692307692307693,Ⅰ,1.2403473458920846,0.02,0.07692307692307693,Ⅰ,1.2403473458920846,0.02,0.07692307692307693,Ⅰ,1.2403473458920846,0.02,0.07692307692307693,Ⅰ,1.2403473458920846
ユキザサ,2,1,Ⅴ,44.721359549995796,2,1,Ⅴ,44.721359549995796,2.32,0.9230769230769231,Ⅴ,46.27675941051255,1.96,0.9230769230769231,Ⅴ,42.53505341751399,0.708,0.8461538461538461,Ⅴ,24.476047946450073,0.74,0.8461538461538461,Ⅴ,25.023066282009605,0.548,0.9230769230769231,Ⅴ,22.491023850553223,0.6,0.9230769230769231,Ⅴ,23.53393621658208,0.548,0.9230769230769231,Ⅴ,22.491023850553223,0.6,0.9230769230769231,Ⅴ,23.53393621658208
チシマザサ,7.96,1,Ⅴ,89.21883209278184,7.96,1,Ⅴ,89.21883209278184,45.22,0.9615384615384616,Ⅴ,208.52042880919183,6.94,0.9615384615384616,Ⅴ,81.68890330440802,19.88,0.9615384615384616,Ⅴ,138.25839799225437,5.52,0.9615384615384616,Ⅴ,72.85391072339429,17.04,1,Ⅴ,130.53735097664574,5.4,1,Ⅴ,73.48469228349533,17.04,1,Ⅴ,130.53735097664574,5.4,1,Ⅴ,73.48469228349533
クロウスゴ,0,0,-,0,0,0,-,0,0,0,-,0,0,0,-,0,0.02,0.07692307692307693,Ⅰ,1.2403473458920846,0.02,0.07692307692307693,Ⅰ,1.2403473458920846,0.02,0.07692307692307693,Ⅰ,1.2403473458920846,0.02,0.07692307692307693,Ⅰ,1.2403473458920846,0.02,0.07692307692307693,Ⅰ,1.2403473458920846,0.02,0.07692307692307693,Ⅰ,1.2403473458920846
ナナカマド,0.02,0.07692307692307693,Ⅰ,1.2403473458920846,0.02,0.07692307692307693,Ⅰ,1.2403473458920846,0.26,0.4230769230769231,Ⅲ,10.488088481701514,0.26,0.4230769230769231,Ⅲ,10.488088481701514,0.34,0.4230769230769231,Ⅲ,11.99358803053339,0.38,0.4230769230769231,Ⅲ,12.679480697932023,0.476,0.46153846153846156,Ⅲ,14.822021039396336,0.5,0.46153846153846156,Ⅲ,15.191090506255,0.476,0.46153846153846156,Ⅲ,14.822021039396336,0.5,0.46153846153846156,Ⅲ,15.191090506255
ハウチワカエデ,0.02,0.07692307692307693,Ⅰ,1.2403473458920846,0.02,0.07692307692307693,Ⅰ,1.2403473458920846,1.9,0.4230769230769231,Ⅲ,28.35218075997248,1.26,0.4230769230769231,Ⅲ,23.08845865528756,1.724,0.5769230769230769,Ⅲ,31.537523438205866,1.3,0.5769230769230769,Ⅲ,27.386127875258303,1.232,0.6923076923076923,Ⅳ,29.204846805334842,1.14,0.6923076923076923,Ⅳ,28.093251311138218,1.232,0.6923076923076923,Ⅳ,29.204846805334842,1.14,0.6923076923076923,Ⅳ,28.093251311138218
マユミ,1.74,0.5769230769230769,Ⅲ,31.683531271721492,1.74,0.5769230769230769,Ⅲ,31.683531271721492,0,0,-,0,0,0,-,0,0,0,-,0,0,0,-,0,0.024,0.11538461538461539,Ⅰ,1.6641005886756872,0.04,0.11538461538461539,Ⅰ,2.1483446221182985,0.024,0.11538461538461539,Ⅰ,1.6641005886756872,0.04,0.11538461538461539,Ⅰ,2.1483446221182985
イワカガミ,0.32,0.23076923076923078,Ⅱ,8.593378488473194,0.32,0.23076923076923078,Ⅱ,8.593378488473194,0,0,-,0,0,0,-,0,0.02,0.07692307692307693,Ⅰ,1.2403473458920846,0.02,0.07692307692307693,Ⅰ,1.2403473458920846,0,0,-,0,0,0,-,0,0,0,-,0,0,0,-,0
ウメガサソウ,0,0,-,0,0,0,-,0,0.02,0.07692307692307693,Ⅰ,1.2403473458920846,0.02,0.07692307692307693,Ⅰ,1.2403473458920846,0,0,-,0,0,0,-,0,0,0,-,0,0,0,-,0,0,0,-,0,0,0,-,0
エンレイソウ,0,0,-,0,0,0,-,0,0.06,0.15384615384615385,Ⅰ,3.038218101251,0.06,0.15384615384615385,Ⅰ,3.038218101251,0.02,0.07692307692307693,Ⅰ,1.2403473458920846,0.02,0.07692307692307693,Ⅰ,1.2403473458920846,0.076,0.2692307692307692,Ⅱ,4.523443208612048,0.12,0.2692307692307692,Ⅱ,5.683985600588051,0.076,0.2692307692307692,Ⅱ,4.523443208612048,0.12,0.2692307692307692,Ⅱ,5.683985600588051
オシダ,0.04,0.11538461538461539,Ⅰ,2.1483446221182985,0.04,0.11538461538461539,Ⅰ,2.1483446221182985,0.24,0.3076923076923077,Ⅱ,8.593378488473194,0.24,0.3076923076923077,Ⅱ,8.593378488473194,0.2,0.2692307692307692,Ⅱ,7.337993857053427,0.2,0.2692307692307692,Ⅱ,7.337993857053427,0.148,0.2692307692307692,Ⅱ,6.312380996593427,0.16,0.2692307692307692,Ⅱ,6.563301233138936,0.148,0.2692307692307692,Ⅱ,6.312380996593427,0.16,0.2692307692307692,Ⅱ,6.563301233138936
サワダツ,0,0,-,0,0,0,-,0,0,0,-,0,0,0,-,0,0.08,0.19230769230769232,Ⅰ,3.9223227027636804,0.08,0.19230769230769232,Ⅰ,3.9223227027636804,0.02,0.07692307692307693,Ⅰ,1.2403473458920846,0.02,0.07692307692307693,Ⅰ,1.2403473458920846,0.02,0.07692307692307693,Ⅰ,1.2403473458920846,0.02,0.07692307692307693,Ⅰ,1.2403473458920846
タケシマラン,0,0,-,0,0,0,-,0,0.18,0.3076923076923077,Ⅱ,7.442084075352507,0.18,0.3076923076923077,Ⅱ,7.442084075352507,0.096,0.34615384615384615,Ⅱ,5.764613536983137,0.16,0.34615384615384615,Ⅱ,7.442084075352507,0.104,0.2692307692307692,Ⅱ,5.2915026221291805,0.12,0.2692307692307692,Ⅱ,5.683985600588051,0.104,0.2692307692307692,Ⅱ,5.2915026221291805,0.12,0.2692307692307692,Ⅱ,5.683985600588051
タチシオデ,0.08,0.19230769230769232,Ⅰ,3.9223227027636804,0.08,0.19230769230769232,Ⅰ,3.9223227027636804,0.16,0.34615384615384615,Ⅱ,7.442084075352507,0.16,0.34615384615384615,Ⅱ,7.442084075352507,0.036000000000000004,0.19230769230769232,Ⅰ,2.631174057921087,0.08,0.19230769230769232,Ⅰ,3.9223227027636804,0.088,0.3076923076923077,Ⅱ,5.203549084703926,0.14,0.3076923076923077,Ⅱ,6.563301233138936,0.088,0.3076923076923077,Ⅱ,5.203549084703926,0.14,0.3076923076923077,Ⅱ,6.563301233138936
タニギキョウ,0.14,0.15384615384615385,Ⅰ,4.6409548089225705,0.14,0.15384615384615385,Ⅰ,4.6409548089225705,0.16,0.3076923076923077,Ⅱ,7.0164641544562345,0.16,0.3076923076923077,Ⅱ,7.0164641544562345,0.084,0.23076923076923078,Ⅱ,4.402796314232057,0.1,0.23076923076923078,Ⅱ,4.803844614152615,0.072,0.23076923076923078,Ⅱ,4.076197322920544,0.1,0.23076923076923078,Ⅱ,4.803844614152615,0.072,0.23076923076923078,Ⅱ,4.076197322920544,0.1,0.23076923076923078,Ⅱ,4.803844614152615
ハイイヌツゲ,0.66,0.7307692307692307,Ⅳ,21.96150478240715,0.66,0.7307692307692307,Ⅳ,21.96150478240715,0.44,0.38461538461538464,Ⅱ,13.008872711759818,0.4,0.38461538461538464,Ⅱ,12.403473458920846,0.196,0.2692307692307692,Ⅱ,7.264243303278791,0.22,0.2692307692307692,Ⅱ,7.696152885095853,0.252,0.3076923076923077,Ⅱ,8.805592628464114,0.28,0.3076923076923077,Ⅱ,9.281909617845141,0.252,0.3076923076923077,Ⅱ,8.805592628464114,0.28,0.3076923076923077,Ⅱ,9.281909617845141
ホウチャクソウ,0.16,0.2692307692307692,Ⅱ,6.563301233138936,0.16,0.2692307692307692,Ⅱ,6.563301233138936,0,0,-,0,0,0,-,0,0,0,-,0,0,0,-,0,0.02,0.07692307692307693,Ⅰ,1.2403473458920846,0.02,0.07692307692307693,Ⅰ,1.2403473458920846,0.02,0.07692307692307693,Ⅰ,1.2403473458920846,0.02,0.07692307692307693,Ⅰ,1.2403473458920846
ツクバネソウ,0.08,0.19230769230769232,Ⅰ,3.9223227027636804,0.08,0.19230769230769232,Ⅰ,3.9223227027636804,0.08,0.19230769230769232,Ⅰ,3.9223227027636804,0.08,0.19230769230769232,Ⅰ,3.9223227027636804,0.024,0.11538461538461539,Ⅰ,1.6641005886756872,0.04,0.11538461538461539,Ⅰ,2.1483446221182985,0.032,0.15384615384615385,Ⅰ,2.218800784900916,0.06,0.15384615384615385,Ⅰ,3.038218101251,0.032,0.15384615384615385,Ⅰ,2.218800784900916,0.06,0.15384615384615385,Ⅰ,3.038218101251
ホソバナライシダ,0,0,-,0,0,0,-,0,0.82,0.4230769230769231,Ⅲ,18.62587117219157,0.74,0.4230769230769231,Ⅲ,17.69397985408944,0.34,0.38461538461538464,Ⅱ,11.435437497937313,0.34,0.38461538461538464,Ⅱ,11.435437497937313,0.1,0.19230769230769232,Ⅰ,4.385290096535146,0.1,0.19230769230769232,Ⅰ,4.385290096535146,0.1,0.19230769230769232,Ⅰ,4.385290096535146,0.1,0.19230769230769232,Ⅰ,4.385290096535146
マイヅルソウ,0,0,-,0,0,0,-,0,0.08,0.19230769230769232,Ⅰ,3.9223227027636804,0.08,0.19230769230769232,Ⅰ,3.9223227027636804,0.04,0.11538461538461539,Ⅰ,2.1483446221182985,0.04,0.11538461538461539,Ⅰ,2.1483446221182985,0,0,-,0,0,0,-,0,0,0,-,0,0,0,-,0
ミヤマシキミ,0,0,-,0,0,0,-,0,0.2,0.2692307692307692,Ⅱ,7.337993857053427,0.2,0.2692307692307692,Ⅱ,7.337993857053427,0,0,-,0,0,0,-,0,0,0,-,0,0,0,-,0,0,0,-,0,0,0,-,0
エゾユズリハ,0.02,0.07692307692307693,Ⅰ,1.2403473458920846,0.02,0.07692307692307693,Ⅰ,1.2403473458920846,0.02,0.07692307692307693,Ⅰ,1.2403473458920846,0.02,0.07692307692307693,Ⅰ,1.2403473458920846,0.08,0.11538461538461539,Ⅰ,3.038218101251,0.08,0.11538461538461539,Ⅰ,3.038218101251,0.08,0.07692307692307693,Ⅰ,2.4806946917841692,0.08,0.07692307692307693,Ⅰ,2.4806946917841692,0.08,0.07692307692307693,Ⅰ,2.4806946917841692,0.08,0.07692307692307693,Ⅰ,2.4806946917841692
ヤマイヌワラビ,0,0,-,0,0,0,-,0,0.28,0.5769230769230769,Ⅲ,12.70977818604485,0.28,0.5769230769230769,Ⅲ,12.70977818604485,0.256,0.4230769230769231,Ⅲ,10.407098169407853,0.28,0.4230769230769231,Ⅲ,10.88400378819938,0.244,0.5,Ⅲ,11.045361017187261,0.3,0.5,Ⅲ,12.24744871391589,0.244,0.5,Ⅲ,11.045361017187261,0.3,0.5,Ⅲ,12.24744871391589
タニウツギ,0,0,-,0,0,0,-,0,0.08,0.07692307692307693,Ⅰ,2.4806946917841692,0.08,0.07692307692307693,Ⅰ,2.4806946917841692,0.2,0.11538461538461539,Ⅰ,4.803844614152615,0.2,0.11538461538461539,Ⅰ,4.803844614152615,0.02,0.07692307692307693,Ⅰ,1.2403473458920846,0.02,0.07692307692307693,Ⅰ,1.2403473458920846,0.02,0.07692307692307693,Ⅰ,1.2403473458920846,0.02,0.07692307692307693,Ⅰ,1.2403473458920846
ギンリョウソウ,0,0,-,0,0,0,-,0,0.02,0.07692307692307693,Ⅰ,1.2403473458920846,0.02,0.07692307692307693,Ⅰ,1.2403473458920846,0.02,0.07692307692307693,Ⅰ,1.2403473458920846,0.02,0.07692307692307693,Ⅰ,1.2403473458920846,0.02,0.07692307692307693,Ⅰ,1.2403473458920846,0.02,0.07692307692307693,Ⅰ,1.2403473458920846,0.02,0.07692307692307693,Ⅰ,1.2403473458920846,0.02,0.07692307692307693,Ⅰ,1.2403473458920846
トチバニンジン,0,0,-,0,0,0,-,0,0.06,0.15384615384615385,Ⅰ,3.038218101251,0.06,0.15384615384615385,Ⅰ,3.038218101251,0.008,0.07692307692307693,Ⅰ,0.7844645405527361,0.02,0.07692307692307693,Ⅰ,1.2403473458920846,0.028,0.11538461538461539,Ⅰ,1.797434068545834,0.04,0.11538461538461539,Ⅰ,2.1483446221182985,0.028,0.11538461538461539,Ⅰ,1.797434068545834,0.04,0.11538461538461539,Ⅰ,2.1483446221182985
ヒロハユキザサ,0,0,-,0,0,0,-,0,0,0,-,0,0,0,-,0,0.06,0.15384615384615385,Ⅰ,3.038218101251,0.06,0.15384615384615385,Ⅰ,3.038218101251,0.04,0.11538461538461539,Ⅰ,2.1483446221182985,0.04,0.11538461538461539,Ⅰ,2.1483446221182985,0.04,0.11538461538461539,Ⅰ,2.1483446221182985,0.04,0.11538461538461539,Ⅰ,2.1483446221182985
ミヤマイタチシダ,0,0,-,0,0,0,-,0,0,0,-,0,0,0,-,0,0,0,-,0,0,0,-,0,0.04,0.11538461538461539,Ⅰ,2.1483446221182985,0.04,0.11538461538461539,Ⅰ,2.1483446221182985,0.04,0.11538461538461539,Ⅰ,2.1483446221182985,0.04,0.11538461538461539,Ⅰ,2.1483446221182985
サンカヨウ,0,0,-,0,0,0,-,0,0.02,0.07692307692307693,Ⅰ,1.2403473458920846,0.02,0.07692307692307693,Ⅰ,1.2403473458920846,0,0,-,0,0,0,-,0,0.02,0.07692307692307693,Ⅰ,1.2403473458920846,0.02,0.07692307692307693,Ⅰ,1.2403473458920846,0.02,0.07692307692307693,Ⅰ,1.2403473458920846,0.02,0.07692307692307693,Ⅰ,1.2403473458920846
オオイタヤメイゲツ,0,0,-,0,0,0,-,0,0,0,-,0,0,0,-,0,0.28,0.15384615384615385,Ⅰ,6.563301233138936,0.24,0.15384615384615385,Ⅰ,6.076436202502,0,0,-,0,0,0,-,0,0,0,-,0,0,0,-,0
クサアジサイ,0.06,0.11538461538461539,Ⅰ,2.631174057921087,0.06,0.11538461538461539,Ⅰ,2.631174057921087,0.56,0.15384615384615385,Ⅰ,9.281909617845141,0.36,0.15384615384615385,Ⅰ,7.442084075352507,0.02,0.07692307692307693,Ⅰ,1.2403473458920846,0.02,0.07692307692307693,Ⅰ,1.2403473458920846,0,0,-,0,0,0,-,0,0,0,-,0,0,0,-,0
ヤマモミジ,0,0,-,0,0,0,-,0,0.46,0.19230769230769232,Ⅰ,9.405399431259603,0.38,0.19230769230769232,Ⅰ,8.548504142651103,0.372,0.3076923076923077,Ⅱ,10.698669938900744,0.38,0.3076923076923077,Ⅱ,10.813097471264971,0.416,0.2692307692307692,Ⅱ,10.583005244258361,0.42,0.2692307692307692,Ⅱ,10.633763354378498,0.416,0.2692307692307692,Ⅱ,10.583005244258361,0.42,0.2692307692307692,Ⅱ,10.633763354378498
ウド,0,0,-,0,0,0,-,0,0.02,0.07692307692307693,Ⅰ,1.2403473458920846,0.02,0.07692307692307693,Ⅰ,1.2403473458920846,0,0,-,0,0,0,-,0,0,0,-,0,0,0,-,0,0,0,-,0,0,0,-,0
ヤマドリゼンマイ,0.02,0.07692307692307693,Ⅰ,1.2403473458920846,0.02,0.07692307692307693,Ⅰ,1.2403473458920846,0.02,0.07692307692307693,Ⅰ,1.2403473458920846,0.02,0.07692307692307693,Ⅰ,1.2403473458920846,0.02,0.07692307692307693,Ⅰ,1.2403473458920846,0.02,0.07692307692307693,Ⅰ,1.2403473458920846,0.112,0.19230769230769232,Ⅰ,4.6409548089225705,0.12,0.19230769230769232,Ⅰ,4.803844614152615,0.112,0.19230769230769232,Ⅰ,4.6409548089225705,0.12,0.19230769230769232,Ⅰ,4.803844614152615
アクシバ,0,0,-,0,0,0,-,0,0,0,-,0,0,0,-,0,0.04,0.07692307692307693,Ⅰ,1.7541160386140586,0.04,0.07692307692307693,Ⅰ,1.7541160386140586,0.08,0.07692307692307693,Ⅰ,2.4806946917841692,0.08,0.07692307692307693,Ⅰ,2.4806946917841692,0.08,0.07692307692307693,Ⅰ,2.4806946917841692,0.08,0.07692307692307693,Ⅰ,2.4806946917841692
スノキ,0,0,-,0,0,0,-,0,0.04,0.07692307692307693,Ⅰ,1.7541160386140586,0.04,0.07692307692307693,Ⅰ,1.7541160386140586,0.04,0.07692307692307693,Ⅰ,1.7541160386140586,0.04,0.07692307692307693,Ⅰ,1.7541160386140586,0,0,-,0,0,0,-,0,0,0,-,0,0,0,-,0
カメバヒキオコシ,0.14,0.19230769230769232,Ⅰ,5.188745216627709,0.14,0.19230769230769232,Ⅰ,5.188745216627709,0.1,0.19230769230769232,Ⅰ,4.385290096535146,0.1,0.19230769230769232,Ⅰ,4.385290096535146,0.148,0.23076923076923078,Ⅱ,5.844129204068486,0.16,0.23076923076923078,Ⅱ,6.076436202502,0.228,0.23076923076923078,Ⅱ,7.253646297923867,0.24,0.23076923076923078,Ⅱ,7.442084075352507,0.228,0.23076923076923078,Ⅱ,7.253646297923867,0.24,0.23076923076923078,Ⅱ,7.442084075352507
シラネアオイ,0,0,-,0,0,0,-,0,0.72,0.07692307692307693,Ⅰ,7.442084075352507,0.2,0.07692307692307693,Ⅰ,3.9223227027636804,0.2,0.07692307692307693,Ⅰ,3.9223227027636804,0.16,0.07692307692307693,Ⅰ,3.5082320772281173,0.004,0.07692307692307693,Ⅰ,0.554700196225229,0.02,0.07692307692307693,Ⅰ,1.2403473458920846,0.004,0.07692307692307693,Ⅰ,0.554700196225229,0.02,0.07692307692307693,Ⅰ,1.2403473458920846
ジュウモンジシダ,0,0,-,0,0,0,-,0,0.02,0.07692307692307693,Ⅰ,1.2403473458920846,0.02,0.07692307692307693,Ⅰ,1.2403473458920846,0.02,0.07692307692307693,Ⅰ,1.2403473458920846,0.02,0.07692307692307693,Ⅰ,1.2403473458920846,0,0,-,0,0,0,-,0,0,0,-,0,0,0,-,0
サカゲイノデ,0,0,-,0,0,0,-,0,0.04,0.11538461538461539,Ⅰ,2.1483446221182985,0.04,0.11538461538461539,Ⅰ,2.1483446221182985,0.08,0.07692307692307693,Ⅰ,2.4806946917841692,0.08,0.07692307692307693,Ⅰ,2.4806946917841692,0.02,0.07692307692307693,Ⅰ,1.2403473458920846,0.02,0.07692307692307693,Ⅰ,1.2403473458920846,0.02,0.07692307692307693,Ⅰ,1.2403473458920846,0.02,0.07692307692307693,Ⅰ,1.2403473458920846
サラシナショウマ,0,0,-,0,0,0,-,0,0.02,0.07692307692307693,Ⅰ,1.2403473458920846,0.02,0.07692307692307693,Ⅰ,1.2403473458920846,0,0,-,0,0,0,-,0,0,0,-,0,0,0,-,0,0,0,-,0,0,0,-,0
テンニンソウ,0,0,-,0,0,0,-,0,0,0,-,0,0,0,-,0,0.46,0.15384615384615385,Ⅰ,8.412444993533732,0.3,0.15384615384615385,Ⅰ,6.793662204867575,0.432,0.19230769230769232,Ⅰ,9.114654303752998,0.32,0.19230769230769232,Ⅰ,7.844645405527361,0.432,0.19230769230769232,Ⅰ,9.114654303752998,0.32,0.19230769230769232,Ⅰ,7.844645405527361
ヤマアジサイ,0,0,-,0,0,0,-,0,0.02,0.07692307692307693,Ⅰ,1.2403473458920846,0.02,0.07692307692307693,Ⅰ,1.2403473458920846,0.02,0.07692307692307693,Ⅰ,1.2403473458920846,0.02,0.07692307692307693,Ⅰ,1.2403473458920846,0.008,0.07692307692307693,Ⅰ,0.7844645405527361,0.02,0.07692307692307693,Ⅰ,1.2403473458920846,0.008,0.07692307692307693,Ⅰ,0.7844645405527361,0.02,0.07692307692307693,Ⅰ,1.2403473458920846
ミヤマイボタ,0,0,-,0,0,0,-,0,0.02,0.07692307692307693,Ⅰ,1.2403473458920846,0.02,0.07692307692307693,Ⅰ,1.2403473458920846,0.02,0.07692307692307693,Ⅰ,1.2403473458920846,0.02,0.07692307692307693,Ⅰ,1.2403473458920846,0.008,0.07692307692307693,Ⅰ,0.7844645405527361,0.02,0.07692307692307693,Ⅰ,1.2403473458920846,0.008,0.07692307692307693,Ⅰ,0.7844645405527361,0.02,0.07692307692307693,Ⅰ,1.2403473458920846
アカミノルイヨウショウマ,0.04,0.11538461538461539,Ⅰ,2.1483446221182985,0.04,0.11538461538461539,Ⅰ,2.1483446221182985,0,0,-,0,0,0,-,0,0,0,-,0,0,0,-,0,0,0,-,0,0,0,-,0,0,0,-,0,0,0,-,0
イボタノキ,0,0,-,0,0,0,-,0,0,0,-,0,0,0,-,0,0.008,0.07692307692307693,Ⅰ,0.7844645405527361,0.02,0.07692307692307693,Ⅰ,1.2403473458920846,0.012,0.07692307692307693,Ⅰ,0.9607689228305228,0.02,0.07692307692307693,Ⅰ,1.2403473458920846,0.012,0.07692307692307693,Ⅰ,0.9607689228305228,0.02,0.07692307692307693,Ⅰ,1.2403473458920846
ヒロバスゲ,0,0,-,0,0,0,-,0,0,0,-,0,0,0,-,0,0.004,0.07692307692307693,Ⅰ,0.554700196225229,0.02,0.07692307692307693,Ⅰ,1.2403473458920846,0,0,-,0,0,0,-,0,0,0,-,0,0,0,-,0
スミレサイシン,0,0,-,0,0,0,-,0,0,0,-,0,0,0,-,0,0.004,0.07692307692307693,Ⅰ,0.554700196225229,0.02,0.07692307692307693,Ⅰ,1.2403473458920846,0.004,0.07692307692307693,Ⅰ,0.554700196225229,0.02,0.07692307692307693,Ⅰ,1.2403473458920846,0.004,0.07692307692307693,Ⅰ,0.554700196225229,0.02,0.07692307692307693,Ⅰ,1.2403473458920846
タカノツメ,0,0,-,0,0,0,-,0,0,0,-,0,0,0,-,0,0.004,0.07692307692307693,Ⅰ,0.554700196225229,0.02,0.07692307692307693,Ⅰ,1.2403473458920846,0,0,-,0,0,0,-,0,0,0,-,0,0,0,-,0
クルマバソウ,0,0,-,0,0,0,-,0,0.02,0.07692307692307693,Ⅰ,1.2403473458920846,0.02,0.07692307692307693,Ⅰ,1.2403473458920846,0,0,-,0,0,0,-,0,0,0,-,0,0,0,-,0,0,0,-,0,0,0,-,0
クルマバハグマ,0,0,-,0,0,0,-,0,0,0,-,0,0,0,-,0,0.02,0.07692307692307693,Ⅰ,1.2403473458920846,0.02,0.07692307692307693,Ⅰ,1.2403473458920846,0.02,0.07692307692307693,Ⅰ,1.2403473458920846,0.02,0.07692307692307693,Ⅰ,1.2403473458920846,0.02,0.07692307692307693,Ⅰ,1.2403473458920846,0.02,0.07692307692307693,Ⅰ,1.2403473458920846
ハリギリ,0,0,-,0,0,0,-,0,0.24,0.07692307692307693,Ⅰ,4.296689244236597,0.16,0.07692307692307693,Ⅰ,3.5082320772281173,0,0,-,0,0,0,-,0,0,0,-,0,0,0,-,0,0,0,-,0,0,0,-,0
